商品ID,标题,风险等级,风险类型,销量,日增量,池,店铺ID,店铺名,发现时间,来源,品类,是否今日新发现
69fcc48ba823a600016105e1,【古法草本】大小基数贴试用装｜ 月半月半  氵显气重,medium,商品已下架/冻结,226000,0.0,WATCH,,,2026-06-18 14:48:17,web_full,,1
685cac7e3970ba00011666b4,随机花材普快基地直发售后无忧,medium,商品已下架/冻结,202000,0.0,WATCH,6852f4b50d9f880015a5ebf2,长花原野的店,2026-06-18 14:48:24,web_full,,1
66a90d2cdf61610001571faa,幸运系列大桔大利柑橘苹果草莓自然干净清新好闻香氛喷雾,medium,商品已下架/冻结,133000,0.0,WATCH,,,2026-06-18 14:56:56,web_full,,1
66a90d2cdf61610001571fa7,幸运系列大桔大利柑橘苹果草莓自然干净清新好闻香氛喷雾,medium,商品已下架/冻结,133000,0.0,WATCH,,,2026-06-18 14:56:57,web_full,,1
67177cbe0345b60001d02421,10天背完3000英语单词 正版 学生英语单词分类速记超图解,medium,商品已下架/冻结,106000,0.0,WATCH,671657b2463e7a0015f43061,文澜书院的店,2026-06-18 15:00:29,web_full,,1
68623cb747fd8b000169102c,六只兔子·内衣女小胸聚拢显大无痕收副乳无钢圈舒适防下垂文胸罩女,medium,商品已下架/冻结,93000,0.0,WATCH,629f32aff233e70001565d41,六只兔子旗舰店,2026-06-18 15:01:32,web_full,,1
685ba1ec835e2500013e066b,龙叔·踩数字玩法·保底奇萌ssr sr（随机发）·未成年禁止下单,medium,商品已下架/冻结,85000,0.0,WATCH,,,2026-06-18 15:05:51,web_full,,1
65aa1a243fe1550001e238e7,貂貂果园正宗烟台王林苹果 维纳斯苹果 高山红苹果 爱香妃 明月,medium,商品已下架/冻结,79000,0.0,WATCH,,,2026-06-18 15:09:04,web_full,,1
6895b92e99631f0001252885,文件收纳袋 (不包含娃)未成年人禁止下单,medium,商品已下架/冻结,65000,0.0,WATCH,66a9c81f0c476100152d648f,清仓潮玩（收娃&接寄拍）的店,2026-06-18 15:11:59,web_full,,1
687dfc92e53c1000152e4388,泰香了！泰式芍药盛开晨曦香氛喷雾女持久留香清新空气芳香剂正品,medium,商品已下架/冻结,61000,0.0,WATCH,,,2026-06-18 15:12:28,web_full,,1
68831eb80e13d50001afe007,泰香了！泰式芍药盛开晨曦香氛喷雾女持久留香清新空气芳香剂正品,medium,商品已下架/冻结,61000,0.0,NEW,,,2026-06-18 15:12:28,web_full,,1
687dfc92e53c1000152e438c,泰香了！泰式芍药盛开晨曦香氛喷雾女持久留香清新空气芳香剂正品,medium,商品已下架/冻结,61000,0.0,NEW,,,2026-06-18 15:12:28,web_full,,1
69ef855e6eeaf70001398a68,泰香了！泰式芍药盛开晨曦香氛喷雾女持久留香清新空气芳香剂正品,medium,商品已下架/冻结,61000,0.0,NEW,,,2026-06-18 15:12:28,web_full,,1
687dfc92e53c1000152e4390,泰香了！泰式芍药盛开晨曦香氛喷雾女持久留香清新空气芳香剂正品,medium,商品已下架/冻结,61000,0.0,WATCH,,,2026-06-18 15:12:31,web_full,,1
69e70cf852316e00010e967e,儿童节涂鸦贴纸矢量素材,medium,商品已下架/冻结,39000,0.0,WATCH,6450c1d8275ad10001a2fd76,慢慢设计的店,2026-06-18 13:34:40,web_full,,1
69fadae9e0e86e0001cdf88a,儿童会所PPT案例合集,medium,商品已下架/冻结,39000,0.0,WATCH,6450c1d8275ad10001a2fd76,慢慢设计的店,2026-06-18 13:34:40,web_full,,1
69f020583a4daf0001f4487d,哥特式风格PNG素材,medium,商品已下架/冻结,39000,0.0,WATCH,6450c1d8275ad10001a2fd76,慢慢设计的店,2026-06-18 13:34:40,web_full,,1
69e5ff18454551000166e6c0,磨砂玻璃图标矢量素材,medium,商品已下架/冻结,39000,0.0,WATCH,6450c1d8275ad10001a2fd76,慢慢设计的店,2026-06-18 13:34:40,web_full,,1
69edba6c3a4daf0001bc5796,手绘卡通小狗矢量素材,medium,商品已下架/冻结,39000,0.0,WATCH,6450c1d8275ad10001a2fd76,慢慢设计的店,2026-06-18 13:34:40,web_full,,1
69f00eb2156029000150815b,复古魔法深蓝PNG素材,medium,商品已下架/冻结,39000,0.0,WATCH,6450c1d8275ad10001a2fd76,慢慢设计的店,2026-06-18 13:34:41,web_full,,1
69f1a6f2fda9a40001aa1cbe,蜜桃风野餐PNG素材,medium,商品已下架/冻结,39000,0.0,WATCH,6450c1d8275ad10001a2fd76,慢慢设计的店,2026-06-18 13:34:41,web_full,,1
69de2a10933b03000115d4af,红色丝带矢量素材,medium,商品已下架/冻结,39000,0.0,WATCH,6450c1d8275ad10001a2fd76,慢慢设计的店,2026-06-18 13:34:41,web_full,,1
69faf745273c7d0001ce802a,马卡龙拼贴PNG素材,medium,商品已下架/冻结,39000,0.0,WATCH,6450c1d8275ad10001a2fd76,慢慢设计的店,2026-06-18 13:34:41,web_full,,1
69eb55fb3aa96f0001272211,虚拟资料3505电子版,medium,商品已下架/冻结,39000,0.0,WATCH,6450c1d8275ad10001a2fd76,慢慢设计的店,2026-06-18 13:34:41,web_full,,1
69d4fb7010b42d00015870ae,春日小清新PSD海报,medium,商品已下架/冻结,39000,0.0,WATCH,6450c1d8275ad10001a2fd76,慢慢设计的店,2026-06-18 13:34:41,web_full,,1
69d76d69888f92000181e543,快递驿站SU模型合集,medium,商品已下架/冻结,39000,0.0,WATCH,6450c1d8275ad10001a2fd76,慢慢设计的店,2026-06-18 13:34:41,web_full,,1
69d8ca5f157a8a0001a4857e,地面拼花CAD平面图,medium,商品已下架/冻结,39000,0.0,WATCH,6450c1d8275ad10001a2fd76,慢慢设计的店,2026-06-18 13:34:41,web_full,,1
69edbba743360b0001618d8d,PPT可编辑图标素材,medium,商品已下架/冻结,39000,0.0,WATCH,6450c1d8275ad10001a2fd76,慢慢设计的店,2026-06-18 13:34:41,web_full,,1
69f05b3ae4ac61000121a603,沉浸式展厅SU模型2026,medium,商品已下架/冻结,39000,0.0,WATCH,6450c1d8275ad10001a2fd76,慢慢设计的店,2026-06-18 13:34:42,web_full,,1
69dccf7d49c41d0001259432,手绘卡通猫咪PNG素材,medium,商品已下架/冻结,39000,0.0,WATCH,6450c1d8275ad10001a2fd76,慢慢设计的店,2026-06-18 13:34:42,web_full,,1
69f98555f888bb0001141df0,儿童游乐树屋SU模型,medium,商品已下架/冻结,39000,0.0,WATCH,6450c1d8275ad10001a2fd76,慢慢设计的店,2026-06-18 13:34:42,web_full,,1
69e5ce2fa1dd780001de3ebc,儿童房空间意向JPG素材,medium,商品已下架/冻结,39000,0.0,WATCH,6450c1d8275ad10001a2fd76,慢慢设计的店,2026-06-18 13:34:42,web_full,,1
69dd99e3747e970001d63b6f,元明时代陶瓷器纹饰AI素材,medium,商品已下架/冻结,39000,0.0,WATCH,6450c1d8275ad10001a2fd76,慢慢设计的店,2026-06-18 13:34:42,web_full,,1
69e70d8da9f814000133b964,桌游棋牌插图素材,medium,商品已下架/冻结,39000,0.0,WATCH,6450c1d8275ad10001a2fd76,慢慢设计的店,2026-06-18 13:34:42,web_full,,1
69f8a23330d08600015f8317,复古文艺风PNG素材,medium,商品已下架/冻结,39000,0.0,WATCH,6450c1d8275ad10001a2fd76,慢慢设计的店,2026-06-18 13:34:42,web_full,,1
69f893b5213e270001b16830,养老项目PPT案例集,medium,商品已下架/冻结,39000,0.0,WATCH,6450c1d8275ad10001a2fd76,慢慢设计的店,2026-06-18 13:34:42,web_full,,1
69eee511c4fc820001beb696,现代作品集最全PPT图标,medium,商品已下架/冻结,39000,0.0,WATCH,6450c1d8275ad10001a2fd76,慢慢设计的店,2026-06-18 13:34:42,web_full,,1
69e608bea9f8140001e6ee9f,2026新年艺术字PNG素材,medium,商品已下架/冻结,39000,0.0,WATCH,6450c1d8275ad10001a2fd76,慢慢设计的店,2026-06-18 13:34:42,web_full,,1
69f17c55a54aee00012afb05,神兽瑞兽笔刷61款,medium,商品已下架/冻结,39000,0.0,WATCH,6450c1d8275ad10001a2fd76,慢慢设计的店,2026-06-18 13:34:43,web_full,,1
69ef7e28bd8c35000154d410,手绘插画云彩PSD素材,medium,商品已下架/冻结,39000,0.0,WATCH,6450c1d8275ad10001a2fd76,慢慢设计的店,2026-06-18 13:34:43,web_full,,1
69d50118076df80001f06e16,家居琴房SU模型合集,medium,商品已下架/冻结,39000,0.0,WATCH,6450c1d8275ad10001a2fd76,慢慢设计的店,2026-06-18 13:34:43,web_full,,1
69eb513321e0870001fde01c,虚拟资料3504电子版,medium,商品已下架/冻结,39000,0.0,WATCH,6450c1d8275ad10001a2fd76,慢慢设计的店,2026-06-18 13:34:43,web_full,,1
69f0469067d4b200016a9270,水晶苹果PNG免扣素材,medium,商品已下架/冻结,39000,0.0,WATCH,6450c1d8275ad10001a2fd76,慢慢设计的店,2026-06-18 13:34:43,web_full,,1
69f9722cc61d3a000104fa4f,商务风PPT工作总结,medium,商品已下架/冻结,39000,0.0,WATCH,6450c1d8275ad10001a2fd76,慢慢设计的店,2026-06-18 13:34:44,web_full,,1
69e5bdd7db4c8300012b129e,卡通马插画矢量标志,medium,商品已下架/冻结,39000,0.0,WATCH,6450c1d8275ad10001a2fd76,慢慢设计的店,2026-06-18 13:34:44,web_full,,1
69f0043467d4b2000162e443,网红售卖亭SU模型,medium,商品已下架/冻结,39000,0.0,WATCH,6450c1d8275ad10001a2fd76,慢慢设计的店,2026-06-18 13:34:44,web_full,,1
698445d5f0c4840001434845,3DMAX车缝线生成器,medium,商品已下架/冻结,39000,0.0,WATCH,6450c1d8275ad10001a2fd76,慢慢设计的店,2026-06-18 13:35:00,web_full,,1
69dcca7549c41d000124f2e9,方形动漫横幅PSD样机,medium,商品已下架/冻结,39000,0.0,WATCH,6450c1d8275ad10001a2fd76,慢慢设计的店,2026-06-18 13:35:03,web_full,,1
69ca9dad450d060001781be8,虚拟产品3428电子版,medium,商品已下架/冻结,39000,0.0,WATCH,6450c1d8275ad10001a2fd76,慢慢设计的店,2026-06-18 13:35:03,web_full,,1
69f899290511b500019f9c57,国潮风山脉矢量素材,medium,商品已下架/冻结,39000,0.0,WATCH,6450c1d8275ad10001a2fd76,慢慢设计的店,2026-06-18 13:35:04,web_full,,1
69d3bae8c94bfd000131fd14,中式美食笔刷74款,medium,商品已下架/冻结,39000,0.0,WATCH,6450c1d8275ad10001a2fd76,慢慢设计的店,2026-06-18 13:35:04,web_full,,1
69e35396ddd1650001aee51c,服饰布料花纹笔刷36款,medium,商品已下架/冻结,39000,0.0,WATCH,6450c1d8275ad10001a2fd76,慢慢设计的店,2026-06-18 13:35:04,web_full,,1
69eb5bec67d4b20001f2a949,虚拟资料3506电子版,medium,商品已下架/冻结,39000,0.0,WATCH,6450c1d8275ad10001a2fd76,慢慢设计的店,2026-06-18 13:35:04,web_full,,1
69eabdc73aa96f0001137dbc,虚拟产品3501电子版,medium,商品已下架/冻结,39000,0.0,WATCH,6450c1d8275ad10001a2fd76,慢慢设计的店,2026-06-18 13:35:04,web_full,,1
69f1d21181bc0100019499ed,徽派马头墙SU模型,medium,商品已下架/冻结,39000,0.0,WATCH,6450c1d8275ad10001a2fd76,慢慢设计的店,2026-06-18 13:35:05,web_full,,1
69fd6044c61d3a00016621fd,蓝莓甜品PNG免扣素材,medium,商品已下架/冻结,39000,0.0,WATCH,6450c1d8275ad10001a2fd76,慢慢设计的店,2026-06-18 13:39:23,web_full,,1
69fe889ef888bb00018b0158,黑板餐牌画架SU模型,medium,商品已下架/冻结,39000,0.0,WATCH,6450c1d8275ad10001a2fd76,慢慢设计的店,2026-06-18 13:39:24,web_full,,1
69fe95fd43360b0001605c80,庭院洗手台SU模型,medium,商品已下架/冻结,39000,0.0,WATCH,6450c1d8275ad10001a2fd76,慢慢设计的店,2026-06-18 13:39:24,web_full,,1
69feacb0e0e86e0001269947,禅意锈板SU模型合集,medium,商品已下架/冻结,39000,0.0,WATCH,6450c1d8275ad10001a2fd76,慢慢设计的店,2026-06-18 13:39:24,web_full,,1
6a0036397b710e0001b67959,书吧咖啡厅SU模型,medium,商品已下架/冻结,39000,0.0,WATCH,6450c1d8275ad10001a2fd76,慢慢设计的店,2026-06-18 13:39:24,web_full,,1
6a01c81ea0130600018b67e9,卷轴元素矢量素材,medium,商品已下架/冻结,39000,0.0,WATCH,6450c1d8275ad10001a2fd76,慢慢设计的店,2026-06-18 13:39:25,web_full,,1
6a01c9a4d500200001695ebf,卡通云朵矢量素材,medium,商品已下架/冻结,39000,0.0,WATCH,6450c1d8275ad10001a2fd76,慢慢设计的店,2026-06-18 13:39:25,web_full,,1
6a02d0d353abe9000137e441,爱丽丝梦幻背景PS笔刷,medium,商品已下架/冻结,39000,0.0,WATCH,6450c1d8275ad10001a2fd76,慢慢设计的店,2026-06-18 13:39:26,web_full,,1
6a02d1b8d5002000017f947d,棉花插画矢量素材,medium,商品已下架/冻结,39000,0.0,WATCH,6450c1d8275ad10001a2fd76,慢慢设计的店,2026-06-18 13:39:26,web_full,,1
6a02d30758e1b100018f4b46,亲子农庄精选SU模型,medium,商品已下架/冻结,39000,0.0,WATCH,6450c1d8275ad10001a2fd76,慢慢设计的店,2026-06-18 13:39:26,web_full,,1
6a02e1e4dd034c00016e5dc5,庭院花园CAD详图合集,medium,商品已下架/冻结,39000,0.0,WATCH,6450c1d8275ad10001a2fd76,慢慢设计的店,2026-06-18 13:39:26,web_full,,1
6a03168f304f46000167343a,天际线灯SU模型合集,medium,商品已下架/冻结,39000,0.0,WATCH,6450c1d8275ad10001a2fd76,慢慢设计的店,2026-06-18 13:39:26,web_full,,1
6a03e10364eb41000168b796,Q版海贼王PNG免扣素材,medium,商品已下架/冻结,39000,0.0,WATCH,6450c1d8275ad10001a2fd76,慢慢设计的店,2026-06-18 13:39:27,web_full,,1
6a0579c9d500200001befa1c,单身公寓PPT设计文本,medium,商品已下架/冻结,39000,0.0,WATCH,6450c1d8275ad10001a2fd76,慢慢设计的店,2026-06-18 13:39:27,web_full,,1
69fbe538f888bb00014deb0e,卡通京剧人物矢量素材,medium,商品已下架/冻结,39000,0.0,WATCH,6450c1d8275ad10001a2fd76,慢慢设计的店,2026-06-18 13:39:35,web_full,,1
692fe00e137a3b000183e308,高考中考成人礼送爸爸送妈妈送女友送闺蜜送老公生日创意巨型红包,medium,商品已下架/冻结,36000,0.0,WATCH,6913fbbc7a5cde0015070736,佑岚fafa的店,2026-06-18 15:22:57,web_full,,1
693044d735b4b00001c9b288,高考中考成人礼送爸爸送妈妈送女友送闺蜜送老公生日创意巨型红包,medium,商品已下架/冻结,36000,0.0,WATCH,6913fbbc7a5cde0015070736,佑岚fafa的店,2026-06-18 15:22:58,web_full,,1
69a909331166fe0001422aee,（新旧封面随机发货）思维导图儿童心理学与宝宝训练捉迷藏,medium,商品已下架/冻结,35000,0.0,WATCH,,X新起点育儿书院的店,2026-06-18 15:23:08,web_full,,1
651006887d86b000015a1986,（新旧封面随机发货）思维导图儿童心理学与宝宝训练捉迷藏,medium,商品已下架/冻结,35000,0.0,WATCH,64b5fcff18fb450001919132,X新起点育儿书院的店,2026-06-18 15:23:08,web_full,,1
6a00305e64eb41000112690e,高考中考成人礼送爸爸送妈妈送女友送闺蜜送老公生日创意巨型红包,medium,商品已下架/冻结,35000,0.0,WATCH,,,2026-06-18 15:23:09,web_full,,1
692fe00e137a3b000183e305,高考中考成人礼送爸爸送妈妈送女友送闺蜜送老公生日创意巨型红包,medium,商品已下架/冻结,35000,0.0,WATCH,,佑岚fafa的店,2026-06-18 15:23:09,web_full,,1
68568fff0f1443000129023e,中古风吸盘挂钩浴室免打孔强力承重挂衣钩粘钩无痕毛巾家用挂架,medium,商品已下架/冻结,35000,0.0,WATCH,683fe6cbbff2f4001506ac63,妙荷百货的店,2026-06-18 15:23:10,web_full,,1
692fe00e137a3b000183e2f3,高考中考成人礼送爸爸送妈妈送女友送闺蜜送老公生日创意巨型红包,medium,商品已下架/冻结,35000,0.0,WATCH,6913fbbc7a5cde0015070736,佑岚fafa的店,2026-06-18 15:23:10,web_full,,1
68568f5202b98c0015686063,中古风吸盘挂钩浴室免打孔强力承重挂衣钩粘钩无痕毛巾家用挂架,medium,商品已下架/冻结,35000,0.0,WATCH,,,2026-06-18 15:23:10,web_full,,1
68568f52e6b464001576613f,中古风吸盘挂钩浴室免打孔强力承重挂衣钩粘钩无痕毛巾家用挂架,medium,商品已下架/冻结,35000,0.0,WATCH,,妙荷百货的店,2026-06-18 15:23:11,web_full,,1
692fe00e137a3b000183e302,高考中考成人礼送爸爸送妈妈送女友送闺蜜送老公生日创意巨型红包,medium,商品已下架/冻结,35000,0.0,WATCH,6913fbbc7a5cde0015070736,佑岚fafa的店,2026-06-18 15:23:13,web_full,,1
692fe00e137a3b000183e2ff,高考中考成人礼送爸爸送妈妈送女友送闺蜜送老公生日创意巨型红包,medium,商品已下架/冻结,35000,0.0,WATCH,,,2026-06-18 15:23:13,web_full,,1
69f6aa818c2c230001cc7840,高考中考成人礼送爸爸送妈妈送女友送闺蜜送老公生日创意巨型红包,medium,商品已下架/冻结,35000,0.0,WATCH,,,2026-06-18 15:23:13,web_full,,1
63be64d096fb3c00011930fa,语文337晨读 语文小学必背知识点打卡计划 高效记忆 通用版,medium,商品已下架/冻结,32000,0.0,WATCH,,,2026-06-18 15:25:04,web_full,,1
647017dcd171fa0001f27052,语文337晨读 语文小学必背知识点打卡计划 高效记忆 通用版,medium,商品已下架/冻结,32000,0.0,WATCH,,小萱萱同学的店,2026-06-18 15:25:04,web_full,,1
6683995f48e1ae0001ea387d,语文337晨读 语文小学必背知识点打卡计划 高效记忆 通用版,medium,商品已下架/冻结,32000,0.0,WATCH,,,2026-06-18 15:25:06,web_full,,1
69363e4f691100000186f639,【踩数字】40欧12 保底lsr奇萌sr/ssr卡牌,medium,商品已下架/冻结,32000,0.0,WATCH,,,2026-06-18 15:25:07,web_full,,1
6768d6a1ada6590001248be6,语文337晨读 语文小学必背知识点打卡计划 高效记忆 通用版,medium,商品已下架/冻结,32000,0.0,WATCH,6333e0d4b74d0a00017c799c,小萱萱同学的店,2026-06-18 15:25:07,web_full,,1
63be64cf96fb3c00011930c8,语文337晨读 语文小学必背知识点打卡计划 高效记忆 通用版,medium,商品已下架/冻结,32000,0.0,WATCH,6333e0d4b74d0a00017c799c,小萱萱同学的店,2026-06-18 15:25:07,web_full,,1
63be64d096fb3c0001193149,语文337晨读 语文小学必背知识点打卡计划 高效记忆 通用版,medium,商品已下架/冻结,32000,0.0,WATCH,,,2026-06-18 15:25:08,web_full,,1
6445760d27bd410001fa6ff7,拼音拼读训练幼小衔接小学一年级声母韵母拼读训练手册,medium,商品已下架/冻结,31000,0.0,WATCH,,瑭瑭妈妈的店,2026-06-18 15:26:24,web_full,,1
6538c8d1efb1210001a8ef7a,斗半匠·拼音拼读训练幼小衔接小学一年级声母韵母拼读训练手册,medium,商品已下架/冻结,31000,0.0,WATCH,64107973d485a10001741e9e,瑭瑭妈妈的店,2026-06-18 15:26:30,web_full,,1
69a1298cd8116e0001827e04,拼音拼读训练幼小衔接小学一年级声母韵母拼读训练手册,medium,商品已下架/冻结,31000,0.0,WATCH,,,2026-06-18 15:26:30,web_full,,1
6538c8d1efb1210001a8ef80,拼音拼读训练幼小衔接小学一年级声母韵母拼读训练手册,medium,商品已下架/冻结,31000,0.0,WATCH,,,2026-06-18 15:26:31,web_full,,1
6688d84e22910a0001c35189,斗半匠·拼音拼读训练幼小衔接小学一年级声母韵母拼读训练手册,medium,商品已下架/冻结,31000,0.0,WATCH,64107973d485a10001741e9e,瑭瑭妈妈的店,2026-06-18 15:26:33,web_full,,1
6661b7b60f78be0001bd0362,电容笔手写笔平替笔适用苹果ipad华为小米vivooppo联想平板电容笔,medium,商品已下架/冻结,30000,0.0,WATCH,,,2026-06-18 15:26:39,web_full,,1
6661b7b60f78be0001bd0359,电容笔手写笔平替笔适用苹果ipad华为小米vivooppo联想平板电容笔,medium,商品已下架/冻结,30000,0.0,WATCH,,,2026-06-18 15:26:43,web_full,,1
6661b7b60f78be0001bd0356,电容笔手写笔平替笔适用苹果ipad华为小米vivooppo联想平板电容笔,medium,商品已下架/冻结,30000,0.0,WATCH,,,2026-06-18 15:26:45,web_full,,1
66ab2780706a3a00014fb150,华研外语 · 备战2026年6月华研真题8合1考前指南含12月cet4四级历年专项训练,medium,商品已下架/冻结,28000,0.0,WATCH,66a35611c40e0e0015c8d743,沐辰图书的店,2026-06-18 15:28:04,web_full,,1
675044fb53c11d0001aa3641,同步小学课本拓展萌小闲带你探秘语文｜数学｜英语,medium,商品已下架/冻结,28000,0.0,WATCH,658bef15076cd80001878ba5,小吟心书坊的店,2026-06-18 15:28:17,web_full,,1
696e46b6b706d70001107b48,同步小学课本拓展萌小闲带你探秘语文｜数学｜英语,medium,商品已下架/冻结,28000,0.0,WATCH,658bef15076cd80001878ba5,小吟心书坊的店,2026-06-18 15:28:21,web_full,,1
667cb9d9fe26d3000190a741,早教书0-3岁婴幼儿家庭早教游戏全书正版幼儿启蒙早教书家庭早教,medium,商品已下架/冻结,27000,0.0,WATCH,660b718daeebf8000164e6b9,锦尚冠程原味图书的店,2026-06-18 15:28:25,web_full,,1
65d19e7320ec6200010a805b,2025新版念儿歌300首有声书念儿歌做早教有声书早教书儿童点读书,medium,商品已下架/冻结,27000,0.0,WATCH,,Echo.慧语拾光的店,2026-06-18 15:28:25,web_full,,1
66b97aa66bf36b000187291b,华研外语·备战2026年6月华研真题8合1考前指南含12月cet4四级历年专项训练,medium,商品已下架/冻结,27000,0.0,WATCH,66a35611c40e0e0015c8d743,沐辰图书的店,2026-06-18 15:28:33,web_full,,1
677e875c627fd9000199c36b,备战2026年6月华研真题8合1考前指南含12月cet4四级历年专项训练,medium,商品已下架/冻结,27000,0.0,WATCH,,,2026-06-18 15:29:52,web_full,,1
69d4a19cc8c73300016cfcd5,甘特图信息图表可视化数据市场营销规划汇报PPT模板D736,medium,商品已下架/冻结,25000,0.0,WATCH,64facdde6b0df000011e31db,大蓝莓设计素材的店,2026-06-18 13:38:42,web_full,,1
69da3e236fc3520001d4309c,明媚春日叠加JPG素材F272,medium,商品已下架/冻结,25000,0.0,WATCH,64facdde6b0df000011e31db,大蓝莓设计素材的店,2026-06-18 13:38:42,web_full,,1
69db653a6fc3520001efb34e,动态极简动画排版设计机构宣传展示AE格式源文件模板Q525,medium,商品已下架/冻结,25000,0.0,WATCH,64facdde6b0df000011e31db,大蓝莓设计素材的店,2026-06-18 13:38:42,web_full,,1
69d3ac35450d0600019bc31e,动态活力四射的动画社交媒体海报展示AE格式源文件模板Q510,medium,商品已下架/冻结,25000,0.0,WATCH,64facdde6b0df000011e31db,大蓝莓设计素材的店,2026-06-18 13:38:42,web_full,,1
69e8e6d9ae65c90001d2db1a,动态3D移动应用推广用于产品样机展示AE源文件模板Q540,medium,商品已下架/冻结,25000,0.0,WATCH,64facdde6b0df000011e31db,大蓝莓设计素材的店,2026-06-18 13:38:42,web_full,,1
69f846366bdc380001eee10b,动态现代智能手机模型用于应用展示AE源文件模板Q565,medium,商品已下架/冻结,25000,0.0,WATCH,64facdde6b0df000011e31db,大蓝莓设计素材的店,2026-06-18 13:38:43,web_full,,1
69fb3727213e270001f1299e,动态火焰与烟雾漩涡Logo展示转场AE格式源文件模板Q576,medium,商品已下架/冻结,25000,0.0,WATCH,64facdde6b0df000011e31db,大蓝莓设计素材的店,2026-06-18 13:38:43,web_full,,1
69da358e8c821300013930b7,信息图表统计可视化数据市场营销规划汇报PPT模板D747,medium,商品已下架/冻结,25000,0.0,WATCH,64facdde6b0df000011e31db,大蓝莓设计素材的店,2026-06-18 13:38:43,web_full,,1
69f83e01f888bb0001f834f6,3个动态循环文字动画标题效果展示AE源文件模板Q564,medium,商品已下架/冻结,25000,0.0,WATCH,64facdde6b0df000011e31db,大蓝莓设计素材的店,2026-06-18 13:38:43,web_full,,1
69d3cccbafbcbb0001097fdb,动态几何动态图形宣传片展示AE格式源文件模板Q511,medium,商品已下架/冻结,25000,0.0,WATCH,64facdde6b0df000011e31db,大蓝莓设计素材的店,2026-06-18 13:38:43,web_full,,1
69d3c23f52686e0001d543db,12页漏斗3D形状信息图表可视化数据规划汇报PPT模板D735,medium,商品已下架/冻结,25000,0.0,WATCH,64facdde6b0df000011e31db,大蓝莓设计素材的店,2026-06-18 13:38:43,web_full,,1
69d516231fd3700001637261,36页时间轴信息图表可视化数据市场营销规划汇报PPT模板D740,medium,商品已下架/冻结,25000,0.0,WATCH,64facdde6b0df000011e31db,大蓝莓设计素材的店,2026-06-18 13:38:43,web_full,,1
69de58786ba40800013248f0,蓝色玻璃元素动态3D移动应用推广样机展示AE源文件模板Q530,medium,商品已下架/冻结,25000,0.0,WATCH,64facdde6b0df000011e31db,大蓝莓设计素材的店,2026-06-18 13:38:43,web_full,,1
69e632e87f596c00019cad2d,动态3D移动应用宣传视频动画抽象几何图形AE源文件模板Q538,medium,商品已下架/冻结,25000,0.0,WATCH,64facdde6b0df000011e31db,大蓝莓设计素材的店,2026-06-18 13:38:44,web_full,,1
69d4aa67ca15480001076b26,甘特图信息图表可视化数据市场营销规划汇报PPT模板D737,medium,商品已下架/冻结,25000,0.0,WATCH,64facdde6b0df000011e31db,大蓝莓设计素材的店,2026-06-18 13:38:44,web_full,,1
69e9b328933b030001f5fd99,动态现代3D移动应用展示用于产品推广AE源文件模板Q541,medium,商品已下架/冻结,25000,0.0,WATCH,64facdde6b0df000011e31db,大蓝莓设计素材的店,2026-06-18 13:38:44,web_full,,1
69d67b0d61bf4900014bfc25,动态漏光相机移动转场展示AE格式源文件模板Q516,medium,商品已下架/冻结,25000,0.0,WATCH,64facdde6b0df000011e31db,大蓝莓设计素材的店,2026-06-18 13:38:44,web_full,,1
69d8dabbab6f940001f5899a,花纹玻璃效果样机PSD素材F271,medium,商品已下架/冻结,25000,0.0,WATCH,64facdde6b0df000011e31db,大蓝莓设计素材的店,2026-06-18 13:38:44,web_full,,1
69dfb242db4c83000182d59b,动态3D移动应用推广用于产品样机展示AE源文件模板Q533,medium,商品已下架/冻结,25000,0.0,WATCH,64facdde6b0df000011e31db,大蓝莓设计素材的店,2026-06-18 13:38:45,web_full,,1
69f859536eeaf7000155d04c,动态抽象光漩涡Logo展示片头AE源文件模板Q566,medium,商品已下架/冻结,25000,0.0,WATCH,64facdde6b0df000011e31db,大蓝莓设计素材的店,2026-06-18 13:38:45,web_full,,1
69de151fcaa21f0001de37e5,白粉蓝清新现代KPI仪表盘可视化数据市场营销规划汇报PPT模板D758,medium,商品已下架/冻结,25000,0.0,WATCH,64facdde6b0df000011e31db,大蓝莓设计素材的店,2026-06-18 13:38:45,web_full,,1
69ee1728eee1ab00015a86eb,动态现代移动应用推广样机作品集AE源文件模板Q550,medium,商品已下架/冻结,25000,0.0,WATCH,64facdde6b0df000011e31db,大蓝莓设计素材的店,2026-06-18 13:38:45,web_full,,1
69d288c6c94bfd00010ffd9f,30页深浅色鱼骨图仪表盘可视化数据市场营销规划汇报PPT模板D733,medium,商品已下架/冻结,25000,0.0,WATCH,64facdde6b0df000011e31db,大蓝莓设计素材的店,2026-06-18 13:38:45,web_full,,1
69d5039c953e4400017b8551,15页条形图信息图表可视化数据市场营销规划汇报PPT模板D739,medium,商品已下架/冻结,25000,0.0,WATCH,64facdde6b0df000011e31db,大蓝莓设计素材的店,2026-06-18 13:38:45,web_full,,1
69f5a384e0e86e000154e975,10个动态滑动轮播幻灯片开场动画过渡特效转场AE源文件模板Q555,medium,商品已下架/冻结,25000,0.0,WATCH,64facdde6b0df000011e31db,大蓝莓设计素材的店,2026-06-18 13:38:46,web_full,,1
69db818f6932b7000167385b,动态几何图形运动字幕开场动画展示AE格式源文件模板Q527,medium,商品已下架/冻结,25000,0.0,WATCH,64facdde6b0df000011e31db,大蓝莓设计素材的店,2026-06-18 13:38:46,web_full,,1
69dcbae349c41d000122f04e,25页维恩图信息图表统计可视化数据市场营销规划汇报PPT模板D756,medium,商品已下架/冻结,25000,0.0,WATCH,64facdde6b0df000011e31db,大蓝莓设计素材的店,2026-06-18 13:38:46,web_full,,1
69f0974efaf00200012895fc,10个动态现代流体抽象渐变背景AE格式源文件模板Q551,medium,商品已下架/冻结,25000,0.0,WATCH,64facdde6b0df000011e31db,大蓝莓设计素材的店,2026-06-18 13:38:46,web_full,,1
69f745c1789441000101371c,动态3D移动应用推广用于产品样机展示AE源文件模板Q560,medium,商品已下架/冻结,25000,0.0,WATCH,64facdde6b0df000011e31db,大蓝莓设计素材的店,2026-06-18 13:38:46,web_full,,1
69eb3a2b41333c00017219f2,动态简约3D笔记本电脑设备模型搭配现代几何动画AE模板Q546,medium,商品已下架/冻结,25000,0.0,WATCH,64facdde6b0df000011e31db,大蓝莓设计素材的店,2026-06-18 13:38:46,web_full,,1
69f73c076bdc380001d9d06a,4个动画动态新粗野主义Y2K复古酷炫贴纸包AE源文件模板Q559,medium,商品已下架/冻结,25000,0.0,WATCH,64facdde6b0df000011e31db,大蓝莓设计素材的店,2026-06-18 13:38:46,web_full,,1
69f8600da97845000185007a,动态抽象蓝色流体粒子漩涡开场动画展示AE源文件模板Q567,medium,商品已下架/冻结,25000,0.0,WATCH,64facdde6b0df000011e31db,大蓝莓设计素材的店,2026-06-18 13:38:47,web_full,,1
69d668f8613bea0001b58111,信息图表统计可视化数据市场营销规划汇报PPT模板D742,medium,商品已下架/冻结,25000,0.0,WATCH,64facdde6b0df000011e31db,大蓝莓设计素材的店,2026-06-18 13:38:47,web_full,,1
69db76a2c586eb00017d34f6,时尚现代片头的动态文字动画展示AE格式源文件模板Q526,medium,商品已下架/冻结,25000,0.0,WATCH,64facdde6b0df000011e31db,大蓝莓设计素材的店,2026-06-18 13:38:47,web_full,,1
69fae18e98ac430001cde8b8,4个动态垂直轮播幻灯片展示AE源文件模板Q575,medium,商品已下架/冻结,25000,0.0,WATCH,64facdde6b0df000011e31db,大蓝莓设计素材的店,2026-06-18 13:38:48,web_full,,1
69d6372410b42d000188efd6,5个动态运动文字动画海报展示AE格式源文件模板Q515,medium,商品已下架/冻结,25000,0.0,WATCH,64facdde6b0df000011e31db,大蓝莓设计素材的店,2026-06-18 13:38:48,web_full,,1
69f9a22d0283e20001edd31f,动态滑动轮播幻灯片开场动画过渡特效转场AE格式源文件模板Q571,medium,商品已下架/冻结,25000,0.0,WATCH,64facdde6b0df000011e31db,大蓝莓设计素材的店,2026-06-18 13:38:48,web_full,,1
69f8a5c464eb410001be6b14,动态照片滑动轮播幻灯片未来感霓虹灯效过渡展示AE源文件模板Q569,medium,商品已下架/冻结,25000,0.0,WATCH,64facdde6b0df000011e31db,大蓝莓设计素材的店,2026-06-18 13:38:48,web_full,,1
69d37ff398fb930001b01bfc,流程图信息图表演示文稿幻灯片可视化数据规划汇报PPT模板D734,medium,商品已下架/冻结,25000,0.0,WATCH,64facdde6b0df000011e31db,大蓝莓设计素材的店,2026-06-18 13:38:48,web_full,,1
69ddf1a3caa21f0001d825ab,多彩SWOT分析信息图数据市场营销规划汇报PPT模板Q757,medium,商品已下架/冻结,25000,0.0,WATCH,64facdde6b0df000011e31db,大蓝莓设计素材的店,2026-06-18 13:38:48,web_full,,1
69eb28ec1560290001d954b6,动态移动应用展示的3D产品演示样机展示AE源文件模板Q545,medium,商品已下架/冻结,25000,0.0,WATCH,64facdde6b0df000011e31db,大蓝莓设计素材的店,2026-06-18 13:38:49,web_full,,1
69d7a2e1da5d200001002665,动画动效动态多彩促销海报AE格式源文件模板Q518,medium,商品已下架/冻结,25000,0.0,WATCH,64facdde6b0df000011e31db,大蓝莓设计素材的店,2026-06-18 13:38:49,web_full,,1
69fd6967294caa0001e3bc3b,10个动态动画海报标题设计展示AE源文件模板Q586,medium,商品已下架/冻结,25000,0.0,WATCH,64facdde6b0df000011e31db,大蓝莓设计素材的店,2026-06-18 13:39:30,web_full,,1
69ff0f55d50020000127a888,动态轮播幻灯片多屏网格内容展示AE源文件模板Q589,medium,商品已下架/冻结,25000,0.0,WATCH,64facdde6b0df000011e31db,大蓝莓设计素材的店,2026-06-18 13:39:30,web_full,,1
6a0194a1213e270001f7a790,5个动态极简3D多图轮播几何网格布局开场动画AE源文件模板Q595,medium,商品已下架/冻结,25000,0.0,WATCH,64facdde6b0df000011e31db,大蓝莓设计素材的店,2026-06-18 13:39:30,web_full,,1
6a01c1203eb97c000131e063,动态极简动画排版布局宣传展示AE源文件模板Q596,medium,商品已下架/冻结,25000,0.0,WATCH,64facdde6b0df000011e31db,大蓝莓设计素材的店,2026-06-18 13:39:30,web_full,,1
6a02ae4cf3ef830001405709,动态抽象霓虹流体标志LOGO开场动画展示AE源文件模板Q598,medium,商品已下架/冻结,25000,0.0,WATCH,64facdde6b0df000011e31db,大蓝莓设计素材的店,2026-06-18 13:39:30,web_full,,1
6a032ff458e1b1000198f3b2,动态复古电影片头结尾老电影风格AE源文件模板Q604,medium,商品已下架/冻结,25000,0.0,WATCH,64facdde6b0df000011e31db,大蓝莓设计素材的店,2026-06-18 13:39:30,web_full,,1
6a0338c85a83230001b10dd7,动态开场动画下雪松树房子雪人AE源文件模板Q605,medium,商品已下架/冻结,25000,0.0,WATCH,64facdde6b0df000011e31db,大蓝莓设计素材的店,2026-06-18 13:39:30,web_full,,1
6a034a3ff3ef83000151ba8a,动态扁平化风格运动滑雪滑冰高尔夫拳击动画AE源文件模板Q606,medium,商品已下架/冻结,25000,0.0,WATCH,64facdde6b0df000011e31db,大蓝莓设计素材的店,2026-06-18 13:39:30,web_full,,1
6a043280378844000167cf33,粉色粗体条形图表可视化数据市场营销规划汇报PPT模板D760,medium,商品已下架/冻结,25000,0.0,WATCH,64facdde6b0df000011e31db,大蓝莓设计素材的店,2026-06-18 13:39:31,web_full,,1
69fed13198ac4300012a7633,动态轮播幻灯片多屏网格内容展示AE源文件模板Q588,medium,商品已下架/冻结,25000,0.0,WATCH,64facdde6b0df000011e31db,大蓝莓设计素材的店,2026-06-18 13:39:31,web_full,,1
6a01dc9a5a8323000191e381,动态玻璃多屏动画演示幻灯片宣传展示AE源文件模板Q597,medium,商品已下架/冻结,25000,0.0,WATCH,64facdde6b0df000011e31db,大蓝莓设计素材的店,2026-06-18 13:39:31,web_full,,1
6a02e4bf64eb410001562bab,动态节日旋转粒子LOGO标志展示AE源文件模板Q600,medium,商品已下架/冻结,25000,0.0,WATCH,64facdde6b0df000011e31db,大蓝莓设计素材的店,2026-06-18 13:39:31,web_full,,1
6a043ddf30d0860001ec3948,22页数据表信息图表可视化数据市场营销规划汇报PPT模板Q761,medium,商品已下架/冻结,25000,0.0,WATCH,64facdde6b0df000011e31db,大蓝莓设计素材的店,2026-06-18 13:39:31,web_full,,1
6a058abb3eb97c00018cad50,4个动态趣味卡通文字动画标题包AE源文件模板Q612,medium,商品已下架/冻结,25000,0.0,WATCH,64facdde6b0df000011e31db,大蓝莓设计素材的店,2026-06-18 13:39:31,web_full,,1
69fc501543360b0001327777,4个动态滑动3D轮播幻灯片开场动画过渡特效AE源文件模板Q580,medium,商品已下架/冻结,25000,0.0,WATCH,64facdde6b0df000011e31db,大蓝莓设计素材的店,2026-06-18 13:39:36,web_full,,1
69fc7f22a5715f0001149f03,动态流体液体形态转换展示特效AE源文件模板Q582,medium,商品已下架/冻结,25000,0.0,WATCH,64facdde6b0df000011e31db,大蓝莓设计素材的店,2026-06-18 13:39:36,web_full,,1
69fc9fc36eeaf70001bfa1b6,动态抽象Logo开场动画文字和几何过渡效果展示AE源文件模板Q583,medium,商品已下架/冻结,25000,0.0,WATCH,64facdde6b0df000011e31db,大蓝莓设计素材的店,2026-06-18 13:39:36,web_full,,1
69ff23cc479521000179435e,动态轮播幻灯片多屏网格内容展示AE源文件模板Q590,medium,商品已下架/冻结,25000,0.0,WATCH,64facdde6b0df000011e31db,大蓝莓设计素材的店,2026-06-18 13:39:36,web_full,,1
6a0068c9273c7d0001d5c43e,10个动态产品轮播促销特效过渡转场AE格式源文件模板Q592,medium,商品已下架/冻结,25000,0.0,WATCH,64facdde6b0df000011e31db,大蓝莓设计素材的店,2026-06-18 13:39:37,web_full,,1
6a0094fc8e60b70001e12d16,11个动态抽象流体波状渐变背景展示AE源文件模板Q593,medium,商品已下架/冻结,25000,0.0,WATCH,64facdde6b0df000011e31db,大蓝莓设计素材的店,2026-06-18 13:39:40,web_full,,1
69fc3583273c7d0001ecf8db,动态抽象Logo开场动画文字和几何过渡效果展示AE源文件模板Q577,medium,商品已下架/冻结,25000,0.0,WATCH,64facdde6b0df000011e31db,大蓝莓设计素材的店,2026-06-18 13:39:41,web_full,,1
69fc3e426bdc380001507c55,10个动态动画文本包彩色几何效果展示AE源文件模板Q579,medium,商品已下架/冻结,25000,0.0,WATCH,64facdde6b0df000011e31db,大蓝莓设计素材的店,2026-06-18 13:39:41,web_full,,1
69fc585b0283e20001337284,动态多彩漩涡线条Logo展示特效AE源文件模板Q581,medium,商品已下架/冻结,25000,0.0,WATCH,64facdde6b0df000011e31db,大蓝莓设计素材的店,2026-06-18 13:39:41,web_full,,1
656a7cdd1d547d0001b5eed4,TED演讲精读【正版新版2026完整版】纸质书籍英语口语,medium,商品已下架/冻结,24000,0.0,WATCH,6566d88b4a0cd60001ab5ada,TED精选阅读的店,2026-06-18 15:31:40,web_full,,1
65a94d8e4b2fd9000155d980,牛津图解词典OPD纯英版中英版,medium,商品已下架/冻结,24000,0.0,WATCH,653769a959c59b00019746f5,A佳佳笔记的店,2026-06-18 15:31:43,web_full,,1
66d0248c40e2bf000141e914,韩式简约白麝香无花果干净香清新好闻衣物香氛喷雾香伴手礼ins风,medium,商品已下架/冻结,24000,0.0,WATCH,,,2026-06-18 15:31:51,web_full,,1
6599833c847b9c00013815d1,牛津图解词典OPD纯英版中英版,medium,商品已下架/冻结,24000,0.0,WATCH,,,2026-06-18 15:31:54,web_full,,1
6a02fc667b710e0001fb6a8b,小学英语晨读打卡美文 口语练习作文阅读书籍跟读 小学生1-6年级,medium,商品已下架/冻结,23000,0.0,WATCH,,,2026-06-18 15:33:28,web_full,,1
6a02fc667b710e0001fb6a82,小学英语晨读打卡美文 口语练习作文阅读书籍跟读 小学生1-6年级,medium,商品已下架/冻结,23000,0.0,WATCH,,,2026-06-18 15:33:28,web_full,,1
67ee3cf1e8f2430001daaa04,点读版-每日晨读133篇英语小短文，磨耳朵必备，支持开放点读笔,medium,商品已下架/冻结,23000,0.0,WATCH,629865960ba859000139a7c1,Kara爱学习的店,2026-06-18 15:33:31,web_full,,1
6a02fc667b710e0001fb6a85,小学英语晨读打卡美文 口语练习作文阅读书籍跟读 小学生1-6年级,medium,商品已下架/冻结,23000,0.0,WATCH,,,2026-06-18 15:33:32,web_full,,1
665424950c7db700019470c4,小学到初中六七八年级语文必背课文古诗软毛笔临摹字帖楷书长卷,medium,商品已下架/冻结,22000,0.0,WATCH,,,2026-06-18 15:33:38,web_full,,1
683d4eecb68cf8000183fbce,小学到初中六七八年级语文必背课文古诗软毛笔临摹字帖楷书长卷,medium,商品已下架/冻结,22000,0.0,WATCH,,,2026-06-18 15:33:48,web_full,,1
683d4eecb68cf8000183fbb6,小学到初中六七八年级语文必背课文古诗软毛笔临摹字帖楷书长卷,medium,商品已下架/冻结,22000,0.0,WATCH,,,2026-06-18 15:33:52,web_full,,1
683d4eecb68cf8000183fbfb,小学到初中六七八年级语文必背课文古诗软毛笔临摹字帖楷书长卷,medium,商品已下架/冻结,22000,0.0,WATCH,,,2026-06-18 15:34:00,web_full,,1
6654248d75a3270001058af9,小学到初中六七八年级语文必背课文古诗软毛笔临摹字帖楷书长卷,medium,商品已下架/冻结,22000,0.0,WATCH,,,2026-06-18 15:34:03,web_full,,1
6654248bd7177900013dd5f4,小学到初中六七八年级语文必背课文古诗软毛笔临摹字帖楷书长卷,medium,商品已下架/冻结,22000,0.0,WATCH,6333e0d4b74d0a00017c799c,小萱萱同学的店,2026-06-18 15:34:04,web_full,,1
683d4eecb68cf8000183fbfe,小学到初中六七八年级语文必背课文古诗软毛笔临摹字帖楷书长卷,medium,商品已下架/冻结,22000,0.0,WATCH,,,2026-06-18 15:34:05,web_full,,1
683d4eecb68cf8000183fbc5,小学到初中六七八年级语文必背课文古诗软毛笔临摹字帖楷书长卷,medium,商品已下架/冻结,22000,0.0,WATCH,6333e0d4b74d0a00017c799c,小萱萱同学的店,2026-06-18 15:35:22,web_full,,1
6654249d842cc10001166bb9,小学到初中六七八年级语文必背课文古诗软毛笔临摹字帖楷书长卷,medium,商品已下架/冻结,22000,0.0,WATCH,6333e0d4b74d0a00017c799c,小萱萱同学的店,2026-06-18 15:35:22,web_full,,1
665424890101900001898327,小学到初中六七八年级语文必背课文古诗软毛笔临摹字帖楷书长卷,medium,商品已下架/冻结,22000,0.0,WATCH,6333e0d4b74d0a00017c799c,小萱萱同学的店,2026-06-18 15:35:22,web_full,,1
64c78120db65fe0001bb7da6,【官方正版】张琦：全渠道获客增长-天地人网（视频课）,medium,商品已下架/冻结,21000,0.0,WATCH,612859566a83a500019bd2ab,获客教育的店,2026-06-18 14:30:30,web_full,,1
649d501b377a5500010b32ae,书行·[行书速成字帖]行书0基础入门笔画偏旁控笔常用3000字硬笔练习纸,medium,商品已下架/冻结,20000,0.0,WATCH,648143f739b63800019bb3be,书颜世家的店,2026-06-18 15:35:58,web_full,,1
68299a4bcde7df0001e49f04,书行·[行书速成字帖]行书0基础入门笔画偏旁控笔常用3000字硬笔练习纸,medium,商品已下架/冻结,20000,0.0,WATCH,648143f739b63800019bb3be,书颜世家的店,2026-06-18 15:37:16,web_full,,1
69e84a85bd8c35000197ff84,仿真水彩ps笔刷淡彩水痕渐变晕染水墨上色淡墨湿画质感笔刷素材,medium,商品已下架/冻结,19000,0.0,WATCH,67c51e0e59cc350015bfb7b8,喜柿素材的店,2026-06-18 13:38:10,web_full,,1
69f97f7554fc7500010a087b,社区小区养老院宣传栏标识标语墙社区文化墙背景墙草图大师SU模型,medium,商品已下架/冻结,19000,0.0,WATCH,67c51e0e59cc350015bfb7b8,喜柿素材的店,2026-06-18 13:38:11,web_full,,1
69eecdee3aa96f000178f05e,荣誉证书模板荣誉证书封面底纹书芯奖状内页获奖证书psd分层模板,medium,商品已下架/冻结,19000,0.0,WATCH,67c51e0e59cc350015bfb7b8,喜柿素材的店,2026-06-18 13:38:11,web_full,,1
69f1d1f7e0e86e000100c191,Procreate厚涂散点光效涂抹笔刷套装Procreate笔刷iPad笔刷,medium,商品已下架/冻结,19000,0.0,WATCH,67c51e0e59cc350015bfb7b8,喜柿素材的店,2026-06-18 13:38:11,web_full,,1
69d4a34e52686e0001f1d991,闪耀亮片procreate笔刷闪粉氛围可爱星星闪片装饰iPad插画素材,medium,商品已下架/冻结,19000,0.0,WATCH,67c51e0e59cc350015bfb7b8,喜柿素材的店,2026-06-18 13:38:12,web_full,,1
69dda6a58c82130001919a14,幼儿园小班中班大班认识小动物PPT模板动物介绍知识课件,medium,商品已下架/冻结,19000,0.0,WATCH,67c51e0e59cc350015bfb7b8,喜柿素材的店,2026-06-18 13:38:12,web_full,,1
69e59eac26065b00013cc1ea,透明冰块procreate笔刷ps笔刷夏日冰爽冰晶碎冰设计后期iPad素材,medium,商品已下架/冻结,19000,0.0,WATCH,67c51e0e59cc350015bfb7b8,喜柿素材的店,2026-06-18 13:38:12,web_full,,1
69e8497a156029000189592a,高端黑红大气邀请函海报展板KV背景PSDAI模版设计素材,medium,商品已下架/冻结,19000,0.0,WATCH,67c51e0e59cc350015bfb7b8,喜柿素材的店,2026-06-18 13:38:12,web_full,,1
69eec21ed4c1110001563cf5,蓝色男生28岁成人礼生日快乐派对布置挂布条幅背景设计模板,medium,商品已下架/冻结,19000,0.0,WATCH,67c51e0e59cc350015bfb7b8,喜柿素材的店,2026-06-18 13:38:12,web_full,,1
69f57393a9784500013ff790,现代校园宣传墙文化墙 展示墙形象墙景墙文化背景墙宣传栏 SU模型,medium,商品已下架/冻结,19000,0.0,WATCH,67c51e0e59cc350015bfb7b8,喜柿素材的店,2026-06-18 13:38:12,web_full,,1
69f5714ea9784500013fbf36,红色新中式婚礼席位卡订婚宴座位表结婚迎宾牌设计模板,medium,商品已下架/冻结,19000,0.0,WATCH,67c51e0e59cc350015bfb7b8,喜柿素材的店,2026-06-18 13:38:13,web_full,,1
69dc987f747e970001bdf39e,procreate笔刷植物森林场景树叶杂草树木叶子ipad画画绘画笔刷,medium,商品已下架/冻结,19000,0.0,WATCH,67c51e0e59cc350015bfb7b8,喜柿素材的店,2026-06-18 13:38:13,web_full,,1
69ec4a319dea2d0001a32a65,CSP LEFU光效笔刷集 sut笔刷4支+1个圆形工具,medium,商品已下架/冻结,19000,0.0,WATCH,67c51e0e59cc350015bfb7b8,喜柿素材的店,2026-06-18 13:38:13,web_full,,1
69eec2767b1f3800018b3c92,猪脚饭外卖图片隆江猪肘饭套餐饭烧腊饭烧鸭饭美团菜品图照片素材,medium,商品已下架/冻结,19000,0.0,WATCH,67c51e0e59cc350015bfb7b8,喜柿素材的店,2026-06-18 13:38:13,web_full,,1
69d4a3de4ee72d0001451050,【procreate】笔刷水彩笔刷   仿手绘古风花卉笔刷,medium,商品已下架/冻结,19000,0.0,WATCH,67c51e0e59cc350015bfb7b8,喜柿素材的店,2026-06-18 13:38:13,web_full,,1
69eed391c4fc820001bc1609,扑克牌ps笔刷procreate笔刷爱心卡牌黑桃方块花纹背景装饰素材,medium,商品已下架/冻结,19000,0.0,WATCH,67c51e0e59cc350015bfb7b8,喜柿素材的店,2026-06-18 13:38:14,web_full,,1
69e5a60283700100011620dc,2026年新款电器家电家具家装CAD动态图库设计方案平面图素材模块,medium,商品已下架/冻结,19000,0.0,WATCH,67c51e0e59cc350015bfb7b8,喜柿素材的店,2026-06-18 13:38:14,web_full,,1
69dc98dd6ba4080001ff6a52,春秋金色艺术绘画抽象丙烯颜料油画肌理纹理底纹背景高清图片素材,medium,商品已下架/冻结,19000,0.0,WATCH,67c51e0e59cc350015bfb7b8,喜柿素材的店,2026-06-18 13:38:14,web_full,,1
69dc99406fc3520001117c29,复古水彩花卉花环花边拼贴英文字母婚礼邀请函PNG免扣图片PS素材,medium,商品已下架/冻结,19000,0.0,WATCH,67c51e0e59cc350015bfb7b8,喜柿素材的店,2026-06-18 13:38:14,web_full,,1
69e59ffc57d5bd00017fd3c8,sp赛博朋克贴花科幻科机械贴blender数字纹理贴图alpha通道c4d,medium,商品已下架/冻结,19000,0.0,WATCH,67c51e0e59cc350015bfb7b8,喜柿素材的店,2026-06-18 13:38:15,web_full,,1
69dc9a806ba4080001ffb3a8,端午节竹子新中式国风美陈背景板DP打卡点创意AI设计素材,medium,商品已下架/冻结,19000,0.0,WATCH,67c51e0e59cc350015bfb7b8,喜柿素材的店,2026-06-18 13:38:15,web_full,,1
69e59deb21dc630001f26064,端午节龙舟粽子手举牌拍照框道具物料贴纸kt板插画ai矢量设计素材,medium,商品已下架/冻结,19000,0.0,WATCH,67c51e0e59cc350015bfb7b8,喜柿素材的店,2026-06-18 13:38:15,web_full,,1
69f1d26064eb4100012596b3,procreate笔刷ps笔刷水纹光波涟漪水面海面湖光月色手绘插画素材,medium,商品已下架/冻结,19000,0.0,WATCH,67c51e0e59cc350015bfb7b8,喜柿素材的店,2026-06-18 13:38:15,web_full,,1
69dc99b198fb930001103844,2026春节新年马年几何抽象艺术插画海报包装图案AI矢量设计素材图,medium,商品已下架/冻结,19000,0.0,WATCH,67c51e0e59cc350015bfb7b8,喜柿素材的店,2026-06-18 13:38:15,web_full,,1
69f570b0c61d3a0001ad05bb,民宿平面布局方案CAD施工图纸 酒店客栈乡村改造装修设计工装图库,medium,商品已下架/冻结,19000,0.0,WATCH,67c51e0e59cc350015bfb7b8,喜柿素材的店,2026-06-18 13:38:15,web_full,,1
69e84a433a4daf00012d52fd,漫画起稿PS笔刷勾线手绘草图木炭肌理噪点勾边铅笔速写笔刷素材,medium,商品已下架/冻结,19000,0.0,WATCH,67c51e0e59cc350015bfb7b8,喜柿素材的店,2026-06-18 13:38:15,web_full,,1
69f982e0213e270001c2f2a2,食品包装袋自立自封袋密封八边封包装袋设计贴图PSD模板素材样机,medium,商品已下架/冻结,19000,0.0,WATCH,67c51e0e59cc350015bfb7b8,喜柿素材的店,2026-06-18 13:38:16,web_full,,1
69f9833b213e270001c2fda0,欧式纹样ps笔刷procreate笔刷西式复古服装花纹背景图样底纹素材,medium,商品已下架/冻结,19000,0.0,WATCH,67c51e0e59cc350015bfb7b8,喜柿素材的店,2026-06-18 13:38:16,web_full,,1
69e84b63c4fc820001148126,prae视频素材唯美春季绿色树叶竹叶飘落散开动画alpha带透明通道,medium,商品已下架/冻结,19000,0.0,WATCH,67c51e0e59cc350015bfb7b8,喜柿素材的店,2026-06-18 13:38:16,web_full,,1
69eed311d4c111000158f856,幼儿园小学图书阅读主题墙环创素材主题环创电子模板可打印,medium,商品已下架/冻结,19000,0.0,WATCH,67c51e0e59cc350015bfb7b8,喜柿素材的店,2026-06-18 13:38:28,web_full,,1
69e84acad4c1110001b1868d,procreate笔刷漫画起稿勾线勾边书写墨水速写绘画手绘ps笔刷素材,medium,商品已下架/冻结,19000,0.0,WATCH,67c51e0e59cc350015bfb7b8,喜柿素材的店,2026-06-18 13:38:29,web_full,,1
69f1d15103d8930001e37f6a,别墅花园庭院公园设计方案CAD图库平面图植物园林景观施工图素材,medium,商品已下架/冻结,19000,0.0,WATCH,67c51e0e59cc350015bfb7b8,喜柿素材的店,2026-06-18 13:38:29,web_full,,1
69fd60f7f888bb0001732820,700套剪映模板草稿旅行卡点企业宣传团建抖音视频转场素材滤镜,medium,商品已下架/冻结,19000,0.0,WATCH,67c51e0e59cc350015bfb7b8,喜柿素材的店,2026-06-18 13:39:28,web_full,,1
69fd6346a5715f0001247b69,可视化数据大屏设计PS模板蓝色科技数字孪生设计素材UI界面,medium,商品已下架/冻结,19000,0.0,WATCH,67c51e0e59cc350015bfb7b8,喜柿素材的店,2026-06-18 13:39:28,web_full,,1
6a002180721fd30001f83182,word版员工入职体检报告模板体检表医疗健康职业三甲可编辑电子版,medium,商品已下架/冻结,19000,0.0,WATCH,67c51e0e59cc350015bfb7b8,喜柿素材的店,2026-06-18 13:39:28,web_full,,1
6a0021cad5002000013c4a7d,ps笔刷procreate笔刷蕾丝花边镂空纺织边框边角花纹式样装饰素材,medium,商品已下架/冻结,19000,0.0,WATCH,67c51e0e59cc350015bfb7b8,喜柿素材的店,2026-06-18 13:39:28,web_full,,1
6a0300c037884400014b936b,su模型布艺刺绣皮影戏剧非遗文化展厅博物馆中式传统民俗展览馆,medium,商品已下架/冻结,19000,0.0,WATCH,67c51e0e59cc350015bfb7b8,喜柿素材的店,2026-06-18 13:39:29,web_full,,1
6a03012b3eb97c00014f45f3,电子版A4方格纸本模板Word格式,medium,商品已下架/冻结,19000,0.0,WATCH,67c51e0e59cc350015bfb7b8,喜柿素材的店,2026-06-18 13:39:29,web_full,,1
6a03019d273c7d000114bf1d,procreate笔刷格子纹理ps笔刷格纹服装服饰面料布料可爱网格背景,medium,商品已下架/冻结,19000,0.0,WATCH,67c51e0e59cc350015bfb7b8,喜柿素材的店,2026-06-18 13:39:29,web_full,,1
6a0301d837884400014baa2f,小学生个人作文作品集合册子作文合集模板WORD版可编辑修改打印,medium,商品已下架/冻结,19000,0.0,WATCH,67c51e0e59cc350015bfb7b8,喜柿素材的店,2026-06-18 13:39:29,web_full,,1
6a03022e0283e20001ac24df,星星纹样ps笔刷procreate笔刷可爱闪光星光手帐装饰背景涂鸦素材,medium,商品已下架/冻结,19000,0.0,WATCH,67c51e0e59cc350015bfb7b8,喜柿素材的店,2026-06-18 13:39:29,web_full,,1
6a030276f3ef8300014c04ed,活动中心SU模型 老年青少年社区建筑大学生服务运动场馆草图大师,medium,商品已下架/冻结,19000,0.0,WATCH,67c51e0e59cc350015bfb7b8,喜柿素材的店,2026-06-18 13:39:29,web_full,,1
6a030364273c7d000114e8e8,clip格式CSP模型 CSP苗条女性3D模型 CSP人物3D模型,medium,商品已下架/冻结,19000,0.0,WATCH,67c51e0e59cc350015bfb7b8,喜柿素材的店,2026-06-18 13:39:29,web_full,,1
6a045259f3ef8300016c57e3,国潮敦煌唐风祥云飞天大漠古典中国古风动态舞台LED背景视频模板,medium,商品已下架/冻结,19000,0.0,WATCH,67c51e0e59cc350015bfb7b8,喜柿素材的店,2026-06-18 13:39:29,web_full,,1
6a04587e22eb6500019f837d,PPT交互动态多图片轮播模板,medium,商品已下架/冻结,19000,0.0,WATCH,67c51e0e59cc350015bfb7b8,喜柿素材的店,2026-06-18 13:39:29,web_full,,1
69fc048615602900010fec41,言情霸道总裁土味儿情侣婚纱照迎宾KV架海报设计模板,medium,商品已下架/冻结,19000,0.0,WATCH,67c51e0e59cc350015bfb7b8,喜柿素材的店,2026-06-18 13:39:36,web_full,,1
6a0452d4d500200001a5e110,红色系大气主题ppt背景25页,medium,商品已下架/冻结,19000,0.0,WATCH,67c51e0e59cc350015bfb7b8,喜柿素材的店,2026-06-18 13:39:37,web_full,,1
69fc03a66bdc38000147330e,毕业季美陈拍照框拱门设计布置模板,medium,商品已下架/冻结,19000,0.0,WATCH,67c51e0e59cc350015bfb7b8,喜柿素材的店,2026-06-18 13:39:40,web_full,,1
69fc064d213e27000100ca15,红色中式婚礼背景山水明月千里江山祥云模板,medium,商品已下架/冻结,19000,0.0,WATCH,67c51e0e59cc350015bfb7b8,喜柿素材的店,2026-06-18 13:39:40,web_full,,1
67e7ce770f9d600001203d08,102篇亲子情景英语短文 支持小达人小蝌蚪等点读笔点读（不含笔）,medium,商品已下架/冻结,19000,0.0,WATCH,629865960ba859000139a7c1,Kara爱学习的店,2026-06-18 15:37:29,web_full,,1
64a4518c3b99b20001fd2832,怀孕一天一页 怀孕每周吃什么  孕期指南 孕妇大全,medium,商品已下架/冻结,19000,0.0,WATCH,,,2026-06-18 15:37:38,web_full,,1
69f96c048c2c23000108deed,【现摘】毛桃新鲜水果桃子毛桃包邮产地直发当季毛桃,medium,商品已下架/冻结,19000,0.0,WATCH,690af207c2678f0015c6016a,旺旺桃桃的店,2026-06-18 15:39:16,web_full,,1
67da827827596b00158c5984,有间·三联生活周刊 考古中国特刊 漫游四大博物馆 环球寻味记特刊,medium,商品已下架/冻结,18000,0.0,WATCH,67d7cee410c8cd0015d7fdb1,有间书店的店,2026-06-18 15:39:31,web_full,,1
69e3ba15a8edd1000186849d,端午粽子肉粽鲜肉大粽五花肉蛋黄粽子手工新鲜粽子嘉兴即食早餐,medium,商品已下架/冻结,18000,0.0,WATCH,,,2026-06-18 15:39:33,web_full,,1
6a103b94bd63a3000125eac8,倾曼雅·夏季薄款慵懒波点休闲女微喇遛弯裤高腰显瘦休闲喇叭拖地裤子,medium,商品已下架/冻结,18000,0.0,WATCH,64a95edcaad9af00013cf63e,小鹅学姐穿搭的店,2026-06-18 15:40:02,web_full,,1
6a103b94bd63a3000125eace,夏季薄款慵懒波点休闲女微喇遛弯裤高腰显瘦休闲喇叭拖地裤子,medium,商品已下架/冻结,18000,0.0,WATCH,,小鹅学姐穿搭的店,2026-06-18 15:41:12,web_full,,1
69be82735e5f0500019e2c44,夏季薄款慵懒波点休闲女微喇遛弯裤高腰显瘦休闲喇叭拖地裤子,medium,商品已下架/冻结,18000,0.0,WATCH,,,2026-06-18 15:41:13,web_full,,1
6a1942fd94d5830001a4e0af,老品种水蜜桃毛桃正宗桃子新鲜当季孕妇水果现摘鲜桃脆桃蜜桃,medium,商品已下架/冻结,18000,0.0,WATCH,,,2026-06-18 15:41:16,web_full,,1
65fb9af4921c16000114dc9f,【中小学必备】2026新款世界&中国3D立体凹凸地图,medium,商品已下架/冻结,17000,0.0,NEW,,,2026-06-18 15:41:20,web_full,,1
659768838c2f570001a298dd,【中小学必备】2026新款世界&中国3D立体凹凸地图,medium,商品已下架/冻结,17000,0.0,WATCH,,深柳学堂的店,2026-06-18 15:41:23,web_full,,1
63de099f291493000138ba55,新版一二三四五六年级上册下册语文重点知识集锦课本归纳汇总复习,medium,商品已下架/冻结,17000,0.0,WATCH,,佳佳学霸图书店的店,2026-06-18 15:41:25,web_full,,1
65fb9af4921c16000114dc99,【中小学必备】2026新款世界&中国3D立体凹凸地图,medium,商品已下架/冻结,17000,0.0,WATCH,,深柳学堂的店,2026-06-18 15:41:31,web_full,,1
67339cc46a6c180001c13547,新版一二三四五六年级上册下册语文重点知识集锦课本归纳汇总复习,medium,商品已下架/冻结,17000,0.0,WATCH,6372dc1c83f0d000019e3f11,佳佳学霸图书店的店,2026-06-18 15:41:32,web_full,,1
672cfa721819350001080063,新版一二三四五六年级上册下册语文重点知识集锦课本归纳汇总复习,medium,商品已下架/冻结,17000,0.0,WATCH,,,2026-06-18 15:41:36,web_full,,1
67339cc46a6c180001c13505,新版一二三四五六年级上册下册语文重点知识集锦课本归纳汇总复习,medium,商品已下架/冻结,17000,0.0,WATCH,,,2026-06-18 15:41:38,web_full,,1
65139c0a67a5a0000105129a,新版一二三四五六年级上册下册语文重点知识集锦课本归纳汇总复习,medium,商品已下架/冻结,17000,0.0,WATCH,,,2026-06-18 15:41:42,web_full,,1
67339cc56a6c180001c13595,新版一二三四五六年级上册下册语文重点知识集锦课本归纳汇总复习,medium,商品已下架/冻结,17000,0.0,WATCH,,佳佳学霸图书店的店,2026-06-18 15:41:43,web_full,,1
6759f05dccfbf9000137817a,新版一二三四五六年级上册下册语文重点知识集锦课本归纳汇总复习,medium,商品已下架/冻结,17000,0.0,WATCH,,,2026-06-18 15:41:43,web_full,,1
6759f05eccfbf900013781c5,新版一二三四五六年级上册下册语文重点知识集锦课本归纳汇总复习,medium,商品已下架/冻结,17000,0.0,WATCH,,,2026-06-18 15:41:43,web_full,,1
6759f05eccfbf900013781a4,新版一二三四五六年级上册下册语文重点知识集锦课本归纳汇总复习,medium,商品已下架/冻结,17000,0.0,WATCH,,,2026-06-18 15:41:43,web_full,,1
6759f05eccfbf900013781d1,新版一二三四五六年级上册下册语文重点知识集锦课本归纳汇总复习,medium,商品已下架/冻结,17000,0.0,WATCH,,,2026-06-18 15:41:43,web_full,,1
67339cc56a6c180001c13589,新版一二三四五六年级上册下册语文重点知识集锦课本归纳汇总复习,medium,商品已下架/冻结,17000,0.0,WATCH,,,2026-06-18 15:41:43,web_full,,1
6759f05eccfbf900013781b9,新版一二三四五六年级上册下册语文重点知识集锦课本归纳汇总复习,medium,商品已下架/冻结,17000,0.0,WATCH,,,2026-06-18 15:41:43,web_full,,1
6759f05dccfbf90001378174,新版一二三四五六年级上册下册语文重点知识集锦课本归纳汇总复习,medium,商品已下架/冻结,17000,0.0,WATCH,,,2026-06-18 15:41:43,web_full,,1
6759f05eccfbf900013781a7,新版一二三四五六年级上册下册语文重点知识集锦课本归纳汇总复习,medium,商品已下架/冻结,17000,0.0,WATCH,,,2026-06-18 15:41:43,web_full,,1
6759f05eccfbf900013781b6,新版一二三四五六年级上册下册语文重点知识集锦课本归纳汇总复习,medium,商品已下架/冻结,17000,0.0,WATCH,,,2026-06-18 15:41:43,web_full,,1
67339cc46a6c180001c1352f,新版一二三四五六年级上册下册语文重点知识集锦课本归纳汇总复习,medium,商品已下架/冻结,17000,0.0,WATCH,,,2026-06-18 15:41:43,web_full,,1
67339cc46a6c180001c13559,新版一二三四五六年级上册下册语文重点知识集锦课本归纳汇总复习,medium,商品已下架/冻结,17000,0.0,WATCH,,,2026-06-18 15:41:43,web_full,,1
6759f05eccfbf900013781ce,新版一二三四五六年级上册下册语文重点知识集锦课本归纳汇总复习,medium,商品已下架/冻结,17000,0.0,WATCH,,,2026-06-18 15:41:43,web_full,,1
65139c0a67a5a000010512a0,新版一二三四五六年级上册下册语文重点知识集锦课本归纳汇总复习,medium,商品已下架/冻结,17000,0.0,WATCH,,,2026-06-18 15:41:44,web_full,,1
6759f05eccfbf90001378183,新版一二三四五六年级上册下册语文重点知识集锦课本归纳汇总复习,medium,商品已下架/冻结,17000,0.0,WATCH,,,2026-06-18 15:41:44,web_full,,1
6759f05eccfbf90001378186,新版一二三四五六年级上册下册语文重点知识集锦课本归纳汇总复习,medium,商品已下架/冻结,17000,0.0,WATCH,,,2026-06-18 15:41:44,web_full,,1
6759f05eccfbf90001378198,新版一二三四五六年级上册下册语文重点知识集锦课本归纳汇总复习,medium,商品已下架/冻结,17000,0.0,WATCH,,,2026-06-18 15:41:44,web_full,,1
67339cc56a6c180001c13592,新版一二三四五六年级上册下册语文重点知识集锦课本归纳汇总复习,medium,商品已下架/冻结,17000,0.0,WATCH,,,2026-06-18 15:41:44,web_full,,1
6759f05eccfbf900013781b3,新版一二三四五六年级上册下册语文重点知识集锦课本归纳汇总复习,medium,商品已下架/冻结,17000,0.0,WATCH,,,2026-06-18 15:41:44,web_full,,1
67339cc56a6c180001c1359e,新版一二三四五六年级上册下册语文重点知识集锦课本归纳汇总复习,medium,商品已下架/冻结,17000,0.0,WATCH,,,2026-06-18 15:41:44,web_full,,1
6759f05eccfbf90001378195,新版一二三四五六年级上册下册语文重点知识集锦课本归纳汇总复习,medium,商品已下架/冻结,17000,0.0,WATCH,,,2026-06-18 15:41:44,web_full,,1
67339cc46a6c180001c1351a,新版一二三四五六年级上册下册语文重点知识集锦课本归纳汇总复习,medium,商品已下架/冻结,17000,0.0,WATCH,6372dc1c83f0d000019e3f11,佳佳学霸图书店的店,2026-06-18 15:41:45,web_full,,1
67339cc46a6c180001c1355c,新版一二三四五六年级上册下册语文重点知识集锦课本归纳汇总复习,medium,商品已下架/冻结,17000,0.0,WATCH,,,2026-06-18 15:41:45,web_full,,1
67339cc46a6c180001c134fc,新版一二三四五六年级上册下册语文重点知识集锦课本归纳汇总复习,medium,商品已下架/冻结,17000,0.0,WATCH,,,2026-06-18 15:41:45,web_full,,1
67339cc46a6c180001c1354d,新版一二三四五六年级上册下册语文重点知识集锦课本归纳汇总复习,medium,商品已下架/冻结,17000,0.0,WATCH,,,2026-06-18 15:41:45,web_full,,1
6759f05eccfbf900013781aa,新版一二三四五六年级上册下册语文重点知识集锦课本归纳汇总复习,medium,商品已下架/冻结,17000,0.0,WATCH,,,2026-06-18 15:41:47,web_full,,1
67339cc46a6c180001c13562,新版一二三四五六年级上册下册语文重点知识集锦课本归纳汇总复习,medium,商品已下架/冻结,17000,0.0,WATCH,,,2026-06-18 15:41:48,web_full,,1
63de099c291493000138b567,新版一二三四五六年级上册下册语文重点知识集锦课本归纳汇总复习,medium,商品已下架/冻结,17000,0.0,WATCH,,佳佳学霸图书店的店,2026-06-18 15:41:48,web_full,,1
6759f05eccfbf900013781b0,新版一二三四五六年级上册下册语文重点知识集锦课本归纳汇总复习,medium,商品已下架/冻结,17000,0.0,WATCH,,,2026-06-18 15:41:49,web_full,,1
65fb9af4921c16000114dc9c,【中小学必备】2026新款世界&中国3D立体凹凸地图,medium,商品已下架/冻结,17000,0.0,WATCH,,,2026-06-18 15:41:50,web_full,,1
63de099e291493000138b8b3,新版一二三四五六年级上册下册语文重点知识集锦课本归纳汇总复习,medium,商品已下架/冻结,17000,0.0,WATCH,6372dc1c83f0d000019e3f11,佳佳学霸图书店的店,2026-06-18 15:41:51,web_full,,1
67339cc56a6c180001c135aa,新版一二三四五六年级上册下册语文重点知识集锦课本归纳汇总复习,medium,商品已下架/冻结,17000,0.0,WATCH,6372dc1c83f0d000019e3f11,佳佳学霸图书店的店,2026-06-18 15:42:55,web_full,,1
65139c0a67a5a000010512a6,新版一二三四五六年级上册下册语文重点知识集锦课本归纳汇总复习,medium,商品已下架/冻结,17000,0.0,WATCH,6372dc1c83f0d000019e3f11,佳佳学霸图书店的店,2026-06-18 15:42:56,web_full,,1
6759f05eccfbf900013781c8,新版一二三四五六年级上册下册语文重点知识集锦课本归纳汇总复习,medium,商品已下架/冻结,17000,0.0,WATCH,,佳佳学霸图书店的店,2026-06-18 15:42:58,web_full,,1
65139c0a67a5a000010512be,新版一二三四五六年级上册下册语文重点知识集锦课本归纳汇总复习,medium,商品已下架/冻结,17000,0.0,WATCH,6372dc1c83f0d000019e3f11,佳佳学霸图书店的店,2026-06-18 15:42:59,web_full,,1
67339cc46a6c180001c1354a,新版一二三四五六年级上册下册语文重点知识集锦课本归纳汇总复习,medium,商品已下架/冻结,17000,0.0,WATCH,,,2026-06-18 15:43:04,web_full,,1
63de099d291493000138b66f,新版一二三四五六年级上册下册语文重点知识集锦课本归纳汇总复习,medium,商品已下架/冻结,17000,0.0,WATCH,,,2026-06-18 15:43:04,web_full,,1
67339cc56a6c180001c13583,新版一二三四五六年级上册下册语文重点知识集锦课本归纳汇总复习,medium,商品已下架/冻结,17000,0.0,WATCH,6372dc1c83f0d000019e3f11,佳佳学霸图书店的店,2026-06-18 15:43:04,web_full,,1
67339cc56a6c180001c13577,新版一二三四五六年级上册下册语文重点知识集锦课本归纳汇总复习,medium,商品已下架/冻结,17000,0.0,WATCH,,,2026-06-18 15:43:04,web_full,,1
65976884a9949900018a5d04,【中小学必备】2026新款世界&中国3D立体凹凸地图,medium,商品已下架/冻结,17000,0.0,WATCH,,,2026-06-18 15:43:04,web_full,,1
672cf9586a6c180001925d56,新版一二三四五六年级上册下册语文重点知识集锦课本归纳汇总复习,medium,商品已下架/冻结,17000,0.0,WATCH,,,2026-06-18 15:43:07,web_full,,1
65139c0a67a5a000010512b8,新版一二三四五六年级上册下册语文重点知识集锦课本归纳汇总复习,medium,商品已下架/冻结,17000,0.0,WATCH,6372dc1c83f0d000019e3f11,佳佳学霸图书店的店,2026-06-18 15:43:07,web_full,,1
63de099c291493000138b461,新版一二三四五六年级上册下册语文重点知识集锦课本归纳汇总复习,medium,商品已下架/冻结,17000,0.0,WATCH,6372dc1c83f0d000019e3f11,佳佳学霸图书店的店,2026-06-18 15:43:08,web_full,,1
63de09a0291493000138baf4,新版一二三四五六年级上册下册语文重点知识集锦课本归纳汇总复习,medium,商品已下架/冻结,17000,0.0,WATCH,6372dc1c83f0d000019e3f11,佳佳学霸图书店的店,2026-06-18 15:43:08,web_full,,1
65976884b3e0310001bb606f,【中小学必备】2026新款世界&中国3D立体凹凸地图,medium,商品已下架/冻结,17000,0.0,WATCH,65968b6469a8470001e504c8,深柳学堂的店,2026-06-18 15:43:09,web_full,,1
63de099b291493000138b12a,新版一二三四五六年级上册下册语文重点知识集锦课本归纳汇总复习,medium,商品已下架/冻结,17000,0.0,WATCH,6372dc1c83f0d000019e3f11,佳佳学霸图书店的店,2026-06-18 15:43:09,web_full,,1
687dfd02f71ffd00156efa14,太香了！浪漫邂逅女香持久清新香氛喷雾正品空气芳香剂,medium,商品已下架/冻结,16000,0.0,NEW,,,2026-06-18 15:43:15,web_full,,1
687dfd02f71ffd00156efa0c,太香了！浪漫邂逅女香持久清新香氛喷雾正品空气芳香剂,medium,商品已下架/冻结,16000,0.0,WATCH,,,2026-06-18 15:43:17,web_full,,1
64630a9683e9510001914dd8,宝宝辅食跟我做0-3岁宝宝辅食书辅食营养餐做法 婴儿辅食宝宝脾胃,medium,商品已下架/冻结,16000,0.0,WATCH,,,2026-06-18 15:44:47,web_full,,1
66fbfffb75e23c000135dce5,宝宝辅食跟我做0-3岁宝宝辅食书辅食营养餐做法 婴儿辅食宝宝脾胃,medium,商品已下架/冻结,16000,0.0,WATCH,,,2026-06-18 15:44:51,web_full,,1
687dfd02f71ffd00156efa10,太香了！浪漫邂逅女香持久清新香氛喷雾正品空气芳香剂,medium,商品已下架/冻结,16000,0.0,WATCH,,,2026-06-18 15:44:56,web_full,,1
681716c8afdaa60001b5f112,人像摄影证件照帮拍套餐 搭配服务（刘海问题服饰搭配服务）,medium,商品已下架/冻结,15000,0.0,WATCH,665afef700444d0001e08bf2,静静修图师的店,2026-06-18 15:45:13,web_full,,1
6612b7bab19930000147dfcd,【限时特惠】男士蔚蓝大吉岭茶衣物香氛喷雾持久留香,medium,商品已下架/冻结,15000,0.0,NEW,,,2026-06-18 15:45:18,web_full,,1
665b4d00fc13120001f2b0f8,人像摄影证件照帮拍套餐 搭配服务（刘海问题服饰搭配服务）,medium,商品已下架/冻结,15000,0.0,WATCH,,静静修图师的店,2026-06-18 15:45:19,web_full,,1
66e1b3c21e3d5f0001a84045,人像摄影证件照帮拍套餐 搭配服务（刘海问题服饰搭配服务）,medium,商品已下架/冻结,15000,0.0,WATCH,,,2026-06-18 15:45:27,web_full,,1
665bc79a09a55b0001889df8,人像摄影证件照帮拍套餐 搭配服务（刘海问题服饰搭配服务）,medium,商品已下架/冻结,15000,0.0,WATCH,,,2026-06-18 15:45:31,web_full,,1
665b4d00fc13120001f2b0fe,人像摄影证件照帮拍套餐 搭配服务（刘海问题服饰搭配服务）,medium,商品已下架/冻结,15000,0.0,WATCH,,,2026-06-18 15:46:47,web_full,,1
68b0046862c1ee00015eaef3,中英版情侣卡牌趣味桌游情侣礼物情侣游戏生日礼物送闺蜜明星同款,medium,商品已下架/冻结,15000,0.0,WATCH,,莓辣的店,2026-06-18 15:46:48,web_full,,1
665b4d00fc13120001f2b0f5,人像摄影证件照帮拍套餐 搭配服务（刘海问题服饰搭配服务）,medium,商品已下架/冻结,15000,0.0,WATCH,,,2026-06-18 15:46:50,web_full,,1
665b4d00fc13120001f2b0f2,人像摄影证件照帮拍套餐 搭配服务（刘海问题服饰搭配服务）,medium,商品已下架/冻结,15000,0.0,WATCH,,,2026-06-18 15:47:15,web_full,,1
665b4d00fc13120001f2b0fb,人像摄影证件照帮拍套餐 搭配服务（刘海问题服饰搭配服务）,medium,商品已下架/冻结,15000,0.0,WATCH,,,2026-06-18 15:47:17,web_full,,1
68b0046862c1ee00015eaef6,中英版情侣卡牌趣味桌游情侣礼物情侣游戏生日礼物送闺蜜明星同款,medium,商品已下架/冻结,15000,0.0,WATCH,,,2026-06-18 15:47:19,web_full,,1
68b0046862c1ee00015eaeed,莓辣·中英版情侣卡牌趣味桌游情侣礼物情侣游戏生日礼物送闺蜜明星同款,medium,商品已下架/冻结,15000,0.0,WATCH,6728981fd48b0b001510490f,莓辣的店,2026-06-18 15:47:20,web_full,,1
659228374207d300018b3b0f,官方正版抖音同款好好接话书说话技巧书籍高情商聊天术口才书,medium,商品已下架/冻结,15000,0.0,WATCH,658d4098e27ff70001993ee4,X鑫谷图书的店,2026-06-18 15:47:20,web_full,,1
659228374207d300018b3b0c,官方正版抖音同款好好接话书说话技巧书籍高情商聊天术口才书,medium,商品已下架/冻结,15000,0.0,WATCH,658d4098e27ff70001993ee4,X鑫谷图书的店,2026-06-18 15:47:21,web_full,,1
654f90e644a0ce0001291b79,最新100个申论必看热点·电子版自动发货·持续更新中,medium,商品已下架/冻结,14000,0.0,WATCH,654e16176b64ee0001a6527c,手把手学申论的店,2026-06-18 13:47:44,web_full,,1
68ce94e69b776a001515aeb8,手抄經书，芯經 洒金抄经静心祈福小楷书法成人初学者描红字帖,medium,商品已下架/冻结,14000,0.0,WATCH,663c3c34a275880001880ae3,依依在修行的店,2026-06-18 15:47:29,web_full,,1
64e310a2d99ce10001aa00bc,中国纺织出版社·TED精读计划【官方正版】皮质活页TED演讲稿赠送双语音频视频口语,medium,商品已下架/冻结,14000,0.0,WATCH,64df1f2e79390000013ac1b3,创意小兔的店,2026-06-18 15:47:30,web_full,,1
64e588244b3297000176e22d,青春期男孩女孩成长手册初中儿子孩子性教育父母育儿书籍早恋叛逆,medium,商品已下架/冻结,14000,0.0,WATCH,,,2026-06-18 15:47:31,web_full,,1
69d85993287cd50015255cbb,【父亲节礼物独立包装】2026新款超大生日创意红包袋新年礼物,medium,商品已下架/冻结,14000,0.0,NEW,,,2026-06-18 15:47:39,web_full,,1
69d85993287cd50015255cb5,【父亲节礼物独立包装】2026新款超大生日创意红包袋新年礼物,medium,商品已下架/冻结,14000,0.0,NEW,,,2026-06-18 15:47:41,web_full,,1
692d39072cf0ca00012b0fcd,手抄經书，芯經 洒金抄经静心祈福小楷书法成人初学者描红字帖,medium,商品已下架/冻结,14000,0.0,WATCH,,,2026-06-18 15:47:43,web_full,,1
693ae1e3a454e8000158be4a,手抄經书，芯經 洒金抄经静心祈福小楷书法成人初学者描红字帖,medium,商品已下架/冻结,14000,0.0,WATCH,,依依在修行的店,2026-06-18 15:47:43,web_full,,1
6932ea8014f9d8000155fdc4,手抄經书，芯經 洒金抄经静心祈福小楷书法成人初学者描红字帖,medium,商品已下架/冻结,14000,0.0,WATCH,,,2026-06-18 15:47:43,web_full,,1
69325d9783efdb000147564d,手抄經书，芯經 洒金抄经静心祈福小楷书法成人初学者描红字帖,medium,商品已下架/冻结,14000,0.0,WATCH,,,2026-06-18 15:47:48,web_full,,1
68ad86dc0c1e9b0001520462,TED精读计划【官方正版】皮质活页TED演讲稿赠送双语音频视频口语,medium,商品已下架/冻结,14000,0.0,WATCH,,,2026-06-18 15:47:52,web_full,,1
68ce94e69b776a001515aec4,手抄經书，芯經 洒金抄经静心祈福小楷书法成人初学者描红字帖,medium,商品已下架/冻结,14000,0.0,WATCH,663c3c34a275880001880ae3,依依在修行的店,2026-06-18 15:47:54,web_full,,1
69d85993287cd50015255ca7,【中高考礼物独立包装】2026新款超大生日创意卡通红包袋新年,medium,商品已下架/冻结,14000,0.0,WATCH,68ac7169549bc40015f0dcbe,美美桑那🐽的店,2026-06-18 15:47:56,web_full,,1
69d85993287cd50015255cb3,【父亲节礼物独立包装】2026新款超大生日创意红包袋新年礼物,medium,商品已下架/冻结,14000,0.0,NEW,,,2026-06-18 15:48:57,web_full,,1
659372aa1105ca0001b92360,【立减20元】TED正版书籍 2025新款 TED演讲精读  英语提升必备,medium,商品已下架/冻结,14000,0.0,WATCH,644b2bf3ade08100014e9101,TED每日精读的店,2026-06-18 15:48:58,web_full,,1
65910f1460d1170001a57e90,TED精读计划【官方正版】皮质活页TED演讲稿赠送双语音频视频口语,medium,商品已下架/冻结,14000,0.0,WATCH,,创意小兔的店,2026-06-18 15:49:00,web_full,,1
66729665c19f1f0001b67567,青春期男孩女孩成长手册初中儿子孩子性教育父母育儿书籍早恋叛逆,medium,商品已下架/冻结,14000,0.0,WATCH,,,2026-06-18 15:49:08,web_full,,1
65618251d28d5d00018d12ca,听觉训练卡片语言句子故事理解益智幼儿园专注力提升亲子互动玩具,medium,商品已下架/冻结,14000,0.0,WATCH,,,2026-06-18 15:49:09,web_full,,1
664e05302e17240001a94f96,TED精读计划【官方正版】皮质活页TED演讲稿赠送双语音频视频口语,medium,商品已下架/冻结,14000,0.0,WATCH,,,2026-06-18 15:49:10,web_full,,1
692d39072cf0ca00012b0fd0,手抄經书，芯經 洒金抄经静心祈福小楷书法成人初学者描红字帖,medium,商品已下架/冻结,14000,0.0,WATCH,,,2026-06-18 15:49:10,web_full,,1
68ce94e69b776a001515aeba,手抄經书，芯經 洒金抄经静心祈福小楷书法成人初学者描红字帖,medium,商品已下架/冻结,14000,0.0,WATCH,,,2026-06-18 15:49:10,web_full,,1
6574655c0f74c600018e546f,听觉训练卡片语言句子故事理解益智幼儿园专注力提升亲子互动玩具,medium,商品已下架/冻结,14000,0.0,WATCH,,,2026-06-18 15:49:11,web_full,,1
633426851d16dd000111dced,小学1-6年级同步练字帖人教版点阵描红新版每日30字字帖,medium,商品已下架/冻结,14000,0.0,WATCH,,,2026-06-18 15:49:11,web_full,,1
65618251781bd80001dcefe4,听觉训练卡片语言句子故事理解益智幼儿园专注力提升亲子互动玩具,medium,商品已下架/冻结,14000,0.0,WATCH,63f9b96b4593870001116a3e,育梦益智好物的店,2026-06-18 15:49:13,web_full,,1
6334268554fe3200018302a7,小学1-6年级同步练字帖人教版点阵描红新版每日30字字帖,medium,商品已下架/冻结,14000,0.0,WATCH,6333e0d4b74d0a00017c799c,小萱萱同学的店,2026-06-18 15:49:13,web_full,,1
68ad86dc0c1e9b0001520468,TED精读计划【官方正版】皮质活页TED演讲稿赠送双语音频视频口语,medium,商品已下架/冻结,14000,0.0,WATCH,,创意小兔的店,2026-06-18 15:49:15,web_full,,1
68ce94e69b776a001515aebc,手抄經书，芯經 洒金抄经静心祈福小楷书法成人初学者描红字帖,medium,商品已下架/冻结,14000,0.0,WATCH,,,2026-06-18 15:49:20,web_full,,1
66729665c19f1f0001b67564,青春期男孩女孩成长手册初中儿子孩子性教育父母育儿书籍早恋叛逆,medium,商品已下架/冻结,14000,0.0,WATCH,,,2026-06-18 15:49:24,web_full,,1
64e58824040ca60001a5e90e,青春期男孩女孩成长手册初中儿子孩子性教育父母育儿书籍早恋叛逆,medium,商品已下架/冻结,14000,0.0,WATCH,,,2026-06-18 15:49:24,web_full,,1
69678fa53db79c000196c080,手抄經书，芯經 洒金抄经静心祈福小楷书法成人初学者描红字帖,medium,商品已下架/冻结,14000,0.0,WATCH,663c3c34a275880001880ae3,依依在修行的店,2026-06-18 15:49:28,web_full,,1
65007b8a21e2da00012cd0a0,小学1-6年级同步练字帖人教版点阵描红新版每日30字字帖,medium,商品已下架/冻结,14000,0.0,WATCH,6333e0d4b74d0a00017c799c,小萱萱同学的店,2026-06-18 15:49:28,web_full,,1
65fa945cd5d7430001c01c2b,备考26年6月大学英语四级考试指南华研外语英语四级真题八书合一,medium,商品已下架/冻结,13000,0.0,WATCH,65f011a07916650001e1d019,七星图书的店,2026-06-18 15:51:07,web_full,,1
69d85993287cd50015255ca1,【父亲节礼物独立包装】2026新款超大生日创意红包袋新年礼物,medium,商品已下架/冻结,13000,0.0,WATCH,,,2026-06-18 15:51:52,web_full,,1
69d85993287cd50015255c8d,【父亲节礼物独立包装】2026新款超大生日创意红包袋新年礼物,medium,商品已下架/冻结,13000,0.0,WATCH,,,2026-06-18 15:51:53,web_full,,1
661389d89422cf0001fea96c,备考26年6月大学英语四级考试指南华研外语英语四级真题八书合一,medium,商品已下架/冻结,13000,0.0,WATCH,,,2026-06-18 16:00:27,web_full,,1
69d85993287cd50015255c91,【中高考礼物独立包装】2026新款超大生日创意卡通红包袋新年,medium,商品已下架/冻结,13000,0.0,WATCH,,,2026-06-18 16:00:30,web_full,,1
668d591cd44b010001bfa7a9,备考26年6月大学英语四级考试指南华研外语英语四级真题八书合一,medium,商品已下架/冻结,13000,0.0,WATCH,65f011a07916650001e1d019,七星图书的店,2026-06-18 16:00:32,web_full,,1
68d74ff8c67e4700011b8e0d,五代蓝牙耳机无线高音质入耳式主动降噪运动跑步专用超长续航待机,medium,商品已下架/冻结,13000,0.0,WATCH,6601146ff0b53500013b9490,BOMY的店,2026-06-18 16:00:36,web_full,,1
678611d203b5e400014fbdc7,蓝牙无线键盘鼠标套装迷你ipad平板办公静音无声手机电脑笔记本,medium,商品已下架/冻结,12000,0.0,WATCH,,,2026-06-18 16:00:40,web_full,,1
678611d203b5e400014fbdcd,蓝牙无线键盘鼠标套装迷你ipad平板办公静音无声手机电脑笔记本,medium,商品已下架/冻结,12000,0.0,WATCH,,,2026-06-18 16:00:40,web_full,,1
64e5ff00e9e74f00019ca2d6,黄气球绘本 无字书 豆瓣9.7,medium,商品已下架/冻结,12000,0.0,WATCH,64bf78ec58540000010e69c8,狼外婆童书的店,2026-06-18 16:00:42,web_full,,1
654bd1ad54f29a0001e76dac,50天日常生活英语情景口语速成配套视频音频,medium,商品已下架/冻结,12000,0.0,WATCH,,,2026-06-18 16:00:44,web_full,,1
66038acceb34030001361af8,【小白入门】一口气漫画易经道德经正版原著学八字周易入门玄学,medium,商品已下架/冻结,12000,0.0,WATCH,65ea8883148a6f0001285faf,荔枝图书的店,2026-06-18 16:00:45,web_full,,1
6a1e9f3d0b81e1000115c1ab,蓝牙无线键盘鼠标套装迷你ipad平板办公静音无声手机电脑笔记本,medium,商品已下架/冻结,12000,0.0,WATCH,,,2026-06-18 16:02:00,web_full,,1
678611d203b5e400014fbdca,蓝牙无线键盘鼠标套装迷你ipad平板办公静音无声手机电脑笔记本,medium,商品已下架/冻结,12000,0.0,WATCH,,,2026-06-18 16:02:05,web_full,,1
6548dac154f0420001c41557,【正版】儿童全脑开发2~6岁幼儿左右脑连线书数学思维逻辑训练书,medium,商品已下架/冻结,12000,0.0,WATCH,,顾舟图书的店,2026-06-18 16:02:07,web_full,,1
65d30c4af24ebe0001545780,【26年新版】小学一二三年级语文默写纸拼音生字词语一二类字默写,medium,商品已下架/冻结,12000,0.0,WATCH,652ccdc20c40210001b1318c,莘莘图书的店,2026-06-18 16:02:07,web_full,,1
654bd5c78e317a000182acd6,50天日常生活英语情景口语速成配套视频音频,medium,商品已下架/冻结,12000,0.0,WATCH,,,2026-06-18 16:02:08,web_full,,1
654bd1ad54f29a0001e76daf,50天日常生活英语情景口语速成配套视频音频,medium,商品已下架/冻结,12000,0.0,WATCH,,,2026-06-18 16:02:08,web_full,,1
6548dac1c071690001a38b35,【正版】儿童全脑开发2~6岁幼儿左右脑连线书数学思维逻辑训练书,medium,商品已下架/冻结,12000,0.0,WATCH,,,2026-06-18 16:02:10,web_full,,1
6446b4678c785000010adca1,快乐读书吧1-6年级上下册小学语文教材推荐课外阅读书,medium,商品已下架/冻结,12000,0.0,WATCH,,瑭瑭妈妈的店,2026-06-18 16:02:10,web_full,,1
6713be35deb6c2000172c3d4,黄气球绘本 无字书 豆瓣9.7,medium,商品已下架/冻结,12000,0.0,WATCH,64bf78ec58540000010e69c8,狼外婆童书的店,2026-06-18 16:03:23,web_full,,1
66038acc88cee30001bd63e6,【小白入门】一口气漫画易经道德经正版原著学八字周易入门玄学,medium,商品已下架/冻结,12000,0.0,WATCH,65ea8883148a6f0001285faf,荔枝图书的店,2026-06-18 16:03:23,web_full,,1
692e91fe47579d000186d4c5,【26年新版】小学一二三年级语文默写纸拼音生字词语一二类字默写,medium,商品已下架/冻结,12000,0.0,WATCH,,,2026-06-18 16:03:26,web_full,,1
690610443f37a9000193b2ce,【26年新版】小学一二三年级语文默写纸拼音生字词语一二类字默写,medium,商品已下架/冻结,12000,0.0,WATCH,652ccdc20c40210001b1318c,莘莘图书的店,2026-06-18 16:03:26,web_full,,1
690610443f37a9000193b2cb,【26年新版】小学一二三年级语文默写纸拼音生字词语一二类字默写,medium,商品已下架/冻结,12000,0.0,WATCH,,,2026-06-18 16:03:26,web_full,,1
69d85993287cd50015255c8f,【中高考礼物独立包装】2026新款超大生日创意卡通红包袋新年,medium,商品已下架/冻结,12000,0.0,WATCH,68ac7169549bc40015f0dcbe,美美桑那🐽的店,2026-06-18 16:03:26,web_full,,1
692e91fe47579d000186d4d0,【26年新版】小学一二三年级语文默写纸拼音生字词语一二类字默写,medium,商品已下架/冻结,12000,0.0,WATCH,,,2026-06-18 16:03:26,web_full,,1
69b4fb3bab6d1e0001c52663,笔记同款 笔记同款 1翻译,medium,商品已下架/冻结,12000,0.0,WATCH,690b1c9970532b00157acf7c,绛绛绛绛绛的店,2026-06-18 16:03:26,web_full,,1
69b4fb3bab6d1e0001c52666,笔记同款 笔记同款 1翻译,medium,商品已下架/冻结,12000,0.0,WATCH,690b1c9970532b00157acf7c,绛绛绛绛绛的店,2026-06-18 16:03:27,web_full,,1
69b4fb3bab6d1e0001c5265a,笔记同款 笔记同款 1翻译,medium,商品已下架/冻结,12000,0.0,WATCH,690b1c9970532b00157acf7c,绛绛绛绛绛的店,2026-06-18 16:03:27,web_full,,1
69b4fb3bab6d1e0001c5265d,笔记同款 笔记同款 1翻译,medium,商品已下架/冻结,12000,0.0,WATCH,690b1c9970532b00157acf7c,绛绛绛绛绛的店,2026-06-18 16:03:27,web_full,,1
696207572abfb100014008b8,北京草桥大兴快轨专线单程,medium,商品已下架/冻结,12000,0.0,WATCH,6960bd35fb82100015eaa764,草桥到大兴专线的店,2026-06-18 16:03:27,web_full,,1
6811e0c6aca44900010aac06,88页仪表板UX线框图sketch，xd格式(包含两个完整的流程图),medium,商品已下架/冻结,11000,0.0,WATCH,66ef843f72275e0015543a1f,每天说设计的店,2026-06-18 13:34:46,web_full,,1
69f75b236eeaf700013fccec,APP作品集UI/UX展示模板figma格式,medium,商品已下架/冻结,11000,0.0,WATCH,66ef843f72275e0015543a1f,每天说设计的店,2026-06-18 13:34:46,web_full,,1
680497251374670001c7ff56,"25个三个样式AI人工智能图标集svg,figma格式",medium,商品已下架/冻结,11000,0.0,WATCH,66ef843f72275e0015543a1f,每天说设计的店,2026-06-18 13:34:51,web_full,,1
6871d4c2f7fa4e0001c79cbd,【前1万单18.8】好快！10天背完3000英语单词 英语单词速记,medium,商品已下架/冻结,11000,0.0,WATCH,644b2bf3ade08100014e9101,TED每日精读的店,2026-06-18 16:03:29,web_full,,1
67e7da33e0db0d0015e8440e,【正版】每个人的花期不同 不必焦虑有人比你提前拥有 摆脱同辈焦,medium,商品已下架/冻结,11000,0.0,WATCH,671eeab933325a0015a4610c,秋之高图书的店,2026-06-18 16:03:30,web_full,,1
680f376dafdaa600018fadf1,MacBook苹果笔记本电脑专用蓝牙无线鼠标pro静音air平板ipad充电,medium,商品已下架/冻结,11000,0.0,WATCH,,,2026-06-18 16:03:31,web_full,,1
6a196109b6178b0001ab3cdd,花犀·MacBook苹果笔记本电脑专用蓝牙无线鼠标pro静音air平板ipad充电,medium,商品已下架/冻结,11000,0.0,WATCH,6781dc419ce1c5001503eded,志满数码的店,2026-06-18 16:05:02,web_full,,1
69ff02df0283e200017087f6,MacBook苹果笔记本电脑专用蓝牙无线鼠标pro静音air平板ipad充电,medium,商品已下架/冻结,11000,0.0,NEW,,,2026-06-18 16:06:35,web_full,,1
69ff02df0283e200017087f3,MacBook苹果笔记本电脑专用蓝牙无线鼠标pro静音air平板ipad充电,medium,商品已下架/冻结,11000,0.0,WATCH,,,2026-06-18 16:06:44,web_full,,1
69d85993287cd50015255c9d,【中高考礼物独立包装】2026新款超大生日创意卡通红包袋新年,medium,商品已下架/冻结,11000,0.0,WATCH,68ac7169549bc40015f0dcbe,美美桑那🐽的店,2026-06-18 16:08:09,web_full,,1
69fc03dc3599c0000103122a,小学期末复习专项练习053【电子版】,medium,商品已下架/冻结,11000,0.0,WATCH,65a0183660b4ac0001024550,小羊同学！的店,2026-06-18 16:08:09,web_full,,1
6a07162604b18d0001267590,小学期末复习专项练习053【电子版】,medium,商品已下架/冻结,11000,0.0,WATCH,65a0183660b4ac0001024550,小羊同学！的店,2026-06-18 16:08:09,web_full,,1
6a07162604b18d0001267587,小学期末复习专项练习053【电子版】,medium,商品已下架/冻结,11000,0.0,WATCH,65a0183660b4ac0001024550,小羊同学！的店,2026-06-18 16:08:09,web_full,,1
6a07162604b18d0001267596,小学期末复习专项练习053【电子版】,medium,商品已下架/冻结,11000,0.0,WATCH,65a0183660b4ac0001024550,小羊同学！的店,2026-06-18 16:08:09,web_full,,1
69fc03dc3599c00001031221,小学期末复习专项练习053【电子版】,medium,商品已下架/冻结,11000,0.0,WATCH,65a0183660b4ac0001024550,小羊同学！的店,2026-06-18 16:08:09,web_full,,1
6921b5b228a012000131ad61,小学期末复习专项练习053【电子版】,medium,商品已下架/冻结,11000,0.0,WATCH,65a0183660b4ac0001024550,小羊同学！的店,2026-06-18 16:08:09,web_full,,1
69fc03dc3599c00001031218,小学期末复习专项练习053【电子版】,medium,商品已下架/冻结,11000,0.0,WATCH,65a0183660b4ac0001024550,小羊同学！的店,2026-06-18 16:08:09,web_full,,1
67d98053085499000149042f,小学期末复习专项练习053【电子版】,medium,商品已下架/冻结,11000,0.0,WATCH,65a0183660b4ac0001024550,小羊同学！的店,2026-06-18 16:08:09,web_full,,1
691c70d5603b4e0001bd681b,小学期末复习专项练习053【电子版】,medium,商品已下架/冻结,11000,0.0,WATCH,65a0183660b4ac0001024550,小羊同学！的店,2026-06-18 16:08:09,web_full,,1
6631dcd5104a390001e394f3,小学期末复习专项练习053【电子版】,medium,商品已下架/冻结,11000,0.0,WATCH,65a0183660b4ac0001024550,小羊同学！的店,2026-06-18 16:08:09,web_full,,1
6631dcd5104a390001e394f0,小学期末复习专项练习053【电子版】,medium,商品已下架/冻结,11000,0.0,WATCH,65a0183660b4ac0001024550,小羊同学！的店,2026-06-18 16:08:09,web_full,,1
6a0d9bfc9f495c0001bf3d69,小学期末复习专项练习053【电子版】,medium,商品已下架/冻结,11000,0.0,WATCH,65a0183660b4ac0001024550,小羊同学！的店,2026-06-18 16:08:09,web_full,,1
69fc03dc3599c00001031203,小学期末复习专项练习053【电子版】,medium,商品已下架/冻结,11000,0.0,WATCH,65a0183660b4ac0001024550,小羊同学！的店,2026-06-18 16:08:09,web_full,,1
6a07162604b18d0001267584,小学期末复习专项练习053【电子版】,medium,商品已下架/冻结,11000,0.0,WATCH,65a0183660b4ac0001024550,小羊同学！的店,2026-06-18 16:08:09,web_full,,1
6a07162604b18d000126758d,小学期末复习专项练习053【电子版】,medium,商品已下架/冻结,11000,0.0,WATCH,65a0183660b4ac0001024550,小羊同学！的店,2026-06-18 16:08:09,web_full,,1
6921b5b228a012000131ad4f,小学期末复习专项练习053【电子版】,medium,商品已下架/冻结,11000,0.0,WATCH,65a0183660b4ac0001024550,小羊同学！的店,2026-06-18 16:08:10,web_full,,1
69fc03dc3599c0000103121b,小学期末复习专项练习053【电子版】,medium,商品已下架/冻结,11000,0.0,WATCH,65a0183660b4ac0001024550,小羊同学！的店,2026-06-18 16:08:10,web_full,,1
6a009ead5a8323000172a376,正宗老树老品种桃子本地毛桃新鲜水果脆甜多汁农家自种产地直发,medium,商品已下架/冻结,11000,0.0,WATCH,69d0cd9725a22b00150b08de,木林森de果园的店,2026-06-18 16:08:11,web_full,,1
69fc03dc3599c00001031215,小学期末复习专项练习053【电子版】,medium,商品已下架/冻结,10000,0.0,WATCH,65a0183660b4ac0001024550,小羊同学！的店,2026-06-18 13:47:53,web_full,,1
692c61f13dc536000173d7e2,小学期末复习专项练习053【电子版】,medium,商品已下架/冻结,10000,0.0,WATCH,65a0183660b4ac0001024550,小羊同学！的店,2026-06-18 13:57:30,web_full,,1
681622b615a1180015f9a6b4,【新版三合一】磁吸十格阵数字分解10/20以内加减凑十法启蒙教具,medium,商品已下架/冻结,10000,0.0,WATCH,660d0f94f0b53500014280f4,启迪图书智慧书屋的店,2026-06-18 16:08:14,web_full,,1
67f5ad1704afe30001b17a37,酒三多书店图书盲盒 99包邮  请理性下单,medium,商品已下架/冻结,10000,0.0,WATCH,652505c47fa15200013b8d2d,a酒三多书店的店,2026-06-18 16:08:15,web_full,,1
654488092ab0f30001f8365f,【全2册】1小时读懂青春期男生女生版儿童性教育成长指导图解书籍,medium,商品已下架/冻结,10000,0.0,WATCH,,,2026-06-18 16:09:33,web_full,,1
659a96eb4207d30001050f47,星火英语 · 正版英语四级真题试卷2026年6月大学4级考试通关全套模拟真题资料,medium,商品已下架/冻结,10000,0.0,WATCH,64f858dadace090001ca50cf,鑫辰图书的店,2026-06-18 16:09:35,web_full,,1
659a96eb4207d30001050f4a,星火英语·正版英语四级真题试卷2026年6月大学4级考试通关全套模拟真题资料,medium,商品已下架/冻结,10000,0.0,WATCH,64f858dadace090001ca50cf,鑫辰图书的店,2026-06-18 16:09:40,web_full,,1
6544880a6ca40d0001ca8e40,【全2册】1小时读懂青春期男生女生版儿童性教育成长指导图解书籍,medium,商品已下架/冻结,10000,0.0,WATCH,64ae5062b20aa10001e6296a,小豌豆童书的店,2026-06-18 16:09:42,web_full,,1
6544880a0d7bb100015d8105,【全2册】1小时读懂青春期男生女生版儿童性教育成长指导图解书籍,medium,商品已下架/冻结,10000,0.0,WATCH,,,2026-06-18 16:09:44,web_full,,1
6686ee877221e10001afa20c,正版英语四级真题试卷2026年6月大学4级考试通关全套模拟真题资料,medium,商品已下架/冻结,10000,0.0,WATCH,,,2026-06-18 16:09:45,web_full,,1
661682424971320001c34658,上海迪士尼天天租车 大童推车 MASTER硕士 0～15岁,medium,商品已下架/冻结,10000,0.0,WATCH,,,2026-06-18 16:11:25,web_full,,1
69fc03dc3599c00001031224,小学期末复习专项练习053【电子版】,medium,商品已下架/冻结,10000,0.0,WATCH,65a0183660b4ac0001024550,小羊同学！的店,2026-06-18 16:11:32,web_full,,1
692c61f13dc536000173d7dc,小学期末复习专项练习053【电子版】,medium,商品已下架/冻结,10000,0.0,WATCH,65a0183660b4ac0001024550,小羊同学！的店,2026-06-18 16:11:32,web_full,,1
6631dcd5104a390001e394fc,小学期末复习专项练习053【电子版】,medium,商品已下架/冻结,10000,0.0,WATCH,65a0183660b4ac0001024550,小羊同学！的店,2026-06-18 16:11:32,web_full,,1
69fc03dc3599c0000103120c,小学期末复习专项练习053【电子版】,medium,商品已下架/冻结,10000,0.0,WATCH,65a0183660b4ac0001024550,小羊同学！的店,2026-06-18 16:11:32,web_full,,1
69fc03dc3599c0000103120f,小学期末复习专项练习053【电子版】,medium,商品已下架/冻结,10000,0.0,WATCH,65a0183660b4ac0001024550,小羊同学！的店,2026-06-18 16:11:32,web_full,,1
6a265f5614e0a0000165fb1c,uu游戏周边盲盒uu币a1,medium,商品已下架/冻结,9364,0.0,NEW,,,2026-06-18 16:14:33,web_full,,1
69782e13eb0d9a0001ce9de6,26教综三色笔记＋默写本＋记忆口诀＋思维导图＋必背人物汇总,medium,商品已下架/冻结,9293,0.0,WATCH,,,2026-06-18 16:14:36,web_full,,1
69782e13eb0d9a0001ce9de0,26教综三色笔记＋默写本＋记忆口诀＋思维导图＋必背人物汇总,medium,商品已下架/冻结,9272,0.0,WATCH,68f85473bbfb32001500f4c3,元宝锦鲤仙女的店,2026-06-18 16:14:36,web_full,,1
69782e13eb0d9a0001ce9dec,26教综三色笔记＋默写本＋记忆口诀＋思维导图＋必背人物汇总,medium,商品已下架/冻结,9222,0.0,WATCH,68f85473bbfb32001500f4c3,元宝锦鲤仙女的店,2026-06-18 16:14:39,web_full,,1
68dce997b56f160001bea9ec,中文献免费学习文献/中英文sci文献课程免费使用文献下载,medium,商品已下架/冻结,9195,0.0,WATCH,68ac62e97fe7590015562c13,小杰文献下载的店,2026-06-18 14:30:17,web_full,,1
68dce997b56f160001bea9f8,中文献免费学习文献/中英文sci文献课程免费使用文献下载,medium,商品已下架/冻结,9191,0.0,WATCH,68ac62e97fe7590015562c13,小杰文献下载的店,2026-06-18 13:55:51,web_full,,1
6a265f5614e0a0000165fb19,uu游戏周边盲盒uu币a1,medium,商品已下架/冻结,9055,0.0,NEW,,,2026-06-18 16:14:46,web_full,,1
6942653048f0e30001e36d7c,26教综三色笔记＋默写本＋记忆口诀＋思维导图＋必背人物汇总,medium,商品已下架/冻结,9026,0.0,WATCH,68f85473bbfb32001500f4c3,元宝锦鲤仙女的店,2026-06-18 16:14:48,web_full,,1
667d2769ef14b90001e062f9,2025新版人民日报伴你阅读小学一到六年级人民日报教你写好文章,medium,商品已下架/冻结,8986,0.0,WATCH,,,2026-06-18 16:16:00,web_full,,1
667d2769ef14b90001e06302,2025新版人民日报伴你阅读小学一到六年级人民日报教你写好文章,medium,商品已下架/冻结,8986,0.0,WATCH,,,2026-06-18 16:16:00,web_full,,1
69685c35be1ced0015d32fb6,【限时特价】新年红包生日仪式感创意红包惊喜礼物压岁包利是包,medium,商品已下架/冻结,8833,0.0,WATCH,,,2026-06-18 16:16:05,web_full,,1
695b987ae2833800019724e5,【踩数字x1车】40欧12．没中有保底！,medium,商品已下架/冻结,8816,0.0,WATCH,,,2026-06-18 16:16:06,web_full,,1
65d2171c6dd2870001ee96a7,备考2026年6月华研英语四六级考试英语真题资料大学四级英语考试,medium,商品已下架/冻结,8758,0.0,WATCH,64f858dadace090001ca50cf,鑫辰图书的店,2026-06-18 16:16:07,web_full,,1
6962045ae30b940015e255c9,打工人摸鱼市集企划高端手绘插画风ppt模板高级感设计素材模版 · 一个目录不含内容,medium,商品已下架/冻结,8732,0.0,WATCH,68eb2506b969df001503dc19,胡图图资料的店,2026-06-18 13:34:44,web_full,,1
6685f72148e1ae0001fab5a2,正品英语四级六级全真试题英语试卷备战2026年6月四级六级真题卷,medium,商品已下架/冻结,8691,0.0,WATCH,,,2026-06-18 16:16:10,web_full,,1
6685f72148e1ae0001fab5a5,星火英语·正品英语四级六级全真试题英语试卷备战2026年6月四级六级真题卷,medium,商品已下架/冻结,8691,0.0,WATCH,64f858dadace090001ca50cf,鑫辰图书的店,2026-06-18 16:16:10,web_full,,1
67a756fbf4d6570001175c20,初中古诗文全解读 7-9年级全国通用同步教材 高效记忆 中考教辅,medium,商品已下架/冻结,8459,0.0,WATCH,,,2026-06-18 16:17:28,web_full,,1
6874dd016fea660001dd4e00,初中古诗文全解读 7-9年级全国通用同步教材 高效记忆 中考教辅,medium,商品已下架/冻结,8434,0.0,WATCH,,,2026-06-18 16:17:30,web_full,,1
65697ca214f2c80001e1e666,《初中英语解题方法速通(全9册)》【送U盘和单词册】,medium,商品已下架/冻结,8371,0.0,WATCH,65694baf9665fd00016df7d0,爪老师英语书院的店,2026-06-18 16:17:32,web_full,,1
694923598162320015eda5f9,各行业商业计划书ppt模板可行性研究分析报告投融资项目企划方案 · 【店长推荐】全套资料打包,medium,商品已下架/冻结,8119,0.0,WATCH,68eb26832e2fd900159d2769,王老师备课小站的店,2026-06-18 13:34:44,web_full,,1
67c96d0e52503c0001239a1e,正版包邮 焦虑症的自救 从神经系统角度出发治愈焦虑症 焦虑症的,medium,商品已下架/冻结,8082,0.0,WATCH,,,2026-06-18 16:18:53,web_full,,1
690c7f16c34eef00153593ea,同款好物 同款好物 翻译,medium,商品已下架/冻结,8074,0.0,WATCH,690b1c9970532b00157acf7c,绛绛绛绛绛的店,2026-06-18 16:18:53,web_full,,1
681727f97ccb230001b31d0f,正版包邮 焦虑症的自救 从神经系统角度出发治愈焦虑症 焦虑症的,medium,商品已下架/冻结,8028,0.0,WATCH,65d2c216cce985000165e64d,小张有间童书屋的店,2026-06-18 16:18:55,web_full,,1
690c7f16c34eef00153593ee,同款好物 同款好物 翻译,medium,商品已下架/冻结,8023,0.0,WATCH,690b1c9970532b00157acf7c,绛绛绛绛绛的店,2026-06-18 16:18:55,web_full,,1
672db571ec68d70001322643,正版包邮 焦虑症的自救 从神经系统角度出发治愈焦虑症 焦虑症的,medium,商品已下架/冻结,7937,0.0,WATCH,65d2c216cce985000165e64d,小张有间童书屋的店,2026-06-18 16:19:03,web_full,,1
67c07a1929b9f70001d401ea,正版包邮 焦虑症的自救 从神经系统角度出发治愈焦虑症 焦虑症的,medium,商品已下架/冻结,7937,0.0,WATCH,65d2c216cce985000165e64d,小张有间童书屋的店,2026-06-18 16:19:03,web_full,,1
6958b94a4e15d600011a5f12,大兴机场到草桥轻轨地铁单程票,medium,商品已下架/冻结,7919,0.0,WATCH,69451434c1962a0015f12527,草桥大兴往返票的店,2026-06-18 16:19:04,web_full,,1
6a106a93ae46040001834c12,大哥的店直播间价格链接-文件袋,medium,商品已下架/冻结,7918,0.0,WATCH,,,2026-06-18 16:19:04,web_full,,1
69c498ce99f8fe000150d06d,考研政治89｜27考研政治全年规划带学！,medium,商品已下架/冻结,7783,0.0,WATCH,66cef18014bb61001536667c,怂怂学姐的店,2026-06-18 16:20:22,web_full,,1
69c3d04046fe2a00013fd653,考研政治89｜27考研政治全年规划带学！,medium,商品已下架/冻结,7767,0.0,WATCH,66cef18014bb61001536667c,怂怂学姐的店,2026-06-18 16:20:23,web_full,,1
68567245c34eef00159d5ab6,【音频伴读】拼音拼读训练幼小衔接小学一年级声母韵母拼音启蒙书,medium,商品已下架/冻结,7605,0.0,WATCH,660d0f94f0b53500014280f4,启迪图书智慧书屋的店,2026-06-18 16:20:32,web_full,,1
685675af0f14430001276282,【音频伴读】拼音拼读训练幼小衔接小学一年级声母韵母拼音启蒙书,medium,商品已下架/冻结,7605,0.0,WATCH,660d0f94f0b53500014280f4,启迪图书智慧书屋的店,2026-06-18 16:20:32,web_full,,1
66fb9cf42c57110001b8af98,马利学院级艺术家级水彩颜料美术生24色0.5ml1ml水彩分装美甲水彩,medium,商品已下架/冻结,7401,0.0,WATCH,,,2026-06-18 16:21:51,web_full,,1
6764c9dac6c20a0001a026b1,Marie's·马利学院级艺术家级水彩颜料美术生24色0.5ml1ml水彩分装美甲水彩,medium,商品已下架/冻结,7401,0.0,WATCH,61d69f8ac16c8f0001edcad9,插画良品的店,2026-06-18 16:21:51,web_full,,1
69c3d04046fe2a00013fd64d,考研政治89｜27考研政治全年规划带学！,medium,商品已下架/冻结,7373,0.0,WATCH,,,2026-06-18 16:21:52,web_full,,1
66053c225c3c5a000146973e,【小红书新人0.1购】20大包家用抽纸巾原生木浆4层可湿水卫生纸巾,medium,商品已下架/冻结,7372,0.0,WATCH,,,2026-06-18 16:21:52,web_full,,1
6503fb402d78a00001d00299,leo胶囊助学新概念英语1+新概念语法练习+剑桥初级语法全新正版,medium,商品已下架/冻结,7269,0.0,WATCH,,,2026-06-18 16:21:57,web_full,,1
65a7c695d2ca3400014b1461,leo胶囊助学新概念英语1+新概念语法练习+剑桥初级语法全新正版,medium,商品已下架/冻结,7269,0.0,WATCH,64d372936bd5b600012b2b92,缘分正版精品书店的店,2026-06-18 16:21:57,web_full,,1
6503fb402d78a00001d002a0,leo胶囊助学新概念英语1+新概念语法练习+剑桥初级语法全新正版,medium,商品已下架/冻结,7269,0.0,WATCH,,,2026-06-18 16:21:57,web_full,,1
6670eb578263bf0001c126f7,leo胶囊助学新概念英语1+新概念语法练习+剑桥初级语法全新正版,medium,商品已下架/冻结,7269,0.0,WATCH,,,2026-06-18 16:21:58,web_full,,1
67aaf6438fa567000144ae17,职豚北森·2027北森测评题辅导人才春招互联网大厂国企校招笔试入职OT培训,medium,商品已下架/冻结,7262,0.0,WATCH,66a0dd7ea6d84600166970a4,职豚的店,2026-06-18 16:21:58,web_full,,1
69e603d2ca7f7f0001f775ff,尼龙回环编织iwatch表带适用applewatchs11/s10/se123/s9夏天表带,medium,商品已下架/冻结,7258,0.0,WATCH,,,2026-06-18 16:21:58,web_full,,1
67aaf6438fa567000144ae14,职豚北森·2027北森测评题辅导人才春招互联网大厂国企校招笔试入职OT培训,medium,商品已下架/冻结,7236,0.0,WATCH,66a0dd7ea6d84600166970a4,职豚的店,2026-06-18 16:21:59,web_full,,1
685384aa57fa16000101c567,正版・自然物语儿童科普启蒙绘本・2-8岁幼儿园早教睡前故事,medium,商品已下架/冻结,7107,0.0,WATCH,,,2026-06-18 16:23:33,web_full,,1
682d95f2791e9400150f6b5d,正版・自然物语儿童科普启蒙绘本・2-8岁幼儿园早教睡前故事,medium,商品已下架/冻结,7107,0.0,WATCH,,,2026-06-18 16:23:33,web_full,,1
69cb21258423ad0001c08b7f,考研政治89｜27考研政治全年规划带学！,medium,商品已下架/冻结,7088,0.0,WATCH,66cef18014bb61001536667c,怂怂︀的店,2026-06-18 16:23:35,web_full,,1
68677f8249783c00013d8836,人体工学鼠标蓝牙无线鼠标可充电静音办公笔记本电脑女小手专用,medium,商品已下架/冻结,7056,0.0,NEW,,,2026-06-18 16:23:36,web_full,,1
68677f8249783c00013d8833,人体工学鼠标蓝牙无线鼠标可充电静音办公笔记本电脑女小手专用,medium,商品已下架/冻结,7056,0.0,NEW,,,2026-06-18 16:23:36,web_full,,1
69e603d2ca7f7f0001f77617,尼龙回环编织iwatch表带适用applewatchs11/s10/se123/s9夏天表带,medium,商品已下架/冻结,6999,0.0,WATCH,,,2026-06-18 16:23:43,web_full,,1
66b14cd6f483ac0001cbc6ff,【R家高定系列】2.5CM方扣时尚单鞋百搭黑色2026女士方扣单鞋,medium,商品已下架/冻结,6989,0.0,WATCH,,,2026-06-18 16:23:44,web_full,,1
68e8c0a08aa5760001b96ad7,草地卖萌黑猫苹果17/16菲林华为手机壳oppovivo磨砂荣耀卡通小米,medium,商品已下架/冻结,6735,0.0,NEW,,,2026-06-18 16:25:11,web_full,,1
68e8c0a08aa5760001b96aaa,草地卖萌黑猫苹果17/16菲林华为手机壳oppovivo磨砂荣耀卡通小米,medium,商品已下架/冻结,6735,0.0,NEW,,,2026-06-18 16:25:11,web_full,,1
68e8c0a08aa5760001b96ab0,草地卖萌黑猫苹果17/16菲林华为手机壳oppovivo磨砂荣耀卡通小米,medium,商品已下架/冻结,6686,0.0,WATCH,,,2026-06-18 16:26:27,web_full,,1
651e1dfe1a864b00014493a1,【MBTI-16型人格】图书盲盒（2-3本，可手写祝福，赠藏书票等）,medium,商品已下架/冻结,6678,0.0,NEW,,,2026-06-18 16:26:27,web_full,,1
65e5ba2b33b6ca00012a9898,金麟世家·静心 战胜焦虑的心理策略 拿破仑.希尔 正版书籍,medium,商品已下架/冻结,6604,0.0,WATCH,6522342c7fa15200013b6ea5,金麟世家世净专卖店,2026-06-18 16:26:33,web_full,,1
6958b8f9ac83a20001f3897f,2026秋新课堂笔记二一三四五六年级上下册语数英学霸随堂笔记预习,medium,商品已下架/冻结,6593,0.0,WATCH,,,2026-06-18 16:26:34,web_full,,1
6958b8f9ac83a20001f38985,2026秋新课堂笔记二一三四五六年级上下册语数英学霸随堂笔记预习,medium,商品已下架/冻结,6593,0.0,WATCH,6372dc1c83f0d000019e3f11,佳佳学霸图书店的店,2026-06-18 16:26:34,web_full,,1
6958b8f9ac83a20001f389d5,2026秋新课堂笔记二一三四五六年级上下册语数英学霸随堂笔记预习,medium,商品已下架/冻结,6593,0.0,WATCH,6372dc1c83f0d000019e3f11,佳佳学霸图书店的店,2026-06-18 16:26:34,web_full,,1
6958b8f9ac83a20001f389cf,2026秋新课堂笔记二一三四五六年级上下册语数英学霸随堂笔记预习,medium,商品已下架/冻结,6593,0.0,WATCH,,,2026-06-18 16:26:34,web_full,,1
6958b8f9ac83a20001f38997,2026秋新课堂笔记二一三四五六年级上下册语数英学霸随堂笔记预习,medium,商品已下架/冻结,6593,0.0,WATCH,6372dc1c83f0d000019e3f11,佳佳学霸图书店的店,2026-06-18 16:26:34,web_full,,1
68be5e9fa3033000010c98e2,静心 战胜焦虑的心理策略 拿破仑.希尔 正版书籍,medium,商品已下架/冻结,6589,0.0,WATCH,,,2026-06-18 16:26:35,web_full,,1
65e5ba2b25b19a0001adb59c,金麟世家·静心 战胜焦虑的心理策略 拿破仑.希尔 正版书籍,medium,商品已下架/冻结,6582,0.0,WATCH,6522342c7fa15200013b6ea5,金麟世家世净专卖店,2026-06-18 16:26:35,web_full,,1
67da1995ba9cf8000166fb41,静心 战胜焦虑的心理策略 拿破仑.希尔 正版书籍,medium,商品已下架/冻结,6582,0.0,WATCH,,,2026-06-18 16:26:35,web_full,,1
6958b8f9ac83a20001f38976,2026秋新课堂笔记二一三四五六年级上下册语数英学霸随堂笔记预习,medium,商品已下架/冻结,6540,0.0,WATCH,,,2026-06-18 16:26:38,web_full,,1
6980164e6d22e70001b706c9,2026秋新课堂笔记二一三四五六年级上下册语数英学霸随堂笔记预习,medium,商品已下架/冻结,6539,0.0,WATCH,,,2026-06-18 16:26:38,web_full,,1
6958b8f9ac83a20001f38991,2026秋新课堂笔记二一三四五六年级上下册语数英学霸随堂笔记预习,medium,商品已下架/冻结,6538,0.0,WATCH,,,2026-06-18 16:26:38,web_full,,1
692c04d3d48cf900154188f4,2026春新课堂笔记二一三四五六年级上下册语数英学霸随堂笔记预习,medium,商品已下架/冻结,6538,0.0,WATCH,6372dc1c83f0d000019e3f11,佳佳学霸图书店的店,2026-06-18 16:26:39,web_full,,1
6980164e6d22e70001b706b7,2026秋新课堂笔记二一三四五六年级上下册语数英学霸随堂笔记预习,medium,商品已下架/冻结,6538,0.0,WATCH,,,2026-06-18 16:26:39,web_full,,1
6958b8f9ac83a20001f38970,2026秋新课堂笔记二一三四五六年级上下册语数英学霸随堂笔记预习,medium,商品已下架/冻结,6536,0.0,WATCH,,,2026-06-18 16:26:39,web_full,,1
6958b8f9ac83a20001f389c3,2026秋新课堂笔记二一三四五六年级上下册语数英学霸随堂笔记预习,medium,商品已下架/冻结,6535,0.0,WATCH,,,2026-06-18 16:26:39,web_full,,1
692c04d3d48cf900154188de,2026秋新课堂笔记二一三四五六年级上下册语数英学霸随堂笔记预习,medium,商品已下架/冻结,6534,0.0,WATCH,,,2026-06-18 16:26:39,web_full,,1
6980164e6d22e70001b706d5,2026秋新课堂笔记二一三四五六年级上下册语数英学霸随堂笔记预习,medium,商品已下架/冻结,6533,0.0,WATCH,,,2026-06-18 16:26:39,web_full,,1
6953a57823d3ce000125df69,2026秋新课堂笔记二一三四五六年级上下册语数英学霸随堂笔记预习,medium,商品已下架/冻结,6533,0.0,WATCH,,,2026-06-18 16:26:39,web_full,,1
69985d9264479e0001f0e439,禄口机场附近停车预约,medium,商品已下架/冻结,6446,0.0,WATCH,,,2026-06-18 16:26:46,web_full,,1
692c04d3d48cf900154188da,2026秋新课堂笔记二一三四五六年级上下册语数英学霸随堂笔记预习,medium,商品已下架/冻结,6382,0.0,WATCH,,,2026-06-18 16:28:17,web_full,,1
692c04d3d48cf90015418906,2026春新课堂笔记二一三四五六年级上下册语数英学霸随堂笔记预习,medium,商品已下架/冻结,6368,0.0,WATCH,6372dc1c83f0d000019e3f11,佳佳学霸图书店的店,2026-06-18 16:28:18,web_full,,1
64acb3c7555e170001761da9,倪海厦书籍全套无删减版倪师经典药方和医案倪师推荐书籍,medium,商品已下架/冻结,6314,0.0,WATCH,648c18498dd5ac0001a7bf2c,3省书屋的店,2026-06-18 16:28:21,web_full,,1
64acb3c4555e170001761d8b,倪海厦书籍全套无删减版倪师经典药方和医案倪师推荐书籍,medium,商品已下架/冻结,6309,0.0,WATCH,648c18498dd5ac0001a7bf2c,3省书屋的店,2026-06-18 16:28:22,web_full,,1
6958b8f9ac83a20001f38964,2026秋新课堂笔记二一三四五六年级上下册语数英学霸随堂笔记预习,medium,商品已下架/冻结,6308,0.0,WATCH,,,2026-06-18 16:28:22,web_full,,1
655c852563fe7b0001ee4829,全脑开发思维训练700题1000题2-3岁早教书幼儿智力开发幼儿园,medium,商品已下架/冻结,6231,0.0,WATCH,,,2026-06-18 16:28:26,web_full,,1
692113fd52eecb0001620b1a,思维导图速记汉字（含赠配套练习册）,medium,商品已下架/冻结,6152,0.0,WATCH,,小吟心书坊的店,2026-06-18 16:29:46,web_full,,1
69c3a149e6196b000187cf49,【2027版新版现货】计算机408考研笔记-全彩-四科两册-共计534页,medium,商品已下架/冻结,6073,0.0,WATCH,649e68d848b95a0001e0e9cc,一大颗牛奶糖的店,2026-06-18 16:29:57,web_full,,1
65d38f64b7b2260001f42d79,【时光学】小学生每日5个英语必背备单词汇入门书趣味快速记忆法,medium,商品已下架/冻结,5991,0.0,WATCH,64107973d485a10001741e9e,瑭瑭妈妈的店,2026-06-18 16:30:07,web_full,,1
65d38f64b7b2260001f42d76,【时光学】小学生每日5个英语必背备单词汇入门书趣味快速记忆法,medium,商品已下架/冻结,5981,0.0,WATCH,,,2026-06-18 16:30:08,web_full,,1
695bd027a35123000143b7ee,26年下教资笔试中小幼教师资格证笔试科目一二【电子版资料】,medium,商品已下架/冻结,5943,0.0,WATCH,68a483e95e5720001595cef5,意嘉嘉的店,2026-06-18 16:31:26,web_full,,1
695bd027a35123000143b7e5,26年下教资笔试中小幼教师资格证笔试科目一二【电子版资料】,medium,商品已下架/冻结,5943,0.0,WATCH,68a483e95e5720001595cef5,意嘉嘉的店,2026-06-18 16:31:27,web_full,,1
6958b8f9ac83a20001f38979,2026秋新课堂笔记二一三四五六年级上下册语数英学霸随堂笔记预习,medium,商品已下架/冻结,5909,0.0,WATCH,6372dc1c83f0d000019e3f11,佳佳学霸图书店的店,2026-06-18 16:31:29,web_full,,1
69fd65c8273c7d000105ad13,procreate笔刷超好用树叶丛林植物叶子森林插画ipad绘画笔刷变色,medium,商品已下架/冻结,5819,0.0,WATCH,6666db1e83cedf0001f539d9,_H先生宝藏素材铺的店,2026-06-18 13:39:23,web_full,,1
69fd666443360b00014748b1,Procreate笔刷背景底纹笔刷可商用水印纹理素材27只,medium,商品已下架/冻结,5819,0.0,WATCH,6666db1e83cedf0001f539d9,_H先生宝藏素材铺的店,2026-06-18 13:39:24,web_full,,1
69fd692ea5715f000125264b,【装饰背景第二弹】PS+Procreate可爱网格花朵装饰无缝背景笔刷,medium,商品已下架/冻结,5819,0.0,WATCH,6666db1e83cedf0001f539d9,_H先生宝藏素材铺的店,2026-06-18 13:39:24,web_full,,1
69ff286f64eb410001fd65b3,红双喜字囍镂空图海报喜庆创意结婚礼中式剪纸AI/CDR矢量PNG素材,medium,商品已下架/冻结,5819,0.0,WATCH,6666db1e83cedf0001f539d9,_H先生宝藏素材铺的店,2026-06-18 13:39:24,web_full,,1
69ff2e623eb97c0001f356da,福字书法毛笔字印章篆书百福墙中式吉祥艺术字AI矢量PNG免抠素材,medium,商品已下架/冻结,5819,0.0,WATCH,6666db1e83cedf0001f539d9,_H先生宝藏素材铺的店,2026-06-18 13:39:24,web_full,,1
6a005454dd034c00012ffcf0,复古法式手绘蝴蝶结浪漫丝带飘带边框装饰AI矢量PNG免扣图片素材,medium,商品已下架/冻结,5819,0.0,WATCH,6666db1e83cedf0001f539d9,_H先生宝藏素材铺的店,2026-06-18 13:39:24,web_full,,1
6a005b8f213e270001d92f72,复古欧式华丽吊灯剪影水晶灯烛台溶图装饰美工AI矢量PNG免扣素材,medium,商品已下架/冻结,5819,0.0,WATCH,6666db1e83cedf0001f539d9,_H先生宝藏素材铺的店,2026-06-18 13:39:25,web_full,,1
6a01b9f5304f46000147be0b,可爱软萌蕾丝花边蝴蝶结圆边框手账美工拼贴背景PNG免抠图片素材,medium,商品已下架/冻结,5819,0.0,WATCH,6666db1e83cedf0001f539d9,_H先生宝藏素材铺的店,2026-06-18 13:39:25,web_full,,1
6a01bca3721fd3000123d2fa,蕾丝花边蝴蝶结边框镜框少女卡通可爱背景图案ai矢量png免抠素材,medium,商品已下架/冻结,5819,0.0,WATCH,6666db1e83cedf0001f539d9,_H先生宝藏素材铺的店,2026-06-18 13:39:25,web_full,,1
6a0278f35a832300019a74d5,黑粉色甜亚少女心贴图可爱卡通图标png免抠透明图片手账设计素材,medium,商品已下架/冻结,5819,0.0,WATCH,6666db1e83cedf0001f539d9,_H先生宝藏素材铺的店,2026-06-18 13:39:25,web_full,,1
6a0279a00283e200019a446a,可爱卡通手绘兔子草莓小熊手账手绘贴纸PNG免扣透明图案图片素材,medium,商品已下架/冻结,5819,0.0,WATCH,6666db1e83cedf0001f539d9,_H先生宝藏素材铺的店,2026-06-18 13:39:26,web_full,,1
6a027a71a0130600019633e6,艺术黑白蝴蝶花卉头像边框电子手账PNG免抠透明图案图片设计素材,medium,商品已下架/冻结,5819,0.0,WATCH,6666db1e83cedf0001f539d9,_H先生宝藏素材铺的店,2026-06-18 13:39:26,web_full,,1
6a03167c3eb97c0001512305,唯美冬天飘雪下雪地飘落雪冰花后期PNG免抠Ps后期特效果素材图片,medium,商品已下架/冻结,5819,0.0,WATCH,6666db1e83cedf0001f539d9,_H先生宝藏素材铺的店,2026-06-18 13:39:26,web_full,,1
6a03189a0283e20001adf4db,procreate笔刷玻璃感水彩笔刷珠光水彩质感晕染绘画笔刷,medium,商品已下架/冻结,5819,0.0,WATCH,6666db1e83cedf0001f539d9,_H先生宝藏素材铺的店,2026-06-18 13:39:26,web_full,,1
6a031dbf273c7d000117179c,【丝袜】iPad绘画Procreate笔刷161枚渔网网袜丝袜蕾丝图案花纹布,medium,商品已下架/冻结,5819,0.0,WATCH,6666db1e83cedf0001f539d9,_H先生宝藏素材铺的店,2026-06-18 13:39:26,web_full,,1
6a0402158e60b700012fbd4b,Ps+Procreate46支水墨花草笔刷毛笔古风国画插画素材,medium,商品已下架/冻结,5819,0.0,WATCH,6666db1e83cedf0001f539d9,_H先生宝藏素材铺的店,2026-06-18 13:39:27,web_full,,1
6a0402b1f3ef8300015fb096,procreate笔刷春日郁金香花朵花海雏菊草地装饰iPad绘画笔刷,medium,商品已下架/冻结,5819,0.0,WATCH,6666db1e83cedf0001f539d9,_H先生宝藏素材铺的店,2026-06-18 13:39:27,web_full,,1
6a04041e5a83230001c10532,Procreate 超强氛围感 仿PS油画笔刷40支 厚涂写生仿真油彩,medium,商品已下架/冻结,5819,0.0,WATCH,6666db1e83cedf0001f539d9,_H先生宝藏素材铺的店,2026-06-18 13:39:27,web_full,,1
69e341ec933b03000191182e,原创商用圆形金色星星几何神秘吧唧背景边框AI矢量PNG免抠图素材,medium,商品已下架/冻结,5819,0.0,WATCH,6666db1e83cedf0001f539d9,_H先生宝藏素材铺的店,2026-06-18 13:39:32,web_full,,1
69ec51740511b5000138c203,Procreate樱花笔刷可商用花卉素材树叶花朵植物绘画,medium,商品已下架/冻结,5819,0.0,WATCH,6666db1e83cedf0001f539d9,_H先生宝藏素材铺的店,2026-06-18 13:39:32,web_full,,1
69e1928b8370010001a028b6,Y2K电脑弹窗聊天绘画界面windows窗口边框PNG免抠图饭圈美工素材,medium,商品已下架/冻结,5819,0.0,WATCH,6666db1e83cedf0001f539d9,_H先生宝藏素材铺的店,2026-06-18 13:39:32,web_full,,1
69e3438b02be320001c9be2c,procreate笔刷ps笔刷十字星星光爱心发光晕漫画氛围装饰ipad绘画,medium,商品已下架/冻结,5819,0.0,WATCH,6666db1e83cedf0001f539d9,_H先生宝藏素材铺的店,2026-06-18 13:39:32,web_full,,1
69e9c94abd8c350001c329d3,Y2K潮流简约几何科技线性图标icon海报装饰矢量AI图案免抠PNG素材,medium,商品已下架/冻结,5819,0.0,WATCH,6666db1e83cedf0001f539d9,_H先生宝藏素材铺的店,2026-06-18 13:39:33,web_full,,1
69e9cb8a3a4daf000158723e,画世界pro笔刷青草树木树叶花朵花瓣植物环境风景安卓绘画笔素材,medium,商品已下架/冻结,5819,0.0,WATCH,6666db1e83cedf0001f539d9,_H先生宝藏素材铺的店,2026-06-18 13:39:33,web_full,,1
69f6085843360b00019ba934,白色透明薄纱飘纱飘带png高清免抠可商原创美工海报饭圈文游素材,medium,商品已下架/冻结,5819,0.0,WATCH,6666db1e83cedf0001f539d9,_H先生宝藏素材铺的店,2026-06-18 13:39:33,web_full,,1
69f87b9e6bdc380001f6251a,Y2K千禧童趣味可爱拼图模板拼贴照片边框插图框AI矢量PNG免扣素材,medium,商品已下架/冻结,5819,0.0,WATCH,6666db1e83cedf0001f539d9,_H先生宝藏素材铺的店,2026-06-18 13:39:33,web_full,,1
69f97c2d64eb410001ce0050,复古蝴蝶结procreate笔刷ps笔刷原创可爱服装领结发带头饰素材,medium,商品已下架/冻结,5819,0.0,WATCH,6666db1e83cedf0001f539d9,_H先生宝藏素材铺的店,2026-06-18 13:39:33,web_full,,1
69fb02536eeaf700019679b2,可商用procreate笔刷海棠花笔刷27只花枝花卉ipad绘画装饰,medium,商品已下架/冻结,5819,0.0,WATCH,6666db1e83cedf0001f539d9,_H先生宝藏素材铺的店,2026-06-18 13:39:33,web_full,,1
69e18d7383700100019fac99,AI矢量蒸汽波科幻赛博朋克边框标题框标签几何图PNG免扣美工素材,medium,商品已下架/冻结,5819,0.0,WATCH,6666db1e83cedf0001f539d9,_H先生宝藏素材铺的店,2026-06-18 13:39:33,web_full,,1
69e18ef457d5bd00010bc016,电子手账goodnotes贴纸美式复古金属可爱酸性PNG免扣平面设计素材,medium,商品已下架/冻结,5819,0.0,WATCH,6666db1e83cedf0001f539d9,_H先生宝藏素材铺的店,2026-06-18 13:39:33,web_full,,1
69eb5a990511b5000123d427,梦幻蝴蝶ps笔刷procreate唯美发光氛围动物昆虫点缀装饰插画素材,medium,商品已下架/冻结,5819,0.0,WATCH,6666db1e83cedf0001f539d9,_H先生宝藏素材铺的店,2026-06-18 13:39:33,web_full,,1
69ec4b7fbd8c350001021cd3,高级感品牌vi广告牌地铁灯效果展示箱创意设计海报样机psd素材,medium,商品已下架/冻结,5819,0.0,WATCH,6666db1e83cedf0001f539d9,_H先生宝藏素材铺的店,2026-06-18 13:39:34,web_full,,1
69ec533a294caa0001e734c1,高清4k商用摄影图片雪山峰自然风景登山日照金山旅游背景壁纸素材,medium,商品已下架/冻结,5819,0.0,WATCH,6666db1e83cedf0001f539d9,_H先生宝藏素材铺的店,2026-06-18 13:39:34,web_full,,1
69ec551c41333c00018a9822,法式手绘线条高级婚礼邀请函菜单节日海报贺卡AI矢量PSD设计素材,medium,商品已下架/冻结,5819,0.0,WATCH,6666db1e83cedf0001f539d9,_H先生宝藏素材铺的店,2026-06-18 13:39:34,web_full,,1
69ee037e9dea2d0001d1edcb,复古梦幻ins撕纸张边角废纸胶带便签闪亮拼贴元素PNG免扣图片素材,medium,商品已下架/冻结,5819,0.0,WATCH,6666db1e83cedf0001f539d9,_H先生宝藏素材铺的店,2026-06-18 13:39:34,web_full,,1
69ef6f49933b0300018ab1b6,哥特洛丽塔量产日系蕾丝美工边框手账花边AI矢量PNG免抠图片素材,medium,商品已下架/冻结,5819,0.0,WATCH,6666db1e83cedf0001f539d9,_H先生宝藏素材铺的店,2026-06-18 13:39:34,web_full,,1
69ef70570511b500018a75af,复古甜美法式蝴蝶结甜品蛋糕格子无缝包装印花背景图片Ai矢量素材,medium,商品已下架/冻结,5819,0.0,WATCH,6666db1e83cedf0001f539d9,_H先生宝藏素材铺的店,2026-06-18 13:39:34,web_full,,1
69ef71f6c4fc820001cffa87,手绘乡村田园草莓植物水彩插画边框手账装饰Ai矢量PNG免抠图素材,medium,商品已下架/冻结,5819,0.0,WATCH,6666db1e83cedf0001f539d9,_H先生宝藏素材铺的店,2026-06-18 13:39:34,web_full,,1
69f2ed6581bc010001ad0d5b,星星ps笔刷procreate笔刷五角星卡通涂鸦图形绘画插画装饰素材,medium,商品已下架/冻结,5819,0.0,WATCH,6666db1e83cedf0001f539d9,_H先生宝藏素材铺的店,2026-06-18 13:39:34,web_full,,1
69f6072f0511b5000165b250,梦幻黄色蝴蝶光束带星光高清png免抠可商原创美工海报文游素材,medium,商品已下架/冻结,5819,0.0,WATCH,6666db1e83cedf0001f539d9,_H先生宝藏素材铺的店,2026-06-18 13:39:35,web_full,,1
69f7254854fc750001d9c3b7,精选欧式复古做旧肌理背景图片蝴蝶油画艺术小众高清壁纸设计素材,medium,商品已下架/冻结,5819,0.0,WATCH,6666db1e83cedf0001f539d9,_H先生宝藏素材铺的店,2026-06-18 13:39:35,web_full,,1
69f8762b294caa00016ff87c,手绘卡通面包吐司甜点法棍烘焙手账插画元素AI矢量PNG免扣图素材,medium,商品已下架/冻结,5819,0.0,WATCH,6666db1e83cedf0001f539d9,_H先生宝藏素材铺的店,2026-06-18 13:39:35,web_full,,1
69f97b210511b50001af275f,蕾丝procreate+PS笔刷装饰线水印服饰花纹手账素材可商用,medium,商品已下架/冻结,5819,0.0,WATCH,6666db1e83cedf0001f539d9,_H先生宝藏素材铺的店,2026-06-18 13:39:35,web_full,,1
69f97d2cf888bb000112e735,可商用procreate_PS_画世界Pro笔刷蕾丝边笔刷可爱花纹边框32支,medium,商品已下架/冻结,5819,0.0,WATCH,6666db1e83cedf0001f539d9,_H先生宝藏素材铺的店,2026-06-18 13:39:35,web_full,,1
69fc81610511b50001fec894,海怪笔刷全套2025完整版procreate笔刷ipad绘画上色平头软硬铅笔,medium,商品已下架/冻结,5819,0.0,WATCH,6666db1e83cedf0001f539d9,_H先生宝藏素材铺的店,2026-06-18 13:39:35,web_full,,1
69fb05a39dea2d0001119856,procreate欧式花框边框笔刷 原创可商用绘画设计素材复古环状花圈,medium,商品已下架/冻结,5819,0.0,WATCH,6666db1e83cedf0001f539d9,_H先生宝藏素材铺的店,2026-06-18 13:39:35,web_full,,1
69f87d040283e20001d66bec,金属立体3D几何装饰图案酸性潮流Y2K蝴蝶icon图标PNG免抠图PS素材,medium,商品已下架/冻结,5819,0.0,WATCH,6666db1e83cedf0001f539d9,_H先生宝藏素材铺的店,2026-06-18 13:39:36,web_full,,1
6a0058170283e200016ba19e,免费商用中文标题字体潮流趣味安装包厚重黑体字库AI/PS设计素材,medium,商品已下架/冻结,5819,0.0,WATCH,6666db1e83cedf0001f539d9,_H先生宝藏素材铺的店,2026-06-18 13:39:37,web_full,,1
69e094024dd26e00015d47c0,Procreate笔刷树林叶子柳叶灌木植物iPad纹理场景笔刷 可商用,medium,商品已下架/冻结,5819,0.0,WATCH,6666db1e83cedf0001f539d9,_H先生宝藏素材铺的店,2026-06-18 13:39:37,web_full,,1
69e588d48c762b0001e4044f,复古数码产品留声机模型电话手机PNG免抠图拼贴贴纸手帐饭圈素材,medium,商品已下架/冻结,5819,0.0,WATCH,6666db1e83cedf0001f539d9,_H先生宝藏素材铺的店,2026-06-18 13:39:37,web_full,,1
69e58b4721dc630001efd086,procreate笔刷ps画笔古风水墨竹子枫叶鸟大雁中国风ipad绘画素材,medium,商品已下架/冻结,5819,0.0,WATCH,6666db1e83cedf0001f539d9,_H先生宝藏素材铺的店,2026-06-18 13:39:37,web_full,,1
69e58bc68c762b0001e460b0,紫藤花ps笔刷procreate笔刷水墨水彩植物花卉花朵场景氛围iPad插,medium,商品已下架/冻结,5819,0.0,WATCH,6666db1e83cedf0001f539d9,_H先生宝藏素材铺的店,2026-06-18 13:39:38,web_full,,1
69e76e6f3a4daf0001191c73,Procreate笔刷植物纹理竹林松树枫叶银杏葡萄iPad笔刷 可商用,medium,商品已下架/冻结,5819,0.0,WATCH,6666db1e83cedf0001f539d9,_H先生宝藏素材铺的店,2026-06-18 13:39:38,web_full,,1
69e9ca0eae65c90001e9d710,电子手账goodnotes贴纸美式复古圣诞酸性PNG免扣图片平面设计素材,medium,商品已下架/冻结,5819,0.0,WATCH,6666db1e83cedf0001f539d9,_H先生宝藏素材铺的店,2026-06-18 13:39:38,web_full,,1
69eb5a2d67d4b20001f26cc8,水印背景ps笔刷procreate笔刷爱心格子格纹斜线圆点菱形底纹素材,medium,商品已下架/冻结,5819,0.0,WATCH,6666db1e83cedf0001f539d9,_H先生宝藏素材铺的店,2026-06-18 13:39:38,web_full,,1
69eb5b6c41333c0001759a7b,Procreate裙褶笔刷蕾丝花边裙子裙摆褶皱荷叶边绘画商用素材,medium,商品已下架/冻结,5819,0.0,WATCH,6666db1e83cedf0001f539d9,_H先生宝藏素材铺的店,2026-06-18 13:39:38,web_full,,1
69eb5c080511b5000123f750,procreate笔刷十字星星爱心桃心漫画氛围笔刷ipad绘画闪星光装饰,medium,商品已下架/冻结,5819,0.0,WATCH,6666db1e83cedf0001f539d9,_H先生宝藏素材铺的店,2026-06-18 13:39:38,web_full,,1
69ec5612c4fc8200017e73fd,免费商用网红标题字体安装包文艺风格中文winmac-procreate素材,medium,商品已下架/冻结,5819,0.0,WATCH,6666db1e83cedf0001f539d9,_H先生宝藏素材铺的店,2026-06-18 13:39:38,web_full,,1
69ee04d3eee1ab0001598deb,高清4K可商用冬季森林冷杉雪地雪景旅游风景背景壁纸照片图片素材,medium,商品已下架/冻结,5819,0.0,WATCH,6666db1e83cedf0001f539d9,_H先生宝藏素材铺的店,2026-06-18 13:39:38,web_full,,1
69ef6dccfaf00200010a7ebe,哥特洛丽塔日系量产黑粉紫色蕾丝珍珠花边美工背景图片Ai矢量素材,medium,商品已下架/冻结,5819,0.0,WATCH,6666db1e83cedf0001f539d9,_H先生宝藏素材铺的店,2026-06-18 13:39:39,web_full,,1
69ef73ae43360b00018d05bf,赛博朋克攻壳机动队机能科技标签贴纸图标合集AI矢量PNG免抠素材,medium,商品已下架/冻结,5819,0.0,WATCH,6666db1e83cedf0001f539d9,_H先生宝藏素材铺的店,2026-06-18 13:39:39,web_full,,1
69f04496faf00200011c1918,可爱复古像素风卡通插画文字边框贴纸图标PNG图案电子手帐素材,medium,商品已下架/冻结,5819,0.0,WATCH,6666db1e83cedf0001f539d9,_H先生宝藏素材铺的店,2026-06-18 13:39:39,web_full,,1
69f054dd9dea2d00010a4b4e,金箔感装饰procreate笔刷十字星闪光点缀金线链条iPad插画绘画,medium,商品已下架/冻结,5819,0.0,WATCH,6666db1e83cedf0001f539d9,_H先生宝藏素材铺的店,2026-06-18 13:39:39,web_full,,1
69f607cf8c2c230001c01c47,梦幻透明薄纱窗纱星光花卉png高清免抠可商原创美工海报文游素材,medium,商品已下架/冻结,5819,0.0,WATCH,6666db1e83cedf0001f539d9,_H先生宝藏素材铺的店,2026-06-18 13:39:39,web_full,,1
69f725df8c2c230001db41b3,高清干花压花永生花朵秋天干枯植物ins复古拼贴纸PNG免抠图片素材,medium,商品已下架/冻结,5819,0.0,WATCH,6666db1e83cedf0001f539d9,_H先生宝藏素材铺的店,2026-06-18 13:39:39,web_full,,1
69f97b8d0511b50001af35cd,串珠珠帘ps笔刷procreate笔刷婚礼吊顶舞台星星钻石闪光装饰素材,medium,商品已下架/冻结,5819,0.0,WATCH,6666db1e83cedf0001f539d9,_H先生宝藏素材铺的店,2026-06-18 13:39:40,web_full,,1
69fc800164eb4100011d0ebd,procreate自制治愈系仿真水彩笔刷逼真水彩钢笔淡彩 ipad手绘插画,medium,商品已下架/冻结,5819,0.0,WATCH,6666db1e83cedf0001f539d9,_H先生宝藏素材铺的店,2026-06-18 13:39:40,web_full,,1
69fc80b16eeaf70001bd3488,70支自制随意临时涂鸦2.0系列可商用procreate笔刷ipad绘画插画,medium,商品已下架/冻结,5819,0.0,WATCH,6666db1e83cedf0001f539d9,_H先生宝藏素材铺的店,2026-06-18 13:39:40,web_full,,1
69d8d65f85199a0001534801,星空星光星星十字闪光特效高光镜头光晕光效abr画笔ps笔刷素材,medium,商品已下架/冻结,5819,0.0,WATCH,6666db1e83cedf0001f539d9,_H先生宝藏素材铺的店,2026-06-18 13:40:22,web_full,,1
69d5de17c4ccd900011cadc9,古风云纹ps笔刷procreate笔刷中国风国潮吉祥飘渺烟雾云雾素材,medium,商品已下架/冻结,5819,0.0,WATCH,6666db1e83cedf0001f539d9,_H先生宝藏素材铺的店,2026-06-18 13:40:23,web_full,,1
69d5d9fa01e19300014dab4f,光环背景ps笔刷procreate笔刷梦幻闪耀装饰边框魔法阵绘画素材,medium,商品已下架/冻结,5819,0.0,WATCH,6666db1e83cedf0001f539d9,_H先生宝藏素材铺的店,2026-06-18 13:40:23,web_full,,1
69da1c99c586eb00015d7d2b,科技户外广告牌地铁车站场景灯箱设计效果图展示海报样机PSD素材,medium,商品已下架/冻结,5819,0.0,WATCH,6666db1e83cedf0001f539d9,_H先生宝藏素材铺的店,2026-06-18 13:40:23,web_full,,1
69db36016ba4080001d5e852,光影光线ps笔刷procreate笔刷窗户光斑特效阳光光束绘画iPad素材,medium,商品已下架/冻结,5819,0.0,WATCH,6666db1e83cedf0001f539d9,_H先生宝藏素材铺的店,2026-06-18 13:40:23,web_full,,1
69d5d837e409080001f51203,韩系冷色黑白音乐元素iPod耳机CD唱片苹果PNG免抠图饭圈美工素材,medium,商品已下架/冻结,5819,0.0,WATCH,6666db1e83cedf0001f539d9,_H先生宝藏素材铺的店,2026-06-18 13:40:23,web_full,,1
69d8d8488ca4f4000113d289,精选勾线水彩古风水墨漫画蕾丝画笔动物毛发bru格式画世界pro笔刷,medium,商品已下架/冻结,5819,0.0,WATCH,6666db1e83cedf0001f539d9,_H先生宝藏素材铺的店,2026-06-18 13:40:23,web_full,,1
67b7d757acc82c0001c08bfa,硬壳皮笔记本记事文具封面智能贴图样机文创效果图PSD设计素材,medium,商品已下架/冻结,5819,0.0,WATCH,6666db1e83cedf0001f539d9,_H先生宝藏素材铺的店,2026-06-18 13:40:26,web_full,,1
6732de6f4c39cc00013e20eb,植物线条清新图案创意几何促销活动海报PNG免抠ai矢量背景图素材,medium,商品已下架/冻结,5819,0.0,WATCH,6666db1e83cedf0001f539d9,_H先生宝藏素材铺的店,2026-06-18 13:40:26,web_full,,1
684a4c7c3aea53000175a6af,夏日奶茶咖啡饮品大字涂鸦促销活动宣传海报模板PSD模板设计素材,medium,商品已下架/冻结,5819,0.0,WATCH,6666db1e83cedf0001f539d9,_H先生宝藏素材铺的店,2026-06-18 13:40:27,web_full,,1
67a72aebb23f7c0001cc961f,3D立体金属搪瓷珐琅徽章胸针潮流感图案设计VI展示PSD智能样机,medium,商品已下架/冻结,5819,0.0,WATCH,6666db1e83cedf0001f539d9,_H先生宝藏素材铺的店,2026-06-18 13:40:28,web_full,,1
67e39818eb978c00011af3ff,卡通扁平化风格城市环境建筑果园农场冬天场景背景UI设计矢量素材,medium,商品已下架/冻结,5819,0.0,WATCH,6666db1e83cedf0001f539d9,_H先生宝藏素材铺的店,2026-06-18 13:40:29,web_full,,1
6979c71c43eb76000194c4d0,新款可爱卡通手绘装饰元素牛奶贴纸电子手帐png免抠图饭圈素材,medium,商品已下架/冻结,5819,0.0,WATCH,6666db1e83cedf0001f539d9,_H先生宝藏素材铺的店,2026-06-18 13:40:30,web_full,,1
6801b33805b839000178f59d,植树节保护环境小学生植树造林浇水插画宣传海报模板PSD设计素材,medium,商品已下架/冻结,5819,0.0,WATCH,6666db1e83cedf0001f539d9,_H先生宝藏素材铺的店,2026-06-18 13:40:30,web_full,,1
68201c052788f40001a64660,创意扁平音乐演唱会插画吉他乐器复古表演海报模板AI矢量设计素材,medium,商品已下架/冻结,5819,0.0,WATCH,6666db1e83cedf0001f539d9,_H先生宝藏素材铺的店,2026-06-18 13:40:30,web_full,,1
667001de0f78be0001170da9,可爱卡通手绘小清新气泡聊天对话框贴纸图素材元素PSD/AI设计素材,medium,商品已下架/冻结,5819,0.0,WATCH,6666db1e83cedf0001f539d9,_H先生宝藏素材铺的店,2026-06-18 13:40:31,web_full,,1
673666ec6189c20001b8a488,中国风古典中式秀禾服古装婚纱摄影后期照片合成PSD字体PS模板,medium,商品已下架/冻结,5819,0.0,WATCH,6666db1e83cedf0001f539d9,_H先生宝藏素材铺的店,2026-06-18 13:40:31,web_full,,1
68ba63859a16410001cc9a4d,潮流美式复古卡通手写连笔英文字体procreate/ps/ai字体包素材TTF,medium,商品已下架/冻结,5819,0.0,WATCH,6666db1e83cedf0001f539d9,_H先生宝藏素材铺的店,2026-06-18 13:40:33,web_full,,1
684a4ff00da50d0001c8fbfc,卡通可爱童趣六一61儿童节活动节日宣传展板海报模板AI设计素材,medium,商品已下架/冻结,5819,0.0,WATCH,6666db1e83cedf0001f539d9,_H先生宝藏素材铺的店,2026-06-18 13:40:33,web_full,,1
67a7f83629b9f70001015402,新中式复古蓝色抽象几何无缝图形装饰背景底纹图案AI+JPG设计素材,medium,商品已下架/冻结,5819,0.0,WATCH,6666db1e83cedf0001f539d9,_H先生宝藏素材铺的店,2026-06-18 13:40:34,web_full,,1
686222306256090001d38388,浪漫七夕情人节活动宣传促销手机长图推文插画海报AI/PSD素材模板,medium,商品已下架/冻结,5819,0.0,WATCH,6666db1e83cedf0001f539d9,_H先生宝藏素材铺的店,2026-06-18 13:40:34,web_full,,1
6816d87646684b00018db3c9,医药保健品药丸药片药盒医用产品塑料包装瓶子贴图样机PSD模板,medium,商品已下架/冻结,5819,0.0,WATCH,6666db1e83cedf0001f539d9,_H先生宝藏素材铺的店,2026-06-18 13:40:35,web_full,,1
66838934c8f3fa0001da14ba,ppt模板高级感个人作品集画册排版设计面试简历素材答辩动态模版,medium,商品已下架/冻结,5819,0.0,WATCH,6666db1e83cedf0001f539d9,_H先生宝藏素材铺的店,2026-06-18 13:42:20,web_full,,1
68d79dd93f37a90001eb2472,树叶枝条procreate笔刷ps笔刷树木绿植物叶景观盆栽插画装饰素材,medium,商品已下架/冻结,5819,0.0,WATCH,6666db1e83cedf0001f539d9,_H先生宝藏素材铺的店,2026-06-18 13:42:22,web_full,,1
69d5dc95c4ccd900011c6ef4,数码苹果UI界面音乐播放边框状态栏PNG免抠图拼贴纸饭圈美工素材,medium,商品已下架/冻结,5795,0.0,WATCH,6666db1e83cedf0001f539d9,_H先生宝藏素材铺的店,2026-06-18 13:34:39,web_full,,1
69e8a1cd933b030001dd0adb,赛博仪表盘ps笔刷procreate笔刷电子科技感未来炫酷数据分析素材,medium,商品已下架/冻结,5795,0.0,WATCH,6666db1e83cedf0001f539d9,_H先生宝藏素材铺的店,2026-06-18 13:34:39,web_full,,1
69e09225837001000187d14e,山水画装饰procreate笔刷ps笔刷中国古风水墨古韵国画素材背景图,medium,商品已下架/冻结,5795,0.0,WATCH,6666db1e83cedf0001f539d9,_H先生宝藏素材铺的店,2026-06-18 13:34:39,web_full,,1
69d8d7078ca4f4000113af50,Procreate笔刷绿色自然植物树叶花瓣草地风景ipad手绘插画素材,medium,商品已下架/冻结,5795,0.0,WATCH,6666db1e83cedf0001f539d9,_H先生宝藏素材铺的店,2026-06-18 13:34:39,web_full,,1
69e58ce9933b030001cad61f,procreate画笔PS笔刷日系风景植物草木草丛环境场景线稿教程素材,medium,商品已下架/冻结,5795,0.0,WATCH,6666db1e83cedf0001f539d9,_H先生宝藏素材铺的店,2026-06-18 13:34:39,web_full,,1
69f044f867d4b200016a6208,可爱卡通卡通熊兔子爱心草莓蛋糕手绘电子手账PNG元素美工素材,medium,商品已下架/冻结,5795,0.0,WATCH,6666db1e83cedf0001f539d9,_H先生宝藏素材铺的店,2026-06-18 13:34:39,web_full,,1
69eb0c06933b030001196d4f,2026年51五一劳动节致敬劳动者活动手机H5宣传海报模板ai设计素材,medium,商品已下架/冻结,5795,0.0,WATCH,6666db1e83cedf0001f539d9,_H先生宝藏素材铺的店,2026-06-18 13:34:40,web_full,,1
69fb04f68c2c23000134bef5,Procreate头发笔刷 描边发丝麻花辫 可商用人像头发丝ipad绘画,medium,商品已下架/冻结,5795,0.0,WATCH,6666db1e83cedf0001f539d9,_H先生宝藏素材铺的店,2026-06-18 13:34:40,web_full,,1
69fb00ef213e270001eab23e,可爱像素风文字贴画小图标电子手帐PNG免抠图拼贴纸饭圈美工素材,medium,商品已下架/冻结,5795,0.0,WATCH,6666db1e83cedf0001f539d9,_H先生宝藏素材铺的店,2026-06-18 13:34:40,web_full,,1
69e0d750a1dd780001527da1,春天春日商场市集美陈活动物料门头拍照框DPkt板背景墙ai设计素材,medium,商品已下架/冻结,5795,0.0,WATCH,6666db1e83cedf0001f539d9,_H先生宝藏素材铺的店,2026-06-18 13:34:40,web_full,,1
69ee00029dea2d0001d1b63f,祝福富贵吉祥平安LOGO印章AICDR矢量中国风图案装饰Png免抠图素材,medium,商品已下架/冻结,5795,0.0,WATCH,6666db1e83cedf0001f539d9,_H先生宝藏素材铺的店,2026-06-18 13:34:40,web_full,,1
69f87e4ca97845000189072c,梦幻金色光束带后期叠加png高清免抠可商原创美工海报文游素材,medium,商品已下架/冻结,5795,0.0,WATCH,6666db1e83cedf0001f539d9,_H先生宝藏素材铺的店,2026-06-18 13:34:40,web_full,,1
68ff4e050dfa7500011f4872,90年代风格INS多尺寸社交媒体图文海报排版布局PSD模板设计PS套装,medium,商品已下架/冻结,5795,0.0,WATCH,6666db1e83cedf0001f539d9,_H先生宝藏素材铺的店,2026-06-18 13:34:46,web_full,,1
69f3ff22e0e86e0001315c84,鹿小贝要上岸  成语积累|申论|行测言语|时政|常识|实词,medium,商品已下架/冻结,5765,0.0,WATCH,67aa22f8ed95020015858f66,小火箭软件开发工作室的店,2026-06-18 13:34:28,web_full,,1
69c099769c146500019c1a34,美式可折叠腰头粉色翻腰休闲裤女春夏新款直筒阔腿裤垂感拖地裤,medium,商品已下架/冻结,5751,0.0,WATCH,,,2026-06-18 16:31:43,web_full,,1
638876b9c3e9b8000164db5b,荣恒教育·易错题1-6年级上下册 口算竖式应用题专项训练,medium,商品已下架/冻结,5730,0.0,WATCH,638713785836e000014ca713,凡妈的店,2026-06-18 16:33:09,web_full,,1
638876d1fa08f300014dd9ce,易错题1-6年级上下册 口算竖式应用题专项训练,medium,商品已下架/冻结,5730,0.0,WATCH,,,2026-06-18 16:33:09,web_full,,1
6388770a70f8170001e2e577,易错题1-6年级上下册 口算竖式应用题专项训练,medium,商品已下架/冻结,5730,0.0,WATCH,,,2026-06-18 16:33:09,web_full,,1
6a0f04c2e6f87900011d7a35,uu游戏周边盲盒uu币a1,medium,商品已下架/冻结,5730,0.0,WATCH,6a0ad5a16a6b7000157fe816,u酱的店,2026-06-18 16:33:10,web_full,,1
6541def22361ab000196bc79,金麟世家·月亮与六便士书正版原著毛姆长篇小说经典世界名著外国小说畅销书,medium,商品已下架/冻结,5691,0.0,WATCH,6522342c7fa15200013b6ea5,金麟世家世净专卖店,2026-06-18 16:33:13,web_full,,1
6541def6496bb40001cf5dd6,金麟世家·月亮与六便士书正版原著毛姆长篇小说经典世界名著外国小说畅销书,medium,商品已下架/冻结,5687,0.0,WATCH,6522342c7fa15200013b6ea5,金麟世家世净专卖店,2026-06-18 16:33:14,web_full,,1
67da1b405102a400011ee596,月亮与六便士书正版原著毛姆长篇小说经典世界名著外国小说畅销书,medium,商品已下架/冻结,5687,0.0,WATCH,,,2026-06-18 16:33:14,web_full,,1
69331d69bd92f50001cd2acc,高中教资笔试科一科二科三学精简版霸笔记/网课/真题,medium,商品已下架/冻结,5678,0.0,WATCH,,,2026-06-18 16:33:14,web_full,,1
69331d69bd92f50001cd2ac0,上岸熊·高中教资笔试科一科二科三学精简版霸笔记/网课/真题,medium,商品已下架/冻结,5677,0.0,WATCH,6715f8ce7f3e1d00154dbc75,子悠学姐（资料版）的店,2026-06-18 16:33:14,web_full,,1
69331d69bd92f50001cd2ad2,高中教资笔试科一科二科三学精简版霸笔记/网课/真题,medium,商品已下架/冻结,5673,0.0,WATCH,,,2026-06-18 16:33:15,web_full,,1
6837d4cf77889300010eefd6,高中教资笔试科一科二科三学精简版霸笔记/网课/真题,medium,商品已下架/冻结,5673,0.0,WATCH,,,2026-06-18 16:33:15,web_full,,1
6837d4cf77889300010eefc4,高中教资笔试科一科二科三学精简版霸笔记/网课/真题,medium,商品已下架/冻结,5673,0.0,WATCH,,,2026-06-18 16:33:15,web_full,,1
682bed29a3f9890001b5d12b,带音频102个亲子情境英语幼儿童早教启蒙英文可点读（不带笔）,medium,商品已下架/冻结,5671,0.0,WATCH,66bc4aa06f3c66001502f298,诗语书店的店,2026-06-18 16:33:16,web_full,,1
69331d69bd92f50001cd2ae4,上岸熊·高中教资笔试科一科二科三学精简版霸笔记/网课/真题,medium,商品已下架/冻结,5667,0.0,WATCH,6715f8ce7f3e1d00154dbc75,子悠学姐（资料版）的店,2026-06-18 16:33:16,web_full,,1
6837d269d9a0a400014086e4,上岸熊·高中教资笔试科一科二科三学精简版霸笔记/网课/真题,medium,商品已下架/冻结,5664,0.0,WATCH,6715f8ce7f3e1d00154dbc75,子悠学姐（资料版）的店,2026-06-18 16:33:16,web_full,,1
6693ee141ec0df0001c8fb6a,《新传考研名词解释（27修订版）》｜必背300词与1100个关键词,medium,商品已下架/冻结,5662,0.0,WATCH,6655514afdcbf5000189f2f1,秃头研究所Monsters的店,2026-06-18 16:33:16,web_full,,1
679b57df29b9f70001022168,上岸熊·高中教资笔试科一科二科三学精简版霸笔记/网课/真题,medium,商品已下架/冻结,5662,0.0,WATCH,6715f8ce7f3e1d00154dbc75,子悠学姐（资料版）的店,2026-06-18 16:33:17,web_full,,1
6837d269d9a0a400014086e1,高中教资笔试科一科二科三学精简版霸笔记/网课/真题,medium,商品已下架/冻结,5662,0.0,WATCH,,,2026-06-18 16:33:17,web_full,,1
68372782bf64a600017878db,高中教资笔试科一科二科三学精简版霸笔记/网课/真题,medium,商品已下架/冻结,5662,0.0,WATCH,,,2026-06-18 16:33:17,web_full,,1
69c7d61e5681cd0001e8f34c,预设素材模板胶片滤镜丨照片实况胶片滤镜调色预设素材模板,medium,商品已下架/冻结,5662,0.0,WATCH,685683aa5c02210015bee9d0,咔咔的丨胶片相机的店,2026-06-18 16:33:17,web_full,,1
6837d4cf77889300010eefc1,高中教资笔试科一科二科三学精简版霸笔记/网课/真题,medium,商品已下架/冻结,5662,0.0,WATCH,,,2026-06-18 16:33:17,web_full,,1
6837d269d9a0a400014086db,高中教资笔试科一科二科三学精简版霸笔记/网课/真题,medium,商品已下架/冻结,5661,0.0,WATCH,,,2026-06-18 16:33:17,web_full,,1
67a5872af4d6570001bc6ce3,高中教资笔试科一科二科三学精简版霸笔记/网课/真题,medium,商品已下架/冻结,5661,0.0,WATCH,,,2026-06-18 16:33:17,web_full,,1
679b57df29b9f7000102216e,上岸熊·高中教资笔试科一科二科三学精简版霸笔记/网课/真题,medium,商品已下架/冻结,5660,0.0,WATCH,6715f8ce7f3e1d00154dbc75,子悠学姐（资料版）的店,2026-06-18 16:33:17,web_full,,1
68372782bf64a600017878de,高中教资笔试科一科二科三学精简版霸笔记/网课/真题,medium,商品已下架/冻结,5660,0.0,WATCH,,,2026-06-18 16:33:17,web_full,,1
68372782bf64a600017878c6,上岸熊·高中教资笔试科一科二科三学精简版霸笔记/网课/真题,medium,商品已下架/冻结,5618,0.0,WATCH,6715f8ce7f3e1d00154dbc75,子悠学姐（资料版）的店,2026-06-18 13:46:37,web_full,,1
6837d269d9a0a400014086ea,上岸熊·高中教资笔试科一科二科三学精简版霸笔记/网课/真题,medium,商品已下架/冻结,5618,0.0,WATCH,6715f8ce7f3e1d00154dbc75,子悠学姐（资料版）的店,2026-06-18 13:46:39,web_full,,1
6837d269d9a0a400014086c9,上岸熊·高中教资笔试科一科二科三学精简版霸笔记/网课/真题,medium,商品已下架/冻结,5618,0.0,WATCH,6715f8ce7f3e1d00154dbc75,子悠学姐（资料版）的店,2026-06-18 13:46:53,web_full,,1
69331d69bd92f50001cd2ac9,上岸熊·高中教资笔试科一科二科三学精简版霸笔记/网课/真题,medium,商品已下架/冻结,5618,0.0,WATCH,6715f8ce7f3e1d00154dbc75,子悠学姐（资料版）的店,2026-06-18 13:47:20,web_full,,1
6425bd7b74d00a000149adf9,书行·减压同步练字帖小学1-6年级新版点阵每日30字含笔画偏旁控笔,medium,商品已下架/冻结,5608,0.0,WATCH,64107973d485a10001741e9e,瑭瑭妈妈的店,2026-06-18 16:33:22,web_full,,1
6425bd839fcdcc000112d6d1,书行·减压同步练字帖小学1-6年级新版点阵每日30字含笔画偏旁控笔,medium,商品已下架/冻结,5608,0.0,WATCH,64107973d485a10001741e9e,瑭瑭妈妈的店,2026-06-18 16:33:25,web_full,,1
6537c8951178520001ff5c96,金麟世家·好好说话有趣的口才精进技巧 高情商聊天术跟任何人都聊得来书籍,medium,商品已下架/冻结,5592,0.0,WATCH,6522342c7fa15200013b6ea5,金麟世家世净专卖店,2026-06-18 16:33:26,web_full,,1
692c04d3d48cf900154188e6,2026秋新课堂笔记二一三四五六年级上下册语数英学霸随堂笔记预习,medium,商品已下架/冻结,5585,0.0,WATCH,6372dc1c83f0d000019e3f11,佳佳学霸图书店的店,2026-06-18 16:33:27,web_full,,1
694d14e7f89e9d0015875dfe,地球上的爆笑生活：便便、树懒和你的一天 趣味科普 生活科普,medium,商品已下架/冻结,5577,0.0,WATCH,658bef15076cd80001878ba5,小吟心书坊的店,2026-06-18 16:33:27,web_full,,1
6586766e4394110001699432,好好说话有趣的口才精进技巧 高情商聊天术跟任何人都聊得来书籍,medium,商品已下架/冻结,5576,0.0,WATCH,,,2026-06-18 16:33:27,web_full,,1
6586766e4394110001699435,好好说话有趣的口才精进技巧 高情商聊天术跟任何人都聊得来书籍,medium,商品已下架/冻结,5576,0.0,WATCH,,,2026-06-18 16:33:27,web_full,,1
6586766e439411000169942f,好好说话有趣的口才精进技巧 高情商聊天术跟任何人都聊得来书籍,medium,商品已下架/冻结,5564,0.0,WATCH,,,2026-06-18 16:33:29,web_full,,1
69a5ad17b2d0910001d7dab9,地球上的爆笑生活：便便、树懒和你的一天 趣味科普 生活科普,medium,商品已下架/冻结,5560,0.0,WATCH,,,2026-06-18 16:33:29,web_full,,1
69cb80168423ad0001d320e9,地球上的爆笑生活：便便、树懒和你的一天 趣味科普 生活科普,medium,商品已下架/冻结,5560,0.0,WATCH,,,2026-06-18 16:33:29,web_full,,1
6445e5932f6fd30001702117,英语晨读口语练习书 小学生1-6年级 经典美文 赠打卡本小学英语,medium,商品已下架/冻结,5557,0.0,WATCH,,,2026-06-18 16:33:29,web_full,,1
6445e593a364e70001660641,英语晨读口语练习书 小学生1-6年级 经典美文 赠打卡本小学英语,medium,商品已下架/冻结,5557,0.0,WATCH,64107973d485a10001741e9e,瑭瑭妈妈的店,2026-06-18 16:33:29,web_full,,1
69a2bcf4ca73c200014359e5,地球上的爆笑生活：便便、树懒和你的一天 趣味科普 生活科普,medium,商品已下架/冻结,5537,0.0,WATCH,,,2026-06-18 16:34:43,web_full,,1
68761ef8b6f0e80001b2e501,ppt模板时尚美业高级感设计ins简约高端莫兰迪汇报答辩作品集,medium,商品已下架/冻结,5498,0.0,WATCH,686c8db764ee13001575d3aa,一然素材的店,2026-06-18 13:34:46,web_full,,1
6937896815fdcf0001979af1,北京大兴机场快线省钱啦！,medium,商品已下架/冻结,5481,0.0,WATCH,69377eb720844d00159608ab,大兴草桥往返票务的店,2026-06-18 16:34:50,web_full,,1
676b96acd048b70001dbfff5,不退不换专拍链接内含多种价格买多少拍多少金额对就可以,medium,商品已下架/冻结,5476,0.0,WATCH,,,2026-06-18 16:34:50,web_full,,1
69c403c2180bf40001d2de5f,不退不换专拍链接内含多种价格买多少拍多少金额对就可以,medium,商品已下架/冻结,5476,0.0,WATCH,,,2026-06-18 16:34:51,web_full,,1
66972109a3f69e0001fce1c6,陪老婆怀孕（写给男人看的孕期指导书）十月怀胎孕妇知识百科全书,medium,商品已下架/冻结,5454,0.0,NEW,,,2026-06-18 16:34:52,web_full,,1
66bb48e5ad995900016e59c8,陪老婆怀孕（写给男人看的孕期指导书）十月怀胎孕妇知识百科全书,medium,商品已下架/冻结,5454,0.0,WATCH,,,2026-06-18 16:34:52,web_full,,1
66be07ae5e048b00015010fa,上海迪士尼帅帅童车租赁，双胞胎车 大童车婴儿车,medium,商品已下架/冻结,5434,0.0,WATCH,,,2026-06-18 16:34:56,web_full,,1
6853db1f529b8e000176ec08,有间·国家人文历历史  专题刊第一弹～24年25年,medium,商品已下架/冻结,5425,0.0,WATCH,,,2026-06-18 16:34:57,web_full,,1
68527c1f6d19100001d2ca9d,有间·国家人文历历史  专题刊第一弹～24年25年,medium,商品已下架/冻结,5421,0.0,WATCH,67d7cee410c8cd0015d7fdb1,有间书店的店,2026-06-18 16:34:57,web_full,,1
69dc4c7eb47ddc0001ba71e0,有间·国家人文历历史  专题刊第一弹～24年25年,medium,商品已下架/冻结,5421,0.0,WATCH,67d7cee410c8cd0015d7fdb1,有间书店的店,2026-06-18 16:34:57,web_full,,1
67da8554198a28001591eef6,有间·国家人文历历史  专题刊第一弹～24年25年,medium,商品已下架/冻结,5404,0.0,WATCH,67d7cee410c8cd0015d7fdb1,有间书店的店,2026-06-18 16:34:58,web_full,,1
6a1001bbc4095100010c1139,【九头身】女士窄版直筒裤显腿长100%自种长纤汉麻（HM2673）,medium,商品已下架/冻结,5382,0.0,WATCH,,,2026-06-18 16:35:01,web_full,,1
686a09324d489500010ef6f3,deepseek文游指令合集包（dd原创）,medium,商品已下架/冻结,5348,0.0,WATCH,6866951893a14600156deea4,DD要努力的店,2026-06-18 14:33:57,web_full,,1
642400827b15020001764843,点阵笔画偏旁控笔字型训练硬笔楷书描摹练习初学者练字练习纸,medium,商品已下架/冻结,5304,0.0,WATCH,,瑭瑭妈妈的店,2026-06-18 16:36:28,web_full,,1
695bd027a35123000143b7d0,26年下教资笔试中小幼教师资格证笔试科目一二【电子版资料】,medium,商品已下架/冻结,5230,0.0,WATCH,68a483e95e5720001595cef5,意嘉嘉的店,2026-06-18 14:34:58,web_full,,1
68a7c95395220f000144f1f2,26考研在小三门中背单词逐词翻译英一英二完型翻译新题型记事本,medium,商品已下架/冻结,5223,0.0,WATCH,6862bc2f7598f50015558e73,小鹅资料的店,2026-06-18 16:36:36,web_full,,1
695bd027a35123000143b7dc,26年下教资笔试中小幼教师资格证笔试科目一二【电子版资料】,medium,商品已下架/冻结,5212,0.0,WATCH,68a483e95e5720001595cef5,意嘉嘉的店,2026-06-18 14:11:57,web_full,,1
695bd027a35123000143b7d3,26年下教资笔试中小幼教师资格证笔试科目一二【电子版资料】,medium,商品已下架/冻结,5209,0.0,WATCH,68a483e95e5720001595cef5,意嘉嘉的店,2026-06-18 14:03:36,web_full,,1
695bd027a35123000143b7c7,26年下教资笔试中小幼教师资格证笔试科目一二【电子版资料】,medium,商品已下架/冻结,5209,0.0,WATCH,68a483e95e5720001595cef5,意嘉嘉的店,2026-06-18 14:03:55,web_full,,1
695bd027a35123000143b7ca,26年下教资笔试中小幼教师资格证笔试科目一二【电子版资料】,medium,商品已下架/冻结,5208,0.0,WATCH,68a483e95e5720001595cef5,意嘉嘉的店,2026-06-18 14:01:20,web_full,,1
695bce64a35123000143904b,26年下教资笔试中小幼教师资格证笔试科目一二【电子版资料】,medium,商品已下架/冻结,5204,0.0,WATCH,68a483e95e5720001595cef5,意嘉嘉的店,2026-06-18 13:59:47,web_full,,1
681968feafdaa60001c0cc80,适用macbook苹果笔记本电脑蓝牙无线鼠标typec接口imacminiM2M3M4,medium,商品已下架/冻结,5180,0.0,NEW,,,2026-06-18 16:37:53,web_full,,1
695bd027a35123000143b7cd,26年下教资笔试中小幼教师资格证笔试科目一二【电子版资料】,medium,商品已下架/冻结,5155,0.0,WATCH,68a483e95e5720001595cef5,意嘉嘉的店,2026-06-18 13:43:30,web_full,,1
6a169dec5566b000017c218c,2027浙江大学出版社初高中数学思想方法导引张金良主编辅导资料书,medium,商品已下架/冻结,5130,0.0,WATCH,,,2026-06-18 16:38:35,web_full,,1
681968feafdaa60001c0cc7d,适用macbook苹果笔记本电脑蓝牙无线鼠标typec接口imacminiM2M3M4,medium,商品已下架/冻结,5126,0.0,WATCH,,,2026-06-18 16:38:35,web_full,,1
67dcc19a132df900012cc705,2027浙江大学出版社初高中数学思想方法导引张金良主编辅导资料书,medium,商品已下架/冻结,5106,0.0,WATCH,664b6b5ea27588000188a628,提分书屋的店,2026-06-18 16:38:36,web_full,,1
673465294a986500016a6b04,企业用工风险防范实战书+2025新版用工合同（劳务+劳动/社保）,medium,商品已下架/冻结,5046,0.0,WATCH,,,2026-06-18 16:38:41,web_full,,1
68638dd4a0660200019df0b5,Diy迷你（插电使用）手工电钻，树脂配件， pvc，木头材质的都可,medium,商品已下架/冻结,5024,0.0,WATCH,683956e65ea0f000155fabf4,晴天潮玩diy的店,2026-06-18 16:38:42,web_full,,1
6983ef56a5576f0001086c7a,一张图读懂历史年表中国世界历史远近历史脉络长卷时间轴地图,medium,商品已下架/冻结,4982,0.0,WATCH,,,2026-06-18 16:39:56,web_full,,1
688c9151b1b9df0001368797,北斗;DIPPER·一张图读懂历史年表中国世界历史远近历史脉络长卷时间轴地图,medium,商品已下架/冻结,4979,0.0,WATCH,65968b6469a8470001e504c8,深柳学堂的店,2026-06-18 16:39:56,web_full,,1
695bd027a35123000143b7be,26年下教资笔试中小幼教师资格证笔试科目一二【电子版资料】,medium,商品已下架/冻结,4935,0.0,WATCH,68a483e95e5720001595cef5,意嘉嘉的店,2026-06-18 13:34:23,web_full,,1
6953a57823d3ce000125df66,2026春新课堂笔记二一三四五六年级上下册语数英学霸随堂笔记预习,medium,商品已下架/冻结,4778,0.0,WATCH,6372dc1c83f0d000019e3f11,佳佳学霸图书店的店,2026-06-18 14:16:59,web_full,,1
68aec22bae2af10001aa1db0,37款INS风影楼相册儿童艺术字体后期设计写真潮童中文素材模板,medium,商品已下架/冻结,4739,0.0,WATCH,689c4d82183504001519aa24,缤纷熊素材库的店,2026-06-18 13:34:47,web_full,,1
69a684d4e33b580001082b81,2026中高考任选适用2025/2026热点考点素材押题作文,medium,商品已下架/冻结,4716,0.0,WATCH,,,2026-06-18 16:41:24,web_full,,1
692e24df46e53000016bd17b,2026中高考任选适用2025/2026热点考点素材押题作文,medium,商品已下架/冻结,4716,0.0,WATCH,,,2026-06-18 16:41:24,web_full,,1
692e24df46e53000016bd178,2026中高考任选适用2025/2026热点考点素材押题作文,medium,商品已下架/冻结,4716,0.0,WATCH,,张学姐的店,2026-06-18 16:41:24,web_full,,1
6659363209a55b000179076e,【正版 出版社直发】成长必读的逆商培养绘本【全4册】,medium,商品已下架/冻结,4624,0.0,WATCH,6657e95da57f580001f4b67e,恩恩书屋的店,2026-06-18 16:42:37,web_full,,1
69e8ccc2d4c1110001c3bfac,陕西旅游文旅ui设计psd高低保真XD交互fig模板27,medium,商品已下架/冻结,4623,0.0,WATCH,6560a5802e77070001b1efa7,UI原创设计的店,2026-06-18 13:34:45,web_full,,1
668169686a22800001847d9c,初中英语语法中考考频分区速学词汇语法单词考点复习,medium,商品已下架/冻结,4603,0.0,WATCH,,,2026-06-18 16:42:39,web_full,,1
668169686a22800001847d9f,学而思·初中英语语法中考考频分区速学词汇语法单词考点复习,medium,商品已下架/冻结,4603,0.0,WATCH,64fc14bcdace090001ca6080,张学姐的店,2026-06-18 16:42:39,web_full,,1
668169686a22800001847d93,学而思·初中英语语法中考考频分区速学词汇语法单词考点复习,medium,商品已下架/冻结,4569,0.0,WATCH,64fc14bcdace090001ca6080,张学姐的店,2026-06-18 16:42:41,web_full,,1
6575a7930f74c6000192d8e1,【26幼儿学科】幼儿园教师编制干货重点笔记思维导图（纸盒打包）,medium,商品已下架/冻结,4548,0.0,WATCH,6548b9a89758730001d1fd83,只背一页书的店,2026-06-18 16:42:43,web_full,,1
65ef1d6be1eb4400013e319b,行业报告-任选（pdf）,medium,商品已下架/冻结,4526,0.0,WATCH,65ef1629f0b5350001d5b803,行业报告的店,2026-06-18 16:43:56,web_full,,1
679e6ca497ab010001721ee1,小学口算应用题数学思维训练题带讲解一二三四五六年级上下册,medium,商品已下架/冻结,4509,0.0,WATCH,6372dc1c83f0d000019e3f11,佳佳学霸图书店的店,2026-06-18 16:43:57,web_full,,1
68d42286ed3b2f0001bae055,小学口算应用题数学思维训练题带讲解一二三四五六年级上下册,medium,商品已下架/冻结,4509,0.0,WATCH,,,2026-06-18 16:43:57,web_full,,1
68d04329c7284000011d8429,小学口算应用题数学思维训练题带讲解一二三四五六年级上下册,medium,商品已下架/冻结,4509,0.0,WATCH,6372dc1c83f0d000019e3f11,佳佳学霸图书店的店,2026-06-18 16:43:57,web_full,,1
679e6ca497ab010001721ee7,小学口算应用题数学思维训练题带讲解一二三四五六年级上下册,medium,商品已下架/冻结,4508,0.0,WATCH,,,2026-06-18 16:43:57,web_full,,1
679e723729b9f70001076cd6,小学口算应用题数学思维训练题带讲解一二三四五六年级上下册,medium,商品已下架/冻结,4508,0.0,WATCH,,,2026-06-18 16:43:57,web_full,,1
63766445d09abf000144b7cc,小学口算应用题数学思维训练题带讲解一二三四五六年级上下册,medium,商品已下架/冻结,4506,0.0,WATCH,,,2026-06-18 16:43:57,web_full,,1
67b4b076db1dc10001107213,小学口算应用题数学思维训练题带讲解一二三四五六年级上下册,medium,商品已下架/冻结,4506,0.0,WATCH,,,2026-06-18 16:43:58,web_full,,1
67cb0b7c4a593600018bfdac,P掉路人去掉脸部特效 AI消除多余游客 抠图换背景 图片改字去水印,medium,商品已下架/冻结,4491,0.0,WATCH,63f39acf42138f0001b527e2,沉淀「Ps修图」的店,2026-06-18 16:43:59,web_full,,1
67cb0b7c4a593600018bfda9,P掉路人去掉脸部特效 AI消除多余游客 抠图换背景 图片改字去水印,medium,商品已下架/冻结,4491,0.0,WATCH,,沉淀「Ps修图」的店,2026-06-18 16:43:59,web_full,,1
67cb0b7c4a593600018bfda6,P掉路人去掉脸部特效 AI消除多余游客 抠图换背景 图片改字去水印,medium,商品已下架/冻结,4491,0.0,WATCH,,,2026-06-18 16:43:59,web_full,,1
67d2d0518599cb000159c31d,P掉路人去掉脸部特效 AI消除多余游客 抠图换背景 图片改字去水印,medium,商品已下架/冻结,4491,0.0,WATCH,63f39acf42138f0001b527e2,沉淀「Ps修图」的店,2026-06-18 16:43:59,web_full,,1
67d2d0518599cb000159c323,P掉路人去掉脸部特效 AI消除多余游客 抠图换背景 图片改字去水印,medium,商品已下架/冻结,4491,0.0,WATCH,,,2026-06-18 16:43:59,web_full,,1
67cb0b7c4a593600018bfdaf,P掉路人去掉脸部特效 AI消除多余游客 抠图换背景 图片改字去水印,medium,商品已下架/冻结,4491,0.0,WATCH,63f39acf42138f0001b527e2,沉淀「Ps修图」的店,2026-06-18 16:43:59,web_full,,1
665dfce7e914d90001b943b7,P掉路人去掉脸部特效 AI消除多余游客 抠图换背景 图片改字去水印,medium,商品已下架/冻结,4491,0.0,WATCH,,,2026-06-18 16:43:59,web_full,,1
67cb0b7c4a593600018bfd97,P掉路人去掉脸部特效 AI消除多余游客 抠图换背景 图片改字去水印,medium,商品已下架/冻结,4491,0.0,WATCH,63f39acf42138f0001b527e2,沉淀「Ps修图」的店,2026-06-18 16:43:59,web_full,,1
67cb0b7c4a593600018bfda3,P掉路人去掉脸部特效 AI消除多余游客 抠图换背景 图片改字去水印,medium,商品已下架/冻结,4491,0.0,WATCH,,,2026-06-18 16:43:59,web_full,,1
69e879ddbd07d50001f50792,【正版现货】特工学校 谁杀死了河马亨利 中文版 BK,medium,商品已下架/冻结,4489,0.0,NEW,,,2026-06-18 16:43:59,web_full,,1
69eab70a9dea2d000179fd47,全新剑网3吧唧徽章包邮名片贴花动态动作,medium,商品已下架/冻结,4269,0.0,WATCH,671b9d81ef81e60015a3778a,影影卡券的店,2026-06-18 16:45:30,web_full,,1
69eab70a9dea2d000179fd4d,全新剑网3吧唧徽章包邮名片贴花动态动作,medium,商品已下架/冻结,4269,0.0,WATCH,,,2026-06-18 16:45:30,web_full,,1
673c996fec68d70001b42898,【峰阅教研组】全国通用版提分笔记高考必备名师倾力编著高中考点,medium,商品已下架/冻结,4268,0.0,WATCH,,,2026-06-18 16:45:30,web_full,,1
673c996fec68d70001b4289b,【峰阅教研组】全国通用版提分笔记高考必备名师倾力编著高中考点,medium,商品已下架/冻结,4263,0.0,WATCH,,墨香丨百物铺的店,2026-06-18 16:45:31,web_full,,1
67b7f9eae0b59400018a13db,【峰阅教研组】全国通用版提分笔记高考必备名师倾力编著高中考点,medium,商品已下架/冻结,4263,0.0,WATCH,,,2026-06-18 16:45:31,web_full,,1
67771bf234f59000015544b6,【峰阅教研组】全国通用版提分笔记高考必备名师倾力编著高中考点,medium,商品已下架/冻结,4257,0.0,WATCH,,,2026-06-18 16:45:32,web_full,,1
6a113fb8ca8f410001595912,【九头身】女士直筒显腿长100%自种长纤汉麻窄版直筒裤（HM2673）,medium,商品已下架/冻结,4218,0.0,WATCH,6996935daffe580015002ca6,小红书朗图外贸的店,2026-06-18 16:46:47,web_full,,1
68a9baa7a50cd90001c61fa0,900万字申论资料库,medium,商品已下架/冻结,4148,0.0,WATCH,679dde3112476e00155b3d48,松松上岸笔记的店,2026-06-18 14:11:51,web_full,,1
66cc0a1337162e0001b3c15e,【扫一扫听音频】好快!10天背完2000日语单词初学日语入门教程书,medium,商品已下架/冻结,4145,0.0,WATCH,,,2026-06-18 16:46:54,web_full,,1
67b2a8d3e0b59400015b7b8a,【扫一扫听音频】好快!10天背完2000日语单词初学日语入门教程书,medium,商品已下架/冻结,4145,0.0,WATCH,,,2026-06-18 16:46:54,web_full,,1
67b2a8d3e0b59400015b7b8d,【扫一扫听音频】好快!10天背完2000日语单词初学日语入门教程书,medium,商品已下架/冻结,4145,0.0,WATCH,,,2026-06-18 16:46:54,web_full,,1
67fc9c409dab110015e010d9,2026新版【思维导图象形速记汉字】紧贴小学语文教材趣味汉字速记,medium,商品已下架/冻结,4140,0.0,WATCH,660d0f94f0b53500014280f4,启迪图书智慧书屋的店,2026-06-18 16:46:55,web_full,,1
66add899c338000001423012,像高手一样发言七种常见工作场景的说话之道 开会演讲汇报口才,medium,商品已下架/冻结,4136,0.0,WATCH,64ef0e37effd830001b56c0c,朱朱童学的店,2026-06-18 16:46:55,web_full,,1
66add899c338000001423015,像高手一样发言七种常见工作场景的说话之道 开会演讲汇报口才,medium,商品已下架/冻结,4136,0.0,WATCH,64ef0e37effd830001b56c0c,朱朱童学的店,2026-06-18 16:46:55,web_full,,1
68231fe56d54370001bd5c0d,【1-63】大学资料合集【自动发货】,medium,商品已下架/冻结,4103,0.0,WATCH,67e8ff370550f300159bc631,学长的资料的店,2026-06-18 13:37:51,web_full,,1
63edc93098316a000163ac7a,斗半匠·开学季同步作文仿写训练1到6年级小学写作技巧素材,medium,商品已下架/冻结,4046,0.0,WATCH,636cbe7183f0d000019e1443,玲子姐姐书店的店,2026-06-18 16:48:18,web_full,,1
693ec1394f2ba2000104d007,2026长沙初中四大名校语文数学英语物化生地史月考期中期末真题卷,medium,商品已下架/冻结,4040,0.0,WATCH,,,2026-06-18 16:48:20,web_full,,1
693ec1394f2ba2000104d02e,2026长沙初中四大名校语文数学英语物化生地史月考期中期末真题卷,medium,商品已下架/冻结,4035,0.0,WATCH,,,2026-06-18 16:48:20,web_full,,1
693ec1394f2ba2000104d013,2026长沙初中四大名校语文数学英语物化生地史月考期中期末真题卷,medium,商品已下架/冻结,4033,0.0,WATCH,,,2026-06-18 16:48:21,web_full,,1
65865fb9c76db10001e43dcc,博弈论 正版 经商谋略人际交往为人处世商业谈判博弈心理学基础经,medium,商品已下架/冻结,4030,0.0,WATCH,,,2026-06-18 16:48:21,web_full,,1
69ed69123aa96f00015711e4,草本 陈皮山楂甘草茯苓桑葚荷叶茶,medium,商品已下架/冻结,4014,0.0,WATCH,,,2026-06-18 16:48:22,web_full,,1
69ed69123aa96f00015711d5,草本 陈皮山楂甘草茯苓桑葚荷叶茶,medium,商品已下架/冻结,4014,0.0,WATCH,,,2026-06-18 16:48:23,web_full,,1
67e6479950201700017e1329,冰敷眼罩双眼皮术眼睛神器冷敷水肿眼脸部冰面罩冰袋热敷护眼贴后,medium,商品已下架/冻结,3981,0.0,NEW,,,2026-06-18 16:49:41,web_full,,1
6460632617b3ee0001e7532e,学生桌面书本收纳架多层办公室文件整理收纳盒a4书桌置物架文件架,medium,商品已下架/冻结,3899,0.0,NEW,,,2026-06-18 16:51:05,web_full,,1
68e5d762f8d1f000016a939d,夏日冰感莱赛尔高腰显瘦垂感瑜伽运动直筒感阔腿裤通勤神裤,medium,商品已下架/冻结,3842,0.0,WATCH,64a95edcaad9af00013cf63e,小鹅学姐穿搭的店,2026-06-18 16:51:15,web_full,,1
694ca68723d3ce00015d35b3,误删聊天记录恢复，不成功可退款（进店咨询客服）,medium,商品已下架/冻结,3834,0.0,WATCH,694c0d19be6574001553919c,迁移聊天恢复的店,2026-06-18 16:51:16,web_full,,1
677a85f3bc6cbc0001b4d2d0,【数量关系资料分析默写本】2027粉笔刷题速算练习题公式默写表,medium,商品已下架/冻结,3795,0.0,WATCH,66de51797b526000163b2e0f,鱼局长的店,2026-06-18 16:52:33,web_full,,1
69d9bacd98fb930001c1b215,证件照换底色p图修图证件照换衣服换发型去刘海加耳朵证件照精修,medium,商品已下架/冻结,3781,0.0,WATCH,,,2026-06-18 16:52:34,web_full,,1
67e228d673385000011d03b1,【87年老书】祖传特效秘方106例 内外妇儿瘤秘方偏,medium,商品已下架/冻结,3743,0.0,WATCH,,,2026-06-18 16:52:43,web_full,,1
68fad97104ab1900019afb3b,2025新版一年级教材同步汉语拼音拼读训练点读发声书早教幼小衔接,medium,商品已下架/冻结,3734,0.0,WATCH,,,2026-06-18 16:52:44,web_full,,1
650bc0094363ad0001570183,2025新版一年级教材同步汉语拼音拼读训练点读发声书早教幼小衔接,medium,商品已下架/冻结,3733,0.0,WATCH,,,2026-06-18 16:52:44,web_full,,1
693d101ca454e800017dabe6,全新瑜伽服孤品 直播间2号 No退No换,medium,商品已下架/冻结,3651,0.0,WATCH,,,2026-06-18 16:54:06,web_full,,1
67da20185102a400011f1791,瓦尔登湖正版 梭罗著名家全译本外国现当代经典小说课外阅读物,medium,商品已下架/冻结,3650,0.0,WATCH,,,2026-06-18 16:54:09,web_full,,1
6541b55e8959a100013f78d5,金麟世家·瓦尔登湖正版 梭罗著名家全译本外国现当代经典小说课外阅读物,medium,商品已下架/冻结,3650,0.0,WATCH,6522342c7fa15200013b6ea5,金麟世家世净专卖店,2026-06-18 16:54:10,web_full,,1
697c4ba7b6ceb40001652246,护考 护理脑图-主管/初级/护资 模拟卷（含中医）考编  网课 正版,medium,商品已下架/冻结,3646,0.0,WATCH,65290f0323ce4c0001069b34,南泊一行的店,2026-06-18 16:54:10,web_full,,1
6a05408264eb41000188d7f5,护考 护理脑图-主管/初级/护资 模拟卷（含中医）考编  网课 正版,medium,商品已下架/冻结,3644,0.0,WATCH,,,2026-06-18 16:54:10,web_full,,1
6a05408264eb41000188d7e6,护考 护理脑图-主管/初级/护资 模拟卷（含中医）考编  网课 正版,medium,商品已下架/冻结,3643,0.0,WATCH,,南泊一行的店,2026-06-18 16:54:11,web_full,,1
6847e31f0da50d0001b741b7,26年6月四六级作文押题模板 避免低分模板化 四六级均包含各6篇,medium,商品已下架/冻结,3608,0.0,WATCH,,,2026-06-18 16:54:15,web_full,,1
67c56360f65889000175002d,职豚·2026平安测评题库远程辅导银行笔试新IQ性格测试题社校招16PF培训,medium,商品已下架/冻结,3583,0.0,WATCH,66a0dd7ea6d84600166970a4,职豚的店,2026-06-18 16:54:19,web_full,,1
66d2f1ef378c74000196a85d,土土推荐·中国山河游（全4册）,medium,商品已下架/冻结,3537,0.0,WATCH,,,2026-06-18 16:56:41,web_full,,1
66a37122d50cd400011befb6,职豚·2026平安测评题库远程辅导银行笔试新IQ性格测试题社校招16PF培训,medium,商品已下架/冻结,3525,0.0,WATCH,66a0dd7ea6d84600166970a4,职豚的店,2026-06-18 14:00:38,web_full,,1
659fb6e8654f0d00015a7087,杭州萧山机场高速旁德信空港城停车场坎红路停车,medium,商品已下架/冻结,3521,0.0,WATCH,,,2026-06-18 16:56:43,web_full,,1
68b1b3426f3f720001b2f01a,【5000+考研人选择】阅读中背单词逐词翻译笔记英一英二笔记本,medium,商品已下架/冻结,3521,0.0,WATCH,6862bc2f7598f50015558e73,小鹅资料的店,2026-06-18 16:56:43,web_full,,1
64f0821b3c37b0000115306b,时光学·儿童漫画心理学 小学生读物教育成长全彩漫画书籍全4册,medium,商品已下架/冻结,3495,0.0,WATCH,64f05b119bac760001e6d972,盛茂图书的店,2026-06-18 16:56:53,web_full,,1
6733a73010adb50001f5926b,小学生期末冲刺卷必备知识梳理句式强化训练大全,medium,商品已下架/冻结,3491,0.0,WATCH,,,2026-06-18 16:56:54,web_full,,1
68d03a08ede88c0001188eed,小学生期末冲刺卷必备知识梳理句式强化训练大全,medium,商品已下架/冻结,3491,0.0,WATCH,6372dc1c83f0d000019e3f11,佳佳学霸图书店的店,2026-06-18 16:56:54,web_full,,1
6733a73010adb50001f59271,小学生期末冲刺卷必备知识梳理句式强化训练大全,medium,商品已下架/冻结,3491,0.0,WATCH,6372dc1c83f0d000019e3f11,佳佳学霸图书店的店,2026-06-18 16:56:54,web_full,,1
6733a73010adb50001f59277,小学生期末冲刺卷必备知识梳理句式强化训练大全,medium,商品已下架/冻结,3491,0.0,WATCH,,,2026-06-18 16:56:54,web_full,,1
66f59effcf4b6d0001d5657f,小学生期末冲刺卷必备知识梳理句式强化训练大全,medium,商品已下架/冻结,3489,0.0,WATCH,,,2026-06-18 16:56:54,web_full,,1
637778ae5dae1e00010bee0d,小学生期末冲刺卷必备知识梳理句式强化训练大全,medium,商品已下架/冻结,3487,0.0,WATCH,6372dc1c83f0d000019e3f11,佳佳学霸图书店的店,2026-06-18 16:56:55,web_full,,1
68ecadba702da10001bc43b1,50个小说故事背四六级单词 | 看爽文无痛背单词PDF电子资料,medium,商品已下架/冻结,3470,0.0,WATCH,689189b61749730015a6407a,花花成长日记的店,2026-06-18 16:58:09,web_full,,1
68ecadba702da10001bc43b4,50个小说故事背四六级单词 | 看爽文无痛背单词PDF电子资料,medium,商品已下架/冻结,3469,0.0,WATCH,689189b61749730015a6407a,花花成长日记的店,2026-06-18 16:58:09,web_full,,1
68ecadba702da10001bc43ae,50个小说故事背四六级单词 | 看爽文无痛背单词PDF电子资料,medium,商品已下架/冻结,3469,0.0,WATCH,689189b61749730015a6407a,花花成长日记的店,2026-06-18 16:58:09,web_full,,1
689ee6c9015b4400010e5a84,50个小说故事背四六级单词 | 看爽文无痛背单词PDF电子资料,medium,商品已下架/冻结,3469,0.0,WATCH,689189b61749730015a6407a,花花成长日记的店,2026-06-18 16:58:09,web_full,,1
6926cdb314b5260001776258,50个小说故事背四六级单词 | 看爽文无痛背单词PDF电子资料,medium,商品已下架/冻结,3459,0.0,WATCH,689189b61749730015a6407a,花花成长日记的店,2026-06-18 16:58:11,web_full,,1
689ee6c9015b4400010e5a8d,50个小说故事背四六级单词 | 看爽文无痛背单词PDF电子资料,medium,商品已下架/冻结,3362,0.0,WATCH,689189b61749730015a6407a,花花成长日记的店,2026-06-18 16:59:36,web_full,,1
651a727ceaddda0001503b2c,【全4册】孩子爱看的漫画科学物理化学生物彩图儿童科普启蒙读物,medium,商品已下架/冻结,3331,0.0,WATCH,,小豌豆童书的店,2026-06-18 16:59:41,web_full,,1
682d58f7489ff100019b555b,花店温馨提示、养护知识覆膜贴纸，牛皮纸贴纸100张,medium,商品已下架/冻结,3330,0.0,WATCH,64eda7836bd5b600011dc4ee,正诚品印刷-手提袋的店,2026-06-18 16:59:42,web_full,,1
69bc03037c9c8f0001e5071f,小马爬楼plus（保底碎片可合成）,medium,商品已下架/冻结,3319,0.0,WATCH,,,2026-06-18 16:59:43,web_full,,1
65faf97f43822800016e410d,杨绛传正版永不褪色的优雅杨绛经典语录且以优雅走到人生边上书籍,medium,商品已下架/冻结,3317,0.0,WATCH,658d4098e27ff70001993ee4,X鑫谷图书的店,2026-06-18 17:01:25,web_full,,1
685cc9468774170001f367ef,花店温馨提示、养护知识覆膜贴纸，牛皮纸贴纸100张,medium,商品已下架/冻结,3311,0.0,WATCH,,,2026-06-18 17:01:28,web_full,,1
69f37cf054fc75000188ea04,凤梨酥300g/盒(台湾便当)特产伴手礼下午茶点,medium,商品已下架/冻结,3308,0.0,WATCH,696b816c9ea431001506393c,馆长的店,2026-06-18 17:01:28,web_full,,1
68d4de67c7536100015a70c9,【含门票】上海天文馆人工讲解研学营游学一日营中科院天文系研发,medium,商品已下架/冻结,3300,0.0,WATCH,,,2026-06-18 17:02:32,web_full,,1
6940c85b19f8df00157c4b60,2025中考英语听力提升讲义常考题型专题短文训练判断习题word素材 · 【9】资料看宝贝详情,medium,商品已下架/冻结,3295,0.0,WATCH,6458ce99ebbcb2000136485f,源泉资料巷的店,2026-06-18 13:39:47,web_full,,1
6944285be935e900012695ca,【小说封面】质量封｜自选封｜版权无忧审美在线质量保证,medium,商品已下架/冻结,3285,0.0,WATCH,6835b3fc7635790015df2c09,淞晚吟的店,2026-06-18 17:02:37,web_full,,1
6a0e9e5761fef90001c2b748,夏天猫咪冰垫宠物冰垫狗狗凉垫冰窝坐垫猫窝狗窝猫冰垫加厚防水,medium,商品已下架/冻结,3275,0.0,WATCH,,,2026-06-18 17:02:39,web_full,,1
693f5d69fe4ff50015bba4d7,法式复古欧美风ppt模板莫兰迪色ins风艺术时尚杂志作品集汇报NEW · 默认 【#网盘发货】电子版全套资料打包,medium,商品已下架/冻结,3272,0.0,WATCH,6458ce99ebbcb2000136485f,源泉资料巷的店,2026-06-18 13:34:46,web_full,,1
68e296e6002e7e0001022523,10分钟轻量儿童社交训练知识库 |2-12岁高情商培养幼儿社交电子书,medium,商品已下架/冻结,3267,0.0,WATCH,6882d4f20bef690015d77649,产品经理妈妈兜兜（无痛带娃版）的店,2026-06-18 17:02:40,web_full,,1
691e038d52eecb00013f752b,10分钟轻量儿童社交训练知识库 |2-12岁高情商培养幼儿社交电子书,medium,商品已下架/冻结,3266,0.0,WATCH,6882d4f20bef690015d77649,产品经理妈妈兜兜（无痛带娃版）的店,2026-06-18 17:02:41,web_full,,1
6942887925710800154bf0d0,excel练习素材题库函数公式表格练习题实操基础数据透视图表制作 · 【部分】excel快捷键汇总/,medium,商品已下架/冻结,3256,0.0,WATCH,68eb25d8103508001575edaf,精品资料小店的店,2026-06-18 13:35:34,web_full,,1
6423f9f27da0ef000158a9e9,卡西米尔·小白杆书写铅笔硬笔书法小学生练字文具浓黑顺滑成人,medium,商品已下架/冻结,3239,0.0,WATCH,64107973d485a10001741e9e,瑭瑭妈妈的店,2026-06-18 17:02:45,web_full,,1
6891fe874f80eb00011a7b32,【自动发货】三支一扶资料包【百du网盘】,medium,商品已下架/冻结,3238,0.0,WATCH,67fea321827f6700153e6ad3,小鸭子爱学习的店,2026-06-18 17:02:45,web_full,,1
6888e6739e837400017b7682,【自动发货】三支一扶资料包【百du网盘】,medium,商品已下架/冻结,3238,0.0,WATCH,67fea321827f6700153e6ad3,小鸭子爱学习的店,2026-06-18 17:02:45,web_full,,1
6888e6739e837400017b767f,【自动发货】三支一扶资料包【百du网盘】,medium,商品已下架/冻结,3238,0.0,WATCH,67fea321827f6700153e6ad3,小鸭子爱学习的店,2026-06-18 17:02:45,web_full,,1
6891fe874f80eb00011a7b23,【自动发货】三支一扶资料包【百du网盘】,medium,商品已下架/冻结,3237,0.0,WATCH,67fea321827f6700153e6ad3,小鸭子爱学习的店,2026-06-18 17:02:45,web_full,,1
69cb23e68423ad0001c0dd62,考研、四六级不背单词导出默写PDF,medium,商品已下架/冻结,3236,0.0,WATCH,6785311c763cfd001585e2d7,依依资料库的店,2026-06-18 17:02:45,web_full,,1
69dcade449c41d000120faf2,【沉浸式阅读·高效记忆】100个霸总爽文故事背完雅思单词9400词,medium,商品已下架/冻结,3236,0.0,WATCH,697442274fcaaf0015a75dde,七七的日常分享的店,2026-06-18 17:02:46,web_full,,1
694e99eebfa59100018f86d7,【26教师编制】新版教育综合ppt纸质彩印(纸盒打包）,medium,商品已下架/冻结,3235,0.0,WATCH,,,2026-06-18 17:02:46,web_full,,1
67a611db96b36c00014ab72d,【26教师编制】新版教育综合ppt纸质彩印(纸盒打包）,medium,商品已下架/冻结,3235,0.0,WATCH,,,2026-06-18 17:02:46,web_full,,1
6888e6739e837400017b767c,【自动发货】三支一扶资料包【百du网盘】,medium,商品已下架/冻结,3231,0.0,WATCH,67fea321827f6700153e6ad3,小鸭子爱学习的店,2026-06-18 17:04:11,web_full,,1
6888e6739e837400017b7679,2026三支一扶资料包【百du网盘】,medium,商品已下架/冻结,3231,0.0,WATCH,67fea321827f6700153e6ad3,小鸭子爱学习的店,2026-06-18 17:04:11,web_full,,1
6891fe874f80eb00011a7b26,2026三支一扶资料包【百du网盘】,medium,商品已下架/冻结,3231,0.0,WATCH,67fea321827f6700153e6ad3,小鸭子爱学习的店,2026-06-18 17:04:11,web_full,,1
6891fe874f80eb00011a7b35,2026三支一扶资料包【百du网盘】,medium,商品已下架/冻结,3231,0.0,WATCH,67fea321827f6700153e6ad3,小鸭子爱学习的店,2026-06-18 17:04:11,web_full,,1
67a2f305e437e40001d37203,【26教师编制】新版教育综合ppt纸质彩印(纸盒打包）,medium,商品已下架/冻结,3229,0.0,WATCH,,,2026-06-18 17:04:11,web_full,,1
6891fe874f80eb00011a7b2c,【自动发货】三支一扶资料包【百du网盘】,medium,商品已下架/冻结,3226,0.0,WATCH,67fea321827f6700153e6ad3,小鸭子爱学习的店,2026-06-18 17:04:12,web_full,,1
6888e6739e837400017b7676,【自动发货】三支一扶资料包【百du网盘】,medium,商品已下架/冻结,3224,0.0,WATCH,67fea321827f6700153e6ad3,小鸭子爱学习的店,2026-06-18 17:04:12,web_full,,1
69d6121998fb930001f8e6d4,考研、四六级不背单词导出默写PDF,medium,商品已下架/冻结,3213,0.0,WATCH,,,2026-06-18 17:04:13,web_full,,1
691c3251956243000107c247,【出版社直发】小自然 小植物 共251页 儿童纸上纪录片科普2-8岁,medium,商品已下架/冻结,3211,0.0,WATCH,,,2026-06-18 17:04:14,web_full,,1
663999d6f315270001866886,【图解+音频】零起点日语入门一看就会语法单词学习自学五十音图,medium,商品已下架/冻结,3199,0.0,WATCH,,,2026-06-18 17:04:15,web_full,,1
6670e6a7f7984c000139f386,【图解+音频】零起点日语入门一看就会语法单词学习自学五十音图,medium,商品已下架/冻结,3199,0.0,WATCH,,,2026-06-18 17:04:15,web_full,,1
663999d665819f00014def4b,【图解+音频】零起点日语入门一看就会语法单词学习自学五十音图,medium,商品已下架/冻结,3199,0.0,WATCH,65ea8883148a6f0001285faf,荔枝图书的店,2026-06-18 17:04:15,web_full,,1
663999d61e09ec00017fd815,【图解+音频】零起点日语入门一看就会语法单词学习自学五十音图,medium,商品已下架/冻结,3198,0.0,WATCH,,,2026-06-18 17:04:16,web_full,,1
689ee6c9015b4400010e5a96,50个小说故事背四六级单词 | 看爽文无痛背单词PDF电子资料,medium,商品已下架/冻结,3186,0.0,WATCH,689189b61749730015a6407a,花花成长日记的店,2026-06-18 14:03:50,web_full,,1
69cb1e4ea2198100016dc283,考研、四六级不背单词导出默写PDF,medium,商品已下架/冻结,3184,0.0,WATCH,,,2026-06-18 17:04:18,web_full,,1
6962f8e95739d50001583934,未删减《跌落暮色+落不下》骨科小说实体书双男主双向救赎,medium,商品已下架/冻结,3184,0.0,WATCH,69564bec671053001501fe46,未删减耽美小说的店的店,2026-06-18 17:04:18,web_full,,1
6888e6739e837400017b7673,【自动发货】三支一扶资料包【百du网盘】,medium,商品已下架/冻结,3168,0.0,WATCH,67fea321827f6700153e6ad3,小鸭子爱学习的店,2026-06-18 17:04:21,web_full,,1
6a1180fa4245e300019d5b26,【数字一番赏-推塔4.0测试版】,medium,商品已下架/冻结,3151,0.0,WATCH,,,2026-06-18 17:04:24,web_full,,1
68cb7a9d9b776a0015f9b1fa,行书字帖零基础成人初学者行楷笔势连带手写硬笔练字帖,medium,商品已下架/冻结,3150,0.0,WATCH,64107973d485a10001741e9e,瑭瑭妈妈的店,2026-06-18 17:04:25,web_full,,1
6820670a72821700011f4496,大学资料合集1！拍下自动发货！,medium,商品已下架/冻结,3143,0.0,WATCH,6801e9b426a0db0015379c0c,杰宝宝资料的店,2026-06-18 14:12:26,web_full,,1
68242ccf6d54370001c31116,大学资料合集1！拍下自动发货！,medium,商品已下架/冻结,3142,0.0,WATCH,6801e9b426a0db0015379c0c,杰宝宝资料的店,2026-06-18 13:43:47,web_full,,1
68242ccf6d54370001c31125,大学资料合集1！拍下自动发货！,medium,商品已下架/冻结,3142,0.0,WATCH,6801e9b426a0db0015379c0c,杰宝宝资料的店,2026-06-18 13:43:49,web_full,,1
677b82ea77d41e00012cc071,【官方正版】漫画版《黄帝内经》中医养生书籍入门 图解黄帝内经,medium,商品已下架/冻结,3141,0.0,WATCH,66a5fe8fc9209b0015163495,博士老爸爱读书的店,2026-06-18 17:05:35,web_full,,1
68242ccf6d54370001c31128,大学资料合集1！拍下自动发货！,medium,商品已下架/冻结,3138,0.0,WATCH,6801e9b426a0db0015379c0c,杰宝宝资料的店,2026-06-18 13:38:18,web_full,,1
69ada6c50635fd0001fd7e4f,【自动发货】三支一扶资料包【百du网盘】,medium,商品已下架/冻结,3133,0.0,WATCH,67fea321827f6700153e6ad3,小鸭子爱学习的店,2026-06-18 14:34:50,web_full,,1
69c3ca427c9c8f0001b6f2c5,【自动发货】三支一扶资料包【百du网盘】,medium,商品已下架/冻结,3132,0.0,WATCH,67fea321827f6700153e6ad3,小鸭子爱学习的店,2026-06-18 14:08:25,web_full,,1
6891fe874f80eb00011a7b3b,【自动发货】三支一扶资料包【百du网盘】,medium,商品已下架/冻结,3132,0.0,WATCH,67fea321827f6700153e6ad3,小鸭子爱学习的店,2026-06-18 14:11:12,web_full,,1
69ada6c50635fd0001fd7e58,【自动发货】三支一扶资料包【百du网盘】,medium,商品已下架/冻结,3132,0.0,WATCH,67fea321827f6700153e6ad3,小鸭子爱学习的店,2026-06-18 14:11:42,web_full,,1
6888e6739e837400017b7685,【自动发货】三支一扶资料包【百du网盘】,medium,商品已下架/冻结,3132,0.0,WATCH,67fea321827f6700153e6ad3,小鸭子爱学习的店,2026-06-18 14:12:04,web_full,,1
6891fe874f80eb00011a7b3e,【自动发货】三支一扶资料包【百du网盘】,medium,商品已下架/冻结,3132,0.0,WATCH,67fea321827f6700153e6ad3,小鸭子爱学习的店,2026-06-18 14:12:17,web_full,,1
66b98f016bf36b000187ec3b,有中文翻译 老式雷诺曼 Old Style 现货  英文定制桌游卡牌,medium,商品已下架/冻结,3126,0.0,WATCH,,,2026-06-18 17:05:38,web_full,,1
6891fe874f80eb00011a7b41,【自动发货】三支一扶资料包【百du网盘】,medium,商品已下架/冻结,3120,0.0,WATCH,67fea321827f6700153e6ad3,小鸭子爱学习的店,2026-06-18 14:05:27,web_full,,1
69cb1e4ea2198100016dc27a,考研、四六级不背单词导出默写PDF,medium,商品已下架/冻结,3117,0.0,WATCH,,,2026-06-18 17:05:39,web_full,,1
68cb7a9d9b776a0015f9b1f6,行书字帖零基础成人初学者行楷笔势连带手写硬笔练字帖,medium,商品已下架/冻结,3093,0.0,WATCH,64107973d485a10001741e9e,瑭瑭妈妈的店,2026-06-18 17:05:44,web_full,,1
6711d343758fa40001a3c841,数学思维训练小学1-6年级数学思维导图逆向思维练习题应用题能力,medium,商品已下架/冻结,3067,0.0,WATCH,,,2026-06-18 17:07:08,web_full,,1
69cb1e4ea2198100016dc280,考研、四六级不背单词导出默写PDF,medium,商品已下架/冻结,3059,0.0,WATCH,,,2026-06-18 17:07:09,web_full,,1
64e08ff636c0270001db0366,原生家庭 修补童年带来的脆弱自卑 性格缺陷 重塑自信强大内心YS,medium,商品已下架/冻结,3050,0.0,WATCH,,,2026-06-18 17:07:10,web_full,,1
67c65a16cb5e4200018294e0,摄影入门基础教程精通单反摄影书籍专业学习手机拍照实操零基础,medium,商品已下架/冻结,3043,0.0,WATCH,65ea8883148a6f0001285faf,荔枝图书的店,2026-06-18 17:07:11,web_full,,1
676d025737e09b000164e760,小学语文看图写话入门一二年级彩图注音同步课本视频讲解带练习,medium,商品已下架/冻结,3035,0.0,NEW,,,2026-06-18 17:07:13,web_full,,1
69c4e244916f6b0001385466,高颜值  一键套用模板,medium,商品已下架/冻结,3026,0.0,WATCH,6899cf9a4b704a00156dd8bf,WPS会员折扣店的店,2026-06-18 17:07:14,web_full,,1
676d025737e09b000164e763,小学语文看图写话入门一二年级彩图注音同步课本视频讲解带练习,medium,商品已下架/冻结,3025,0.0,WATCH,,,2026-06-18 17:07:15,web_full,,1
6a1343fbae46040001cb682d,神木级蓝莓王25mm大果新鲜冷藏水果当季蓝莓补水营养健康,medium,商品已下架/冻结,3000,0.0,WATCH,69b266fccc48350015cb29aa,我彭涨了的店,2026-06-18 17:08:35,web_full,,1
6a1343fbae46040001cb6830,神木级蓝莓王25mm大果新鲜冷藏水果当季蓝莓补水营养健康,medium,商品已下架/冻结,3000,0.0,WATCH,69b266fccc48350015cb29aa,我彭涨了的店,2026-06-18 17:08:35,web_full,,1
6a046c1b304f460001881292,【正宗红富士】新鲜脆甜红富士自然香甜带裂纹富士苹果产地直发,medium,商品已下架/冻结,3000,0.0,WATCH,69fddf4d07c694001564db1e,种苹果的小静静的店,2026-06-18 17:08:44,web_full,,1
6a0fada4fe4ff500153e1cd5,正宗老树朱砂红肉血桃脆糯香甜当季现摘现发,medium,商品已下架/冻结,3000,0.0,WATCH,6a0dc156d9bd7700152ef191,敏姐山里红果铺的店,2026-06-18 17:08:46,web_full,,1
66ba0770e6a354000138c127,正版现货 海蒂怀孕大百科 全新升级第5版 美国妈妈人手一本,medium,商品已下架/冻结,2995,0.0,WATCH,,,2026-06-18 17:08:46,web_full,,1
66ba0770e6a354000138c121,正版现货 海蒂怀孕大百科 全新升级第5版 美国妈妈人手一本,medium,商品已下架/冻结,2992,0.0,WATCH,,,2026-06-18 17:08:47,web_full,,1
665988f5b13d6a0001e699fc,悉达多 赫尔曼黑塞 德文直译版 诺奖得主黑塞著作 文学小说畅销书,medium,商品已下架/冻结,2987,0.0,WATCH,,,2026-06-18 17:08:48,web_full,,1
65e5ac39364891000170fa4a,2026年武汉市初中数学英语文物化生地史政月考期中期末真题试卷,medium,商品已下架/冻结,2984,0.0,WATCH,65bb02155848410001055146,桃李先生资料库的店,2026-06-18 17:08:48,web_full,,1
694426beb1e6660001dedf7d,2026年武汉市初中数学英语文物化生地史政月考期中期末真题试卷,medium,商品已下架/冻结,2984,0.0,WATCH,,,2026-06-18 17:08:48,web_full,,1
694426beb1e6660001deded5,2026年武汉市初中数学英语文物化生地史政月考期中期末真题试卷,medium,商品已下架/冻结,2984,0.0,WATCH,65bb02155848410001055146,桃李先生资料库的店,2026-06-18 17:08:48,web_full,,1
694426beb1e6660001dedef3,2026年武汉市初中数学英语文物化生地史政月考期中期末真题试卷,medium,商品已下架/冻结,2983,0.0,WATCH,,,2026-06-18 17:08:49,web_full,,1
694426beb1e6660001dedf3b,2026年武汉市初中数学英语文物化生地史政月考期中期末真题试卷,medium,商品已下架/冻结,2981,0.0,WATCH,,,2026-06-18 17:08:49,web_full,,1
67a230bc75ca3a00015edc60,【鲜享奶卡】A2型/0乳糖260ml*120瓶，赠养生杯+电热炉两件套,medium,商品已下架/冻结,2981,0.0,WATCH,,,2026-06-18 17:08:49,web_full,,1
694426beb1e6660001dedf11,2026年武汉市初中数学英语文物化生地史政月考期中期末真题试卷,medium,商品已下架/冻结,2980,0.0,WATCH,,,2026-06-18 17:08:49,web_full,,1
694426beb1e6660001dedec6,2026年武汉市初中数学英语文物化生地史政月考期中期末真题试卷,medium,商品已下架/冻结,2978,0.0,WATCH,65bb02155848410001055146,桃李先生资料库的店,2026-06-18 17:08:49,web_full,,1
694426beb1e6660001dedec9,2026年武汉市初中数学英语文物化生地史政月考期中期末真题试卷,medium,商品已下架/冻结,2978,0.0,WATCH,,,2026-06-18 17:08:49,web_full,,1
694426beb1e6660001dedf4d,2026年武汉市初中数学英语文物化生地史政月考期中期末真题试卷,medium,商品已下架/冻结,2978,0.0,WATCH,,,2026-06-18 17:08:49,web_full,,1
694426beb1e6660001dedec3,2026年武汉市初中数学英语文物化生地史政月考期中期末真题试卷,medium,商品已下架/冻结,2978,0.0,WATCH,65bb02155848410001055146,桃李先生资料库的店,2026-06-18 17:08:49,web_full,,1
694426beb1e6660001deded8,2026年武汉市初中数学英语文物化生地史政月考期中期末真题试卷,medium,商品已下架/冻结,2959,0.0,WATCH,65bb02155848410001055146,桃李先生资料库的店,2026-06-18 13:43:07,web_full,,1
69cb23e68423ad0001c0dd5f,考研、四六级不背单词导出默写PDF,medium,商品已下架/冻结,2958,0.0,WATCH,6785311c763cfd001585e2d7,依依资料库的店,2026-06-18 17:08:53,web_full,,1
6a16a3a216e02e00012a9438,半小时漫画股票实战法 （从零开始学炒股，漫画实战扫盲利器）,medium,商品已下架/冻结,2957,0.0,WATCH,,,2026-06-18 17:08:53,web_full,,1
694792bcae586c0001ac84f8,成都初一初二初三数学英语文物化生地史政月考期中期末真题试卷,medium,商品已下架/冻结,2947,0.0,WATCH,,桃李先生资料库的店,2026-06-18 17:08:55,web_full,,1
69478e7fe935e900016f88f0,成都初一初二初三数学英语文物化生地史政月考期中期末真题试卷,medium,商品已下架/冻结,2947,0.0,WATCH,65bb02155848410001055146,桃李先生资料库的店,2026-06-18 17:08:55,web_full,,1
69478e7fe935e900016f8983,成都初一初二初三数学英语文物化生地史政月考期中期末真题试卷,medium,商品已下架/冻结,2947,0.0,WATCH,,,2026-06-18 17:08:55,web_full,,1
694792bcae586c0001ac8501,成都初一初二初三数学英语文物化生地史政月考期中期末真题试卷,medium,商品已下架/冻结,2947,0.0,WATCH,,桃李先生资料库的店,2026-06-18 17:08:55,web_full,,1
66bb0c4d0efe9a000156357d,成都初一初二初三数学英语文物化生地史政月考期中期末真题试卷,medium,商品已下架/冻结,2947,0.0,WATCH,65bb02155848410001055146,桃李先生资料库的店,2026-06-18 17:08:55,web_full,,1
69478e7fe935e900016f8923,成都初一初二初三数学英语文物化生地史政月考期中期末真题试卷,medium,商品已下架/冻结,2947,0.0,WATCH,65bb02155848410001055146,桃李先生资料库的店,2026-06-18 17:08:55,web_full,,1
69478e7fe935e900016f8932,成都初一初二初三数学英语文物化生地史政月考期中期末真题试卷,medium,商品已下架/冻结,2947,0.0,WATCH,,,2026-06-18 17:08:55,web_full,,1
69478e7fe935e900016f8986,成都初一初二初三数学英语文物化生地史政月考期中期末真题试卷,medium,商品已下架/冻结,2947,0.0,WATCH,,桃李先生资料库的店,2026-06-18 17:08:55,web_full,,1
69478e7fe935e900016f891a,成都初一初二初三数学英语文物化生地史政月考期中期末真题试卷,medium,商品已下架/冻结,2947,0.0,WATCH,65bb02155848410001055146,桃李先生资料库的店,2026-06-18 17:08:55,web_full,,1
69478e7fe935e900016f88e7,成都初一初二初三数学英语文物化生地史政月考期中期末真题试卷,medium,商品已下架/冻结,2947,0.0,WATCH,,桃李先生资料库的店,2026-06-18 17:08:55,web_full,,1
69478e7fe935e900016f88fc,成都初一初二初三数学英语文物化生地史政月考期中期末真题试卷,medium,商品已下架/冻结,2947,0.0,WATCH,,,2026-06-18 17:08:55,web_full,,1
69478e7fe935e900016f88cc,成都初一初二初三数学英语文物化生地史政月考期中期末真题试卷,medium,商品已下架/冻结,2947,0.0,WATCH,,,2026-06-18 17:08:55,web_full,,1
69478e7fe935e900016f88e4,成都初一初二初三数学英语文物化生地史政月考期中期末真题试卷,medium,商品已下架/冻结,2947,0.0,WATCH,,桃李先生资料库的店,2026-06-18 17:08:55,web_full,,1
69478e7fe935e900016f8953,成都初一初二初三数学英语文物化生地史政月考期中期末真题试卷,medium,商品已下架/冻结,2947,0.0,WATCH,,,2026-06-18 17:08:55,web_full,,1
69478e7fe935e900016f8959,成都初一初二初三数学英语文物化生地史政月考期中期末真题试卷,medium,商品已下架/冻结,2947,0.0,WATCH,,,2026-06-18 17:08:55,web_full,,1
69478e7fe935e900016f88db,成都初一初二初三数学英语文物化生地史政月考期中期末真题试卷,medium,商品已下架/冻结,2947,0.0,WATCH,,,2026-06-18 17:08:55,web_full,,1
69478e7fe935e900016f8965,成都初一初二初三数学英语文物化生地史政月考期中期末真题试卷,medium,商品已下架/冻结,2945,0.0,WATCH,,,2026-06-18 17:08:56,web_full,,1
69478e7fe935e900016f890e,成都初一初二初三数学英语文物化生地史政月考期中期末真题试卷,medium,商品已下架/冻结,2943,0.0,WATCH,,,2026-06-18 17:08:56,web_full,,1
69478e7fe935e900016f8926,成都初一初二初三数学英语文物化生地史政月考期中期末真题试卷,medium,商品已下架/冻结,2939,0.0,WATCH,,,2026-06-18 17:08:57,web_full,,1
69478e7fe935e900016f8911,成都初一初二初三数学英语文物化生地史政月考期中期末真题试卷,medium,商品已下架/冻结,2939,0.0,WATCH,,,2026-06-18 17:08:57,web_full,,1
69478e7fe935e900016f8968,成都初一初二初三数学英语文物化生地史政月考期中期末真题试卷,medium,商品已下架/冻结,2939,0.0,WATCH,,,2026-06-18 17:08:57,web_full,,1
69478e7fe935e900016f897d,成都初一初二初三数学英语文物化生地史政月考期中期末真题试卷,medium,商品已下架/冻结,2939,0.0,WATCH,,,2026-06-18 17:08:57,web_full,,1
69478e7fe935e900016f894a,成都初一初二初三数学英语文物化生地史政月考期中期末真题试卷,medium,商品已下架/冻结,2938,0.0,WATCH,65bb02155848410001055146,桃李先生资料库的店,2026-06-18 17:08:57,web_full,,1
69478e7fe935e900016f897a,成都初一初二初三数学英语文物化生地史政月考期中期末真题试卷,medium,商品已下架/冻结,2938,0.0,WATCH,65bb02155848410001055146,桃李先生资料库的店,2026-06-18 17:08:57,web_full,,1
69478e7fe935e900016f892f,成都初一初二初三数学英语文物化生地史政月考期中期末真题试卷,medium,商品已下架/冻结,2938,0.0,WATCH,,桃李先生资料库的店,2026-06-18 17:08:57,web_full,,1
69478e7fe935e900016f88d2,成都初一初二初三数学英语文物化生地史政月考期中期末真题试卷,medium,商品已下架/冻结,2938,0.0,WATCH,,,2026-06-18 17:08:57,web_full,,1
69478e7fe935e900016f88ed,成都初一初二初三数学英语文物化生地史政月考期中期末真题试卷,medium,商品已下架/冻结,2938,0.0,WATCH,65bb02155848410001055146,桃李先生资料库的店,2026-06-18 17:08:58,web_full,,1
69478e7fe935e900016f8974,成都初一初二初三数学英语文物化生地史政月考期中期末真题试卷,medium,商品已下架/冻结,2938,0.0,WATCH,,,2026-06-18 17:08:58,web_full,,1
69478e7fe935e900016f896e,成都初一初二初三数学英语文物化生地史政月考期中期末真题试卷,medium,商品已下架/冻结,2937,0.0,WATCH,,,2026-06-18 17:10:15,web_full,,1
68640d06a066020001a990d6,幼小衔接数学每日一练（60页）PDF版本可打印,medium,商品已下架/冻结,2905,0.0,WATCH,66ecd03a0312b80016ccecdb,Q清清老师的店,2026-06-18 17:10:20,web_full,,1
67cd11674a593600019c1386,幼小衔接数学每日一练（60页）PDF版本可打印,medium,商品已下架/冻结,2903,0.0,WATCH,66ecd03a0312b80016ccecdb,Q清清老师的店,2026-06-18 14:01:06,web_full,,1
69e62a4e933b030001403876,夏季凉感狗狗罩衫~韩系慵懒狗狗印花宽松罩衫薄长袖t恤休闲上衣,medium,商品已下架/冻结,2879,0.0,WATCH,640ec1f56fdda10001bc31f4,宁澄服装的店,2026-06-18 17:10:26,web_full,,1
66e0121d76bc3e0001697980,妙语 蒙台梭利10分钟语言能力培养(0~3岁)早教书 蒙特梭利早教,medium,商品已下架/冻结,2853,0.0,WATCH,,,2026-06-18 17:11:35,web_full,,1
69ead0b61560290001cd0db6,【仅娃衣】2026美加墨世界杯拉布布一二三代dimoo娃衣（不含娃）,medium,商品已下架/冻结,2850,0.0,WATCH,68b550c6a8878800152c2227,叫我#李小二的店,2026-06-18 17:11:36,web_full,,1
69ead64741333c00016432f6,【仅娃衣】2026美加墨世界杯拉布布一二三代dimoo娃衣（不含娃）,medium,商品已下架/冻结,2846,0.0,WATCH,68b550c6a8878800152c2227,叫我#李小二的店,2026-06-18 17:11:37,web_full,,1
69cb6ec44ae1e70001a363d4,台版圣马利诺补血肝精猫咪补血狗狗贫血保肝术产恢复猫狗营养30ml,medium,商品已下架/冻结,2831,0.0,WATCH,6110e086e3446f00013ca084,宠圣宠物用品的店,2026-06-18 17:11:44,web_full,,1
66dc05caf63d39000127d361,8018·小说封面极速出图,medium,商品已下架/冻结,2829,0.0,WATCH,66c9dbcd14bb61001536129a,不想吃早饭（不定时在线看见就回）的店,2026-06-18 17:11:44,web_full,,1
64db44a83608c10001136623,行测20000题，全国各省历年真题合集,medium,商品已下架/冻结,2828,0.0,WATCH,64db2c39146c1c00017f2192,小Y的考公书屋的店,2026-06-18 17:11:44,web_full,,1
64db44a63608c10001136600,行测20000题，全国各省历年真题合集,medium,商品已下架/冻结,2828,0.0,WATCH,64db2c39146c1c00017f2192,小Y的考公书屋的店,2026-06-18 17:11:44,web_full,,1
662a35a7853c03000103470d,行测20000题，全国各省历年真题合集,medium,商品已下架/冻结,2828,0.0,WATCH,,,2026-06-18 17:11:44,web_full,,1
662a35a7853c030001034710,行测20000题，全国各省历年真题合集,medium,商品已下架/冻结,2828,0.0,WATCH,,,2026-06-18 17:11:44,web_full,,1
64db44a63608c1000113660c,行测20000题，全国各省历年真题合集,medium,商品已下架/冻结,2827,0.0,WATCH,,,2026-06-18 17:11:45,web_full,,1
68bcb80724d64a0001bd5e65,小学作文专题课件10讲|ppt可编辑,medium,商品已下架/冻结,2818,0.0,WATCH,,,2026-06-18 17:11:47,web_full,,1
654b5fcd54f29a0001e58ac4,【官方正品】精装2册藏在地图里的中国历史书儿童小学生,medium,商品已下架/冻结,2809,0.0,WATCH,,,2026-06-18 17:11:49,web_full,,1
68046591e0db0d0015b2e8ec,小手翻翻立体玩具书-生活篇 儿童0-3-6岁宝宝早教启蒙绘本,medium,商品已下架/冻结,2805,0.0,WATCH,,,2026-06-18 17:11:50,web_full,,1
66d7d01bffff8c00010fc71e,看图写话1/2年级上册下册彩绘注音正品全国通用启蒙同步练习册装,medium,商品已下架/冻结,2803,0.0,WATCH,,,2026-06-18 17:11:50,web_full,,1
66d7d01affff8c00010fc719,看图写话1/2年级上册下册彩绘注音正品全国通用启蒙同步练习册装,medium,商品已下架/冻结,2803,0.0,WATCH,65e845e77916650001e187d6,博识图书的店,2026-06-18 17:11:50,web_full,,1
66d7d01aa71ebd0001678153,看图写话1/2年级上册下册彩绘注音正品全国通用启蒙同步练习册装,medium,商品已下架/冻结,2803,0.0,WATCH,65e845e77916650001e187d6,博识图书的店,2026-06-18 17:11:50,web_full,,1
65f462f7bcded400011a0971,中国文化1000问 世界文化1000问正版学习传统文化历史知识,medium,商品已下架/冻结,2791,0.0,WATCH,,,2026-06-18 17:11:53,web_full,,1
6870a84d071cdc000163a5c9,冰箱保鲜盒冷冻肉蔬菜水果分装盒厨房专用食品级收纳盒密封盒,medium,商品已下架/冻结,2786,0.0,WATCH,,,2026-06-18 17:13:05,web_full,,1
64151f75f7f3af0001c56f47,【2-9岁学习神器】拼音识字语数英幼儿园小学启蒙早教玩具点读机,medium,商品已下架/冻结,2778,0.0,WATCH,,,2026-06-18 17:13:11,web_full,,1
67ceeac252646c0015a787b9,金阁寺门票御守装裱相框摆台（仅框不含签）,medium,商品已下架/冻结,2754,0.0,WATCH,649acef1f608270001fb4ede,福气研究所|吉签装裱的店,2026-06-18 17:13:18,web_full,,1
6620abcef3499d0001bb44bb,正版二手 333教育综合 统考教材,medium,商品已下架/冻结,2750,0.0,WATCH,,笑笑会开心的店,2026-06-18 17:13:20,web_full,,1
6620abcef3499d0001bb44ca,正版二手 333教育综合 统考教材,medium,商品已下架/冻结,2746,0.0,WATCH,,,2026-06-18 17:13:20,web_full,,1
6620abcef3499d0001bb44c4,正版二手 333教育综合 统考教材,medium,商品已下架/冻结,2743,0.0,WATCH,,,2026-06-18 17:13:22,web_full,,1
69fe1dbee0e86e00011e42b1,【我超硬颈】夏季儿童新款童装男女童纯棉印花圆领可爱撞色洋气T,medium,商品已下架/冻结,2720,0.0,WATCH,,,2026-06-18 17:14:30,web_full,,1
68bcb80724d64a0001bd5e4a,小学作文专题课件10讲|ppt可编辑,medium,商品已下架/冻结,2720,0.0,WATCH,67e934aadd5f4d00158609e6,木子爱学习吖的店,2026-06-18 17:14:30,web_full,,1
69fe1dbee0e86e00011e42ae,【我超硬颈】夏季儿童新款童装男女童纯棉印花圆领可爱撞色洋气T,medium,商品已下架/冻结,2719,0.0,WATCH,,咋啦咋啦的店,2026-06-18 17:14:30,web_full,,1
69fe1dbee0e86e00011e42ba,【我超硬颈】夏季儿童新款童装男女童纯棉印花圆领可爱撞色洋气T,medium,商品已下架/冻结,2712,0.0,WATCH,,,2026-06-18 17:14:32,web_full,,1
68af1dab5ce8aa00014b5acd,【限时特惠】刘震云硬壳一句顶一万句一地鸡毛一日三秋咸的玩笑,medium,商品已下架/冻结,2707,0.0,WATCH,,,2026-06-18 17:14:32,web_full,,1
6715f75ec42e3d0001d3dffe,【全2册】孙德仁小儿推拿大图册咳嗽退烧发烧积食手法育儿书籍,medium,商品已下架/冻结,2703,0.0,WATCH,,,2026-06-18 17:14:33,web_full,,1
69bd240de60de20001977e61,2026年教师资格证面试资料教资网课押题试讲逐字稿笔记真题中小学,medium,商品已下架/冻结,2684,0.0,WATCH,696307235f9e8a0015ea86c9,一次上岸资料库的店,2026-06-18 13:34:38,web_full,,1
69bd240de60de20001977e52,2026年教师资格证面试资料教资网课押题试讲逐字稿笔记真题中小学,medium,商品已下架/冻结,2684,0.0,WATCH,696307235f9e8a0015ea86c9,一次上岸资料库的店,2026-06-18 13:34:38,web_full,,1
6854d7ccd67cc2000110ac32,上新优惠！二轮教材27管综数学题型清单/数学考点清单/张伟男韩超,medium,商品已下架/冻结,2682,0.0,WATCH,,,2026-06-18 17:14:37,web_full,,1
6791e37b29b9f70001eee8b6,上新优惠！二轮教材27管综数学题型清单/数学考点清单/张伟男韩超,medium,商品已下架/冻结,2682,0.0,WATCH,65efcba956541c0001f1a3b7,海绵MBA的店,2026-06-18 17:14:37,web_full,,1
6a1c3a0d9a00d30001ed8145,【限时特惠】刘震云硬壳一句顶一万句一地鸡毛一日三秋咸的玩笑,medium,商品已下架/冻结,2682,0.0,WATCH,6875db34fdeb0900153db498,知溯图书的店,2026-06-18 17:14:37,web_full,,1
687f6a048fe347000117e023,上新优惠！二轮教材27管综数学题型清单/数学考点清单/张伟男韩超,medium,商品已下架/冻结,2641,0.0,WATCH,,,2026-06-18 17:15:58,web_full,,1
6910299d0f510b00018804f3,26考研政治押题笔记电子资料包肖八肖四笔记腿姐押题徐涛押题笔记,medium,商品已下架/冻结,2637,0.0,WATCH,679d9046d0ac5b0015e4518b,十年资料铺的店,2026-06-18 17:15:59,web_full,,1
6a056faf377d17000196eeaa,全新第五人格多多柠檬徽章周边包邮时装,medium,商品已下架/冻结,2635,0.0,WATCH,671b9d81ef81e60015a3778a,影影卡券的店,2026-06-18 17:16:00,web_full,,1
69ff469a273c7d0001bc4f95,Dazz CCD复古相机富士滤镜胶片教学教案网红免费课件一键出片神器,medium,商品已下架/冻结,2630,0.0,WATCH,663f2c2dd257370001117e12,是一只小麋鹿的店,2026-06-18 17:16:00,web_full,,1
6438f0c9ced7d00001d7f18e,【英语学习神器】中小学英语知识点手抄笔记（通用版）-,medium,商品已下架/冻结,2600,0.0,WATCH,,,2026-06-18 17:17:35,web_full,,1
6788df5b0a6fff0015458dd8,给孩子的山海经全套6册小学生版彩绘注音版原著正版全集儿童读的,medium,商品已下架/冻结,2599,0.0,NEW,,,2026-06-18 17:17:35,web_full,,1
6788df5a915f750015d28dd4,给孩子的山海经全套6册小学生版彩绘注音版原著正版全集儿童读的,medium,商品已下架/冻结,2599,0.0,NEW,,,2026-06-18 17:17:41,web_full,,1
6788df58d61c3f0015e5c2cb,给孩子的山海经全套6册小学生版彩绘注音版原著正版全集儿童读的,medium,商品已下架/冻结,2594,0.0,WATCH,,,2026-06-18 17:17:54,web_full,,1
6981aea68dc4b300010870f0,有间·三联26 25 24年特刊 漫游世界四大博物馆 考古中国 环球寻味,medium,商品已下架/冻结,2591,0.0,WATCH,67d7cee410c8cd0015d7fdb1,有间书店的店,2026-06-18 17:18:04,web_full,,1
69a8f3f870850a0001b91901,有间·三联26 25 24年特刊 漫游世界四大博物馆 考古中国 环球寻味,medium,商品已下架/冻结,2591,0.0,WATCH,,,2026-06-18 17:18:09,web_full,,1
694667cee40d430001048bca,南京市初一初二初三数学英语文物化生地史政月考期中期末真题试卷,medium,商品已下架/冻结,2572,0.0,WATCH,,,2026-06-18 17:19:03,web_full,,1
694667cee40d430001048b94,南京市初一初二初三数学英语文物化生地史政月考期中期末真题试卷,medium,商品已下架/冻结,2572,0.0,WATCH,,桃李先生资料库的店,2026-06-18 17:19:08,web_full,,1
694667cee40d430001048c3c,南京市初一初二初三数学英语文物化生地史政月考期中期末真题试卷,medium,商品已下架/冻结,2572,0.0,WATCH,65bb02155848410001055146,桃李先生资料库的店,2026-06-18 17:19:09,web_full,,1
694667cee40d430001048b8b,南京市初一初二初三数学英语文物化生地史政月考期中期末真题试卷,medium,商品已下架/冻结,2572,0.0,WATCH,,,2026-06-18 17:19:12,web_full,,1
694667cee40d430001048bb2,南京市初一初二初三数学英语文物化生地史政月考期中期末真题试卷,medium,商品已下架/冻结,2570,0.0,WATCH,,,2026-06-18 17:19:10,web_full,,1
66a8e73ab81ac2000199bb71,全新印本 出汗异常 何传毅著 1984年 中医古籍,medium,商品已下架/冻结,2569,0.0,WATCH,,,2026-06-18 17:19:12,web_full,,1
694667cee40d430001048b85,南京市初一初二初三数学英语文物化生地史政月考期中期末真题试卷,medium,商品已下架/冻结,2568,0.0,WATCH,,,2026-06-18 17:19:14,web_full,,1
694667cee40d430001048bfd,南京市初一初二初三数学英语文物化生地史政月考期中期末真题试卷,medium,商品已下架/冻结,2566,0.0,WATCH,,,2026-06-18 17:19:36,web_full,,1
694667cee40d430001048c24,南京市初一初二初三数学英语文物化生地史政月考期中期末真题试卷,medium,商品已下架/冻结,2565,0.0,WATCH,,,2026-06-18 17:19:37,web_full,,1
694667cee40d430001048c21,南京市初一初二初三数学英语文物化生地史政月考期中期末真题试卷,medium,商品已下架/冻结,2565,0.0,WATCH,,,2026-06-18 17:19:37,web_full,,1
694667cee40d430001048beb,南京市初一初二初三数学英语文物化生地史政月考期中期末真题试卷,medium,商品已下架/冻结,2561,0.0,WATCH,65bb02155848410001055146,桃李先生资料库的店,2026-06-18 17:19:44,web_full,,1
694667cee40d430001048b9d,南京市初一初二初三数学英语文物化生地史政月考期中期末真题试卷,medium,商品已下架/冻结,2561,0.0,WATCH,65bb02155848410001055146,桃李先生资料库的店,2026-06-18 17:19:44,web_full,,1
694667cee40d430001048c0c,南京市初一初二初三数学英语文物化生地史政月考期中期末真题试卷,medium,商品已下架/冻结,2561,0.0,WATCH,65bb02155848410001055146,桃李先生资料库的店,2026-06-18 17:19:45,web_full,,1
694667cee40d430001048bc1,南京市初一初二初三数学英语文物化生地史政月考期中期末真题试卷,medium,商品已下架/冻结,2559,0.0,WATCH,,,2026-06-18 17:19:51,web_full,,1
69c67d71b2b4f2000154e889,【AI豆仓】高级会员权益 - 拼豆库存管理,medium,商品已下架/冻结,2517,0.0,WATCH,6983e2901e1c83001559d6f0,AI豆仓的店,2026-06-18 14:29:27,web_full,,1
69f580d3f888bb0001ba73c2,3Dmax安装包 2027新版 建模 支持Win  远程安装 教学教程 · 自己安装【win系统】附安装教程 不提供指导 小白慎拍,medium,商品已下架/冻结,2334,0.0,WATCH,69204037ffdaed00151bceaa,野屿咔咔的店,2026-06-18 13:35:00,web_full,,1
69811d9fd5afea0001b61532,100个故事背完雅思词汇/看搞笑吃瓜故事无痛背单词,medium,商品已下架/冻结,2190,0.0,WATCH,69130888c8b10500157525d6,枫糖语言社的店,2026-06-18 13:46:12,web_full,,1
682dd412e60e770001fec0dd,035.人工智能是敌是友？【科技】【英语/双语/中文演讲PPT】,medium,商品已下架/冻结,2130,0.0,WATCH,643bbb0d3a4a69000170688b,K12的英语PPT的店,2026-06-18 13:37:51,web_full,,1
69ce118cc8c7330001554a81,考研、四六级不背单词导出默写PDF,medium,商品已下架/冻结,2016,0.0,WATCH,6785311c763cfd001585e2d7,依依资料库的店,2026-06-18 14:03:50,web_full,,1
69366f5bd2786f0001f5f149,ppt模板简约质感通用ins风莫兰迪配色艺术时尚设计素材作品集模版,medium,商品已下架/冻结,1979,0.0,WATCH,68fdde5a8b5e4500153ea260,雅美素材库的店,2026-06-18 13:34:46,web_full,,1
69d60ac661bf4900013660b4,考研、四六级不背单词导出默写PDF,medium,商品已下架/冻结,1966,0.0,WATCH,6785311c763cfd001585e2d7,依依资料库的店,2026-06-18 14:16:08,web_full,,1
69832d38e047060001a80d98,27考研27红宝书【超清电子版】带领读和讲解视频，三盘发货,medium,商品已下架/冻结,1940,0.0,WATCH,698325bc50a7c90015fe2255,月亮与酒的店,2026-06-18 13:43:46,web_full,,1
68f26331ae1c1700019a8c7c,一笑而过吧·周思成-26年6月四六级全程班,medium,商品已下架/冻结,1837,0.0,WATCH,652383f87fa15200013b7c31,一笑而过吧教育旗舰店,2026-06-18 13:57:39,web_full,,1
69bc317c8a783800151e51b7,【新华正版】 3ds Max 2017VRay效果图制作实例教程 清华大学出版,medium,商品已下架/冻结,1737,0.0,WATCH,642e9863d485a10001520f4a,新文图书优选的店,2026-06-18 13:35:41,web_full,,1
6a020aee4ab6d3001557bca0,【新华正版】 3ds Max 2014+VRay效果图制作入门与实战经典 唯美,medium,商品已下架/冻结,1737,0.0,WATCH,642e9863d485a10001520f4a,新文图书优选的店,2026-06-18 13:35:41,web_full,,1
694c35cf16b37a00157c8b25,【新华正版】 3DS MAX+VRAY+AIGC三维建模与场景设计（全彩微课版,medium,商品已下架/冻结,1737,0.0,WATCH,642e9863d485a10001520f4a,新文图书优选的店,2026-06-18 13:35:45,web_full,,1
68ccccdfe5da740015ed9897,2025年一级建造师网课件讲义真题教程电子资料押题教程视频课程 · 精讲课+题库+备考资料 一建民航实务1科,medium,商品已下架/冻结,1657,0.0,WATCH,68c6d2d35da8170015ad2693,永福资料大全的店,2026-06-18 13:39:50,web_full,,1
6931933cce3eb500016a3150,C盘清理软件专业版一键清理垃圾文件释放硬盘空间虚拟设计源文件,medium,商品已下架/冻结,1606,0.0,WATCH,65d4ab3e6902e500017d605d,小麦芽教育🌱的店,2026-06-18 13:52:58,web_full,,1
67b1e745db1dc10001f99a6d,实习报告word电子文档可编辑,medium,商品已下架/冻结,1555,0.0,WATCH,6710a9a6ea230b00154d7ed1,长训职业生涯规划咨询的店,2026-06-18 13:43:21,web_full,,1
67b1e745db1dc10001f99d9a,实习报告word电子文档可编辑,medium,商品已下架/冻结,1555,0.0,WATCH,6710a9a6ea230b00154d7ed1,长训职业生涯规划咨询的店,2026-06-18 13:43:22,web_full,,1
67b1e745db1dc10001f99b36,实习报告word电子文档可编辑,medium,商品已下架/冻结,1555,0.0,WATCH,6710a9a6ea230b00154d7ed1,长训职业生涯规划咨询的店,2026-06-18 13:47:31,web_full,,1
67b1e745db1dc10001f99c11,实习报告word电子文档可编辑,medium,商品已下架/冻结,1555,0.0,WATCH,6710a9a6ea230b00154d7ed1,长训职业生涯规划咨询的店,2026-06-18 14:16:13,web_full,,1
69d7b47401e19300019fdad7,APP界面旅游旅行景点资讯点评论UI设计图片figma/xd/PS页面,medium,商品已下架/冻结,1525,0.0,WATCH,6725d35def81e60015140297,柠檬素材设计的店,2026-06-18 13:34:45,web_full,,1
69ea3f0c933b03000106b07c,知网文献下载教程｜中英文硕博期刊资料免费使用指南,medium,商品已下架/冻结,1515,0.0,WATCH,68eca71ab6f1440015b26811,栖西学术知识的店的店,2026-06-18 14:30:20,web_full,,1
69ea3f0c933b03000106b091,知网文献下载教程｜中英文硕博期刊资料免费使用指南,medium,商品已下架/冻结,1493,0.0,WATCH,68eca71ab6f1440015b26811,栖西学术知识的店的店,2026-06-18 14:01:11,web_full,,1
65898250ff7b510001b93f2e,译林小学英语3-6年级 pdf 格式,medium,商品已下架/冻结,1491,0.0,WATCH,64d9e802a14d4e0001326254,英语老师Carol的店,2026-06-18 14:30:54,web_full,,1
69be4aa1ec66640001065825,剪辑剪映app素材课件视频素材导出一天,medium,商品已下架/冻结,1475,0.0,WATCH,67a1a956aa51370015c2bd9c,打工人小贵的店,2026-06-18 14:29:41,web_full,,1
69bd206511534f0001ef9a38,2026年新版教师资格证面试资料教资网课试讲逐字稿笔记真题中小学,medium,商品已下架/冻结,1405,0.0,WATCH,69ae44d2cc48350015cb2555,小小丸子学姐的店,2026-06-18 13:34:35,web_full,,1
69b0157b7c9c8f0001fe523e,2026招商银行笔试真题在线刷题,medium,商品已下架/冻结,1379,0.0,WATCH,65f6e2b97916650001e20e44,校招上岸兔的店,2026-06-18 13:56:09,web_full,,1
68734c1a3f6e45000159d5df,2025国际生 IGCSE A Level 历年真题 CAIE edexcel aqa考试局,medium,商品已下架/冻结,1333,0.0,WATCH,638eb55cfa525500016d2487,DS笛思Alevel的店,2026-06-18 14:00:30,web_full,,1
68135d04c9e74900010397fa,原创英语启蒙儿童绘本电子书非纸质书【小程序点读/PDF打印/视频,medium,商品已下架/冻结,1281,0.0,WATCH,67580c4df4a7eb0015a0fa5b,脱口而出 ABC的店,2026-06-18 14:03:11,web_full,,1
697a1ae1d0b05c0001f34b1d,2026年长沙高中四大名校真题语数英物化生地史政月考期中期末试卷,medium,商品已下架/冻结,1255,0.0,WATCH,65bb02155848410001055146,桃李先生资料库的店,2026-06-18 13:56:44,web_full,,1
69ecdd1ec4fc8200018e5359,26注会轻一轻二完整版PDF不缺页不漏页|26注会DA同步更新中,medium,商品已下架/冻结,1181,0.0,WATCH,6936c9fba9e7af0015be7ec7,Huihuigo的店,2026-06-18 14:11:45,web_full,,1
69b541dbfbb3a40001e18ea4,个人形象-笔记同款-简历功能不能使用,medium,商品已下架/冻结,1178,0.0,WATCH,673ace89bc505c0016c85a69,桃子办公【不是充值是用我的号】的店,2026-06-18 14:16:45,web_full,,1
69d47a634ee72d00013d7e93,26教资面试中小幼结构化试讲答辩全套资料包,medium,商品已下架/冻结,1175,0.0,WATCH,690c29e2b781150015523734,是青提子吖的店,2026-06-18 13:46:52,web_full,,1
69d47a634ee72d00013d7e9c,26教资面试中小幼结构化试讲答辩全套资料包,medium,商品已下架/冻结,1175,0.0,WATCH,690c29e2b781150015523734,是青提子吖的店,2026-06-18 13:46:55,web_full,,1
67824352ae50cc0001736a2f,沈阳初中语文数学英语外物化生地史政月考期中期末真题试卷,medium,商品已下架/冻结,1105,0.0,WATCH,65bb02155848410001055146,桃李先生资料库的店,2026-06-18 13:34:37,web_full,,1
69d72af48a7da80001ba8832,美团膨胀神卷口令最新教程模板,medium,商品已下架/冻结,1095,0.0,WATCH,67b2e112290ef90015bf38a2,卷王本王的店,2026-06-18 13:34:27,web_full,,1
69f991e143360b0001e9d712,27考研政治英语数学课程,medium,商品已下架/冻结,1085,0.0,WATCH,66e1b647cf422300159786cf,Core的上岸指南的店,2026-06-18 13:47:03,web_full,,1
69512d37b8f0bb0001e3e00d,2026上半年教资笔试科一科二学霸笔记三色笔记PDF,medium,商品已下架/冻结,1081,0.0,WATCH,67c994b265d654001519ceb7,备考上岸圈的店,2026-06-18 13:43:04,web_full,,1
69512d37b8f0bb0001e3e016,2026上半年教资笔试科一科二学霸笔记三色笔记PDF,medium,商品已下架/冻结,1081,0.0,WATCH,67c994b265d654001519ceb7,备考上岸圈的店,2026-06-18 13:47:22,web_full,,1
676149b979f3cb000161c6e3,青岛市初中语文数学英语外物化生地史政月考期中期末真题试卷,medium,商品已下架/冻结,1074,0.0,WATCH,65bb02155848410001055146,桃李先生资料库的店,2026-06-18 14:15:58,web_full,,1
676149b979f3cb000161c6dd,青岛市初中语文数学英语外物化生地史政月考期中期末真题试卷,medium,商品已下架/冻结,1074,0.0,WATCH,65bb02155848410001055146,桃李先生资料库的店,2026-06-18 14:20:27,web_full,,1
688f19f14daa7100013d7b84,沙发里的奈奈时光电子资料包手机平板电脑电视影视,medium,商品已下架/冻结,1059,0.0,WATCH,6780e4aa21438e0015e70786,沙发里的奈奈时光的店,2026-06-18 14:12:22,web_full,,1
68f9f25cc074c5000116ceaf,初中级注册会计师注会CPA三色笔记思维导图考试刷题库网课 · 电子资料(包含三色笔记/思维导图/考点汇总/历年真题) 中会-会计实务,medium,商品已下架/冻结,1056,0.0,WATCH,682ae25185f39f001590ff28,汤老师的店铺的店,2026-06-18 13:40:10,web_full,,1
68a93c7471b9e20001037832,胡说老王亲授《逐利》41节视频课+12场小圈子直播,medium,商品已下架/冻结,997,0.0,WATCH,6606726134a6380001776236,栋见的店,2026-06-18 14:00:50,web_full,,1
6981a4e58c608e0001afd0ac,时尚简约ins风手持拍照相框照片合影KT板展板PS设计PSD模板素材 · 默认,medium,商品已下架/冻结,960,0.0,WATCH,697081f8ca5d6a0015e272f1,路虎资料店的店,2026-06-18 13:34:46,web_full,,1
681ebfbb9653670001ecf999,主页PPT完整可编辑版自动发货,medium,商品已下架/冻结,950,0.0,WATCH,656d47993ead4f00015b4f6c,打工人图图的店,2026-06-18 13:56:08,web_full,,1
69ce4ca54ae1e700011374d2,2027考研英语资料包红宝书词汇闪过句句真研5500核心单词pdf网盘,medium,商品已下架/冻结,950,0.0,WATCH,68ce5a2cce83500015c3bae5,嗨呀学长的店,2026-06-18 14:00:44,web_full,,1
69ce4ca54ae1e700011374cc,2027考研英语资料包红宝书词汇闪过句句真研5500核心单词pdf网盘,medium,商品已下架/冻结,949,0.0,WATCH,68ce5a2cce83500015c3bae5,嗨呀学长的店,2026-06-18 14:00:23,web_full,,1
69eef27b3aa96f00017e0b2e,胶片滤镜买断教程丨照片视频实况胶片滤镜风格调色预设素材模板,medium,商品已下架/冻结,901,0.0,WATCH,69da50454c282800152c8125,菠萝包包kww的店,2026-06-18 14:12:51,web_full,,1
69eef27b3aa96f00017e0b31,胶片滤镜买断教程丨照片视频实况胶片滤镜风格调色预设素材模板,medium,商品已下架/冻结,888,0.0,WATCH,69da50454c282800152c8125,菠萝包包kww的店,2026-06-18 13:57:16,web_full,,1
69c3828d15bd740001f4de35,通用~自动发货~周边.,medium,商品已下架/冻结,883,0.0,WATCH,69b92025ec382f00158c2a9a,劵劵达人的店,2026-06-18 14:01:07,web_full,,1
63c0da0ca4cf110001bb058a,40款金箔闪亮纹理五彩纸屑Procreate绘画iPad笔刷,medium,商品已下架/冻结,865,0.0,WATCH,63b40e89540b790001a2d62e,KKAY DESIGN的店,2026-06-18 14:24:59,web_full,,1
690eef1bdcedc700012f5a3d,小学数学奥数学校高思数学竞赛导引盒子视频课程课本三四五六年级,medium,商品已下架/冻结,854,0.0,WATCH,681d6ea30a54700015a3f2e2,京兆学府的店,2026-06-18 14:35:10,web_full,,1
6873d1c4cff6260001fa09d3,ins可爱拍立得边框相框可商用PNG免抠图电子手帐饭圈美工设计素材,medium,商品已下架/冻结,840,0.0,WATCH,67332bfc7f3e1d0015aaab29,东东桃设计的店,2026-06-18 13:46:20,web_full,,1
67335ccf767bf600015565f7,标书查重word｜pdf文档查重表格查重 暗标检查模板 课件 资料,medium,商品已下架/冻结,803,0.0,WATCH,6729e9d445465d00159ea887,易查科技的店,2026-06-18 13:55:51,web_full,,1
69426d3f9799e5001585961d,26高照数量关系资料分析3+2教程含讲义高清PDF,medium,商品已下架/冻结,792,0.0,WATCH,68c93a25157e370015f0d1b0,小李资料馆的店,2026-06-18 14:36:18,web_full,,1
69b75dee32508300018c273d,W朝x各类资料包（可打印）,medium,商品已下架/冻结,775,0.0,WATCH,6804b35086048c0015267af7,小屿麻麻的店,2026-06-18 14:35:12,web_full,,1
6827d73ef4a06d0001175170,W朝x各类资料包（可打印）,medium,商品已下架/冻结,775,0.0,WATCH,6804b35086048c0015267af7,小屿麻麻的店,2026-06-18 14:35:17,web_full,,1
69b75dee32508300018c26b6,W朝x各类资料包（可打印）,medium,商品已下架/冻结,774,0.0,WATCH,6804b35086048c0015267af7,小屿麻麻的店,2026-06-18 14:29:59,web_full,,1
69b75dee32508300018c2683,W朝x各类资料包（可打印）,medium,商品已下架/冻结,774,0.0,WATCH,6804b35086048c0015267af7,小屿麻麻的店,2026-06-18 14:30:22,web_full,,1
6827d73ef4a06d000117514f,W朝x各类资料包（可打印）,medium,商品已下架/冻结,774,0.0,WATCH,6804b35086048c0015267af7,小屿麻麻的店,2026-06-18 14:30:24,web_full,,1
69b75dee32508300018c26dd,W朝x各类资料包（可打印）,medium,商品已下架/冻结,774,0.0,WATCH,6804b35086048c0015267af7,小屿麻麻的店,2026-06-18 14:30:52,web_full,,1
6827d73ef4a06d0001175107,W朝x各类资料包（可打印）,medium,商品已下架/冻结,772,0.0,WATCH,6804b35086048c0015267af7,小屿麻麻的店,2026-06-18 14:12:35,web_full,,1
6827d73ef4a06d0001175128,W朝x各类资料包（可打印）,medium,商品已下架/冻结,772,0.0,WATCH,6804b35086048c0015267af7,小屿麻麻的店,2026-06-18 14:15:53,web_full,,1
69b75dee32508300018c26b9,W朝x各类资料包（可打印）,medium,商品已下架/冻结,772,0.0,WATCH,6804b35086048c0015267af7,小屿麻麻的店,2026-06-18 14:16:40,web_full,,1
69b75dee32508300018c2713,W朝x各类资料包（可打印）,medium,商品已下架/冻结,772,0.0,WATCH,6804b35086048c0015267af7,小屿麻麻的店,2026-06-18 14:16:45,web_full,,1
69b75dee32508300018c270a,W朝x各类资料包（可打印）,medium,商品已下架/冻结,772,0.0,WATCH,6804b35086048c0015267af7,小屿麻麻的店,2026-06-18 14:16:47,web_full,,1
69b75dee32508300018c26e6,W朝x各类资料包（可打印）,medium,商品已下架/冻结,772,0.0,WATCH,6804b35086048c0015267af7,小屿麻麻的店,2026-06-18 14:16:54,web_full,,1
6827d73ef4a06d00011750e6,W朝x各类资料包（可打印）,medium,商品已下架/冻结,772,0.0,WATCH,6804b35086048c0015267af7,小屿麻麻的店,2026-06-18 14:17:09,web_full,,1
6827d73ef4a06d000117512b,W朝x各类资料包（可打印）,medium,商品已下架/冻结,772,0.0,WATCH,6804b35086048c0015267af7,小屿麻麻的店,2026-06-18 14:17:18,web_full,,1
69b75dee32508300018c268f,W朝x各类资料包（可打印）,medium,商品已下架/冻结,772,0.0,WATCH,6804b35086048c0015267af7,小屿麻麻的店,2026-06-18 14:17:22,web_full,,1
6827d73ef4a06d0001175131,W朝x各类资料包（可打印）,medium,商品已下架/冻结,772,0.0,WATCH,6804b35086048c0015267af7,小屿麻麻的店,2026-06-18 14:17:34,web_full,,1
69ca423b8423ad0001a61597,2026年5-8月雅思口语保留题库,medium,商品已下架/冻结,772,0.0,WATCH,69c34ae6519c600015db3290,小u梨..的店,2026-06-18 14:34:47,web_full,,1
67eb65d9ba5741000197c4b6,饺子的床旁医学英语口语笔记,medium,商品已下架/冻结,761,0.0,WATCH,675bb8bf58c3c20015b9533f,饺子姐姐（医学英语版）的店,2026-06-18 14:35:42,web_full,,1
69f7662481bc010001114e56,WPS超级会员PPT简历模板PDF其他模板转换格式,medium,商品已下架/冻结,758,0.0,WATCH,69243693d481a0001529fd37,学习工作会员的店,2026-06-18 14:35:53,web_full,,1
68e77236002e7e00011b4db1,陈强计量经济学Stata应用网课视频教程PPT教材百度网盘,medium,商品已下架/冻结,734,0.0,WATCH,68e7703968bdf30015857582,喜见书屋的店,2026-06-18 14:15:38,web_full,,1
69ca4e21c8c7330001c93780,26上高中教师资格证面试试讲逐字稿/试讲题本/结构化/课程培训,medium,商品已下架/冻结,717,0.0,WATCH,68ebac58f08dbc001571e2ff,一口布丁老师的店,2026-06-18 13:46:39,web_full,,1
69ca4e21c8c7330001c93783,26上高中教师资格证面试试讲逐字稿/试讲题本/结构化/课程培训,medium,商品已下架/冻结,717,0.0,WATCH,68ebac58f08dbc001571e2ff,一口布丁老师的店,2026-06-18 13:46:48,web_full,,1
69ca4e21c8c7330001c93789,26上高中教师资格证面试试讲逐字稿/试讲题本/结构化/课程培训,medium,商品已下架/冻结,717,0.0,WATCH,68ebac58f08dbc001571e2ff,一口布丁老师的店,2026-06-18 13:46:55,web_full,,1
69ca4e21c8c7330001c93786,26上高中教师资格证面试试讲逐字稿/试讲题本/结构化/课程培训,medium,商品已下架/冻结,715,0.0,WATCH,68ebac58f08dbc001571e2ff,一口布丁老师的店,2026-06-18 13:43:30,web_full,,1
68d0add0bf5d360001102615,母题清单小程序，教师招聘专项题库，下单后24小时内不合适可退,medium,商品已下架/冻结,715,0.0,WATCH,68af3121433a5f0015a4cc15,小晋上岸的店,2026-06-18 14:11:46,web_full,,1
69ee899141333c0001c1611f,26春1-6年级下册 笔记同款《考点梳理/shi习卷》pdf电子版 可打印,medium,商品已下架/冻结,700,0.0,WATCH,694a486fb1c2c30015b7053c,Lucky🍀老师吖的店,2026-06-18 14:30:16,web_full,,1
647b127529107a000148323d,vip会员获取单篇查阅发布的任意银行业研究报告策略材料分析权限,medium,商品已下架/冻结,697,0.0,WATCH,646096af26da6600014da2c7,体验设计分享的店,2026-06-18 14:00:46,web_full,,1
69f825d3273c7d0001884271,（新教材）八下历史课件和逐字稿,medium,商品已下架/冻结,683,0.0,WATCH,66e2fc27741c6300157a86fa,阿梦老师呀的店,2026-06-18 13:38:57,web_full,,1
69c21008e6196b000142d67a,26春1-6年级下册 笔记同款《考点梳理/shi习卷》pdf电子版 可打印,medium,商品已下架/冻结,682,0.0,WATCH,694a486fb1c2c30015b7053c,Lucky🍀老师吖的店,2026-06-18 14:12:57,web_full,,1
69f43651f888bb0001a19f96,26春1-6年级下册 笔记同款《考点梳理/shi习卷》pdf电子版 可打印,medium,商品已下架/冻结,682,0.0,WATCH,694a486fb1c2c30015b7053c,Lucky🍀老师吖的店,2026-06-18 14:17:00,web_full,,1
69b75dee32508300018c270d,W朝x各类资料包（可打印）,medium,商品已下架/冻结,673,0.0,WATCH,6804b35086048c0015267af7,小屿麻麻的店,2026-06-18 13:34:35,web_full,,1
68590f3be47da70001dbed9c,2025一级造价师新官方教材真题土建安装交通水利管理计价视频课程,medium,商品已下架/冻结,642,0.0,WATCH,644017cf09cecd0001010f74,卷卷学习资源的店,2026-06-18 13:34:17,web_full,,1
69fddc30a823a600017ae4bb,2027cg全家桶理论实战阶段100g米黄护眼纸,medium,商品已下架/冻结,629,0.0,WATCH,64f68ce1dace090001ca4651,554的店,2026-06-18 13:34:29,web_full,,1
69a98701c13d0f0015ba2387,2022公考上岸村万题册刷题常识言语数资判断理论刷素材文件 · 单本,medium,商品已下架/冻结,616,0.0,WATCH,68a9ad2e7795e3001503d891,蟹蟹蟹老师的店,2026-06-18 13:39:46,web_full,,1
69e4bb34ff34a50001b572cf,2026小学初中高中全科电子版课本教材,medium,商品已下架/冻结,614,0.0,WATCH,683e7dada69e9f0015838245,叶老师 教辅资料的店,2026-06-18 14:35:52,web_full,,1
69ae4275b8f9830001b2d939,2026年天津教招各学科考前预测卷模拟题电子版学习资料,medium,商品已下架/冻结,609,0.0,WATCH,659e48118a22bc0001ed0f15,中匠网校的店,2026-06-18 14:00:59,web_full,,1
69dcd75617b7d500019e8825,2026小学初中高中全科电子版课本教材,medium,商品已下架/冻结,607,0.0,WATCH,683e7dada69e9f0015838245,叶老师 教辅资料的店,2026-06-18 14:03:14,web_full,,1
69dcd75617b7d500019e883d,2026小学初中高中全科电子版课本教材,medium,商品已下架/冻结,603,0.0,WATCH,683e7dada69e9f0015838245,叶老师 教辅资料的店,2026-06-18 13:53:12,web_full,,1
69e4bb34ff34a50001b572d5,2026小学初中高中全科电子版课本教材,medium,商品已下架/冻结,602,0.0,WATCH,683e7dada69e9f0015838245,叶老师 教辅资料的店,2026-06-18 13:51:51,web_full,,1
698d602978d8d50001ce4347,2026春新外研版英语四年级下册学习资料包,medium,商品已下架/冻结,584,0.0,WATCH,6895b0e82aa7600016359b64,普娃开挂小课堂的店,2026-06-18 14:16:10,web_full,,1
69245ab8e7d6b500016053b6,2026春新外研版英语四年级下册学习资料包,medium,商品已下架/冻结,584,0.0,WATCH,6895b0e82aa7600016359b64,普娃开挂小课堂的店,2026-06-18 14:16:21,web_full,,1
69c0a5bf23faf80001d3107d,2026小学初中高中全科电子版课本教材,medium,商品已下架/冻结,584,0.0,WATCH,683e7dada69e9f0015838245,叶老师 教辅资料的店,2026-06-18 14:20:03,web_full,,1
69dcd75617b7d500019e8828,2026小学初中高中全科电子版课本教材,medium,商品已下架/冻结,584,0.0,WATCH,683e7dada69e9f0015838245,叶老师 教辅资料的店,2026-06-18 14:20:33,web_full,,1
69dcd75617b7d500019e8849,2026小学初中高中全科电子版课本教材,medium,商品已下架/冻结,576,0.0,WATCH,683e7dada69e9f0015838245,叶老师 教辅资料的店,2026-06-18 13:47:13,web_full,,1
6972c9ec8a6b8a00010e25a3,新概念英语1-4册教材（智慧版）PDF电子版+mp3听力教案ppt视频,medium,商品已下架/冻结,575,0.0,WATCH,67cc1c829d36fe001543f3a3,腿毛大帝的店,2026-06-18 14:34:50,web_full,,1
6972c9ec8a6b8a00010e259a,新概念英语1-4册教材（智慧版）PDF电子版+mp3听力教案ppt视频,medium,商品已下架/冻结,562,0.0,WATCH,67cc1c829d36fe001543f3a3,腿毛大帝的店,2026-06-18 13:46:34,web_full,,1
69dcd75617b7d500019e8843,2026小学初中高中全科电子版课本教材,medium,商品已下架/冻结,560,0.0,WATCH,683e7dada69e9f0015838245,叶老师 教辅资料的店,2026-06-18 13:47:00,web_full,,1
69c62a1c1241f60001dbb2b5,【清新治愈】ins风春季写真排版照片模板创意设计素材,medium,商品已下架/冻结,559,0.0,WATCH,66e43bfded67830015bed35f,这是小新的店,2026-06-18 13:34:47,web_full,,1
69e4bb34ff34a50001b572de,2026小学初中高中全科电子版课本教材,medium,商品已下架/冻结,559,0.0,WATCH,683e7dada69e9f0015838245,叶老师 教辅资料的店,2026-06-18 13:43:28,web_full,,1
69e82dc49dea2d0001341d2c,GN6/7笔记买断 模板 学习编辑手账模板素材,medium,商品已下架/冻结,548,0.0,WATCH,689bf3a749b80c0015878f7a,超爱猪脚饭配肉卷🤪的店,2026-06-18 13:44:08,web_full,,1
69e4bb34ff34a50001b572cc,2026小学初中高中全科电子版课本教材,medium,商品已下架/冻结,545,0.0,WATCH,683e7dada69e9f0015838245,叶老师 教辅资料的店,2026-06-18 13:42:49,web_full,,1
69e4bb34ff34a50001b572d2,2026小学初中高中全科电子版课本教材,medium,商品已下架/冻结,545,0.0,WATCH,683e7dada69e9f0015838245,叶老师 教辅资料的店,2026-06-18 13:42:52,web_full,,1
6980abd2a5576f0001af95de,新外研版3、4年级英语《同步练习册》资料包,medium,商品已下架/冻结,541,0.0,WATCH,6895b0e82aa7600016359b64,普娃开挂小课堂的店,2026-06-18 14:19:31,web_full,,1
6506fae1799c3e00017b338b,复古怀旧欧美撕纸边缘撕边老旧报纸碎片剪报拼贴PNG免抠设计素材,medium,商品已下架/冻结,534,0.0,WATCH,64cf4dc2f58f8b000152f4a5,起山素材的店,2026-06-18 14:00:43,web_full,,1
69f0cff27b1f380001c5430c,27考研政治英语数学课程全程班（持续更新不跑路不断更）,medium,商品已下架/冻结,533,0.0,WATCH,68a1e4b5f07d210015c3fdf2,蛋蛋学姐🎓的店,2026-06-18 13:48:01,web_full,,1
69e84d4167d4b200019c171e,27考研英语66句电子讲义、学习资料包,medium,商品已下架/冻结,531,0.0,WATCH,69b3c3b6e5811a001575b92b,甜度🍟100%的店,2026-06-18 13:55:45,web_full,,1
69f0cff27b1f380001c54309,27考研政治英语数学课程全程班（持续更新不跑路不断更）,medium,商品已下架/冻结,521,0.0,WATCH,68a1e4b5f07d210015c3fdf2,蛋蛋学姐🎓的店,2026-06-18 13:47:14,web_full,,1
69f0cff27b1f380001c54312,27考研政治英语数学课程全程班（持续更新不跑路不断更）,medium,商品已下架/冻结,519,0.0,WATCH,68a1e4b5f07d210015c3fdf2,蛋蛋学姐🎓的店,2026-06-18 13:43:46,web_full,,1
69df935fcfc37500016a824d,26教资面试，结构化面试+试讲+答辩资料，模板,medium,商品已下架/冻结,519,0.0,WATCH,68e6768f0fdf3e001539d5fc,是冬瓜吖的店,2026-06-18 13:51:06,web_full,,1
69db41a685199a00018de9bd,店铺带货     资料包,medium,商品已下架/冻结,517,0.0,WATCH,692e5f95b75dc20014f2c0cb,小杨说的店,2026-06-18 13:52:02,web_full,,1
693e245033f9b30001a3b7d5,2026春北师大二三年级下册数学新教材电子版,medium,商品已下架/冻结,515,0.0,WATCH,690d95397bc98300158e4f9f,时光电子版资料库的店,2026-06-18 13:47:00,web_full,,1
69ce8e7159a08a0001f69306,100个小故事背完雅思9400词高效记忆单词书2026年雅思备考神器,medium,商品已下架/冻结,500,0.0,WATCH,6911e90b5a73780015f29d40,单词速记充电站的店,2026-06-18 13:57:39,web_full,,1
69d4747e450d060001b3109f,2026春初中电子版资料（笔记同款20）,low,商品已下架/冻结,493,0.0,WATCH,68ea1b7e3b282d00238a6dbf,闪电知识解忧的店,2026-06-18 13:42:50,web_full,,1
681e0db9c4082600019b650b,2026东奥中级会计轻一轻松过关一实务财管经济法练习题教材真题 · 26版历年真题试卷 全套三科,low,商品已下架/冻结,489,0.0,WATCH,67f9e4462890a4001510dd86,知行书店的店,2026-06-18 13:40:15,web_full,,1
69df3565cfc3750001caff0f,office365办公软件电脑 mac/win永久激活教程 ppt excel word,low,商品已下架/冻结,481,0.0,WATCH,69d072151661ce0015418baf,淼淼职场工具箱的店,2026-06-18 13:59:53,web_full,,1
69f819d3213e270001a26906,滤镜买断教程丨照片视频实况胶片滤镜风格 调色预设素材模板,low,商品已下架/冻结,478,0.0,WATCH,689bf3a749b80c0015878f7a,超爱猪脚饭配肉卷🤪的店,2026-06-18 14:20:51,web_full,,1
69bb35fbffa26d0001446f29,小祺牌动作笔刷1-10.0,low,商品已下架/冻结,476,0.0,WATCH,678ea4292302820015ffde9d,有点祺怪的店,2026-06-18 14:11:57,web_full,,1
690827941b78790001de4a32,（最新版）初中英语七八年级各版本电子课本/资料包,low,商品已下架/冻结,476,0.0,WATCH,68c397c6011f5f0015610deb,满分💯资料共享的店,2026-06-18 14:15:56,web_full,,1
69b9581e99f8fe0001fb6295,英语四级备考资料前150名6折,low,商品已下架/冻结,474,0.0,WATCH,681c946af1a7370015a35c57,杨先森的店,2026-06-18 13:34:25,web_full,,1
6901fc44b96b1600015d436f,韩语1v1诊断丨附韩语学习资料丨2026年最新电子版,low,商品已下架/冻结,470,0.0,WATCH,6901832cb011f1001552ebda,摸凹猫0rg的店,2026-06-18 13:56:30,web_full,,1
69aeef892713420001bf187d,母题清单小程序，招教考试专项题库，24小时试用时间不合适可退,low,商品已下架/冻结,468,0.0,WATCH,670df5e6282b4400154ca013,轻松游上岸的店,2026-06-18 14:00:53,web_full,,1
69357717691100000180fb15,ID 【InDesign】安装包 2026最新版  支持Win/Mac 远程安装 教学,low,商品已下架/冻结,463,0.0,WATCH,69204037ffdaed00151bceaa,野屿咔咔的店,2026-06-18 14:29:15,web_full,,1
69aaa51c2713420001440fe4,2026某笔980系统班（含国省考多省联考等资料）自动秒发夸克/百度,low,商品已下架/冻结,458,0.0,WATCH,6866611256f403001501e731,爱去玩的碗碗的店,2026-06-18 13:43:52,web_full,,1
69ce63d424d44a0001b79ba2,简约质感ppt模板欧美ins风莫兰迪配色艺术时尚设计素材作品集,low,商品已下架/冻结,452,0.0,WATCH,68e3e2d71a6085001571401f,小尾雅素材的店,2026-06-18 13:34:47,web_full,,1
69cfdfc89fe19c0001f7346c,3DMAX整体橱柜生成器Kitchen Cabinet Generator4.0 3DMAX插件脚,low,商品已下架/冻结,452,0.0,WATCH,68e3e2d71a6085001571401f,小尾雅素材的店,2026-06-18 13:35:00,web_full,,1
69ac0a01f209ba0001b81ec4,revit室内族库revit模型库装饰设计节点家具家工装单品住宅软装库,low,商品已下架/冻结,452,0.0,WATCH,68e3e2d71a6085001571401f,小尾雅素材的店,2026-06-18 13:35:31,web_full,,1
69cd1ec65dab9a0001367989,deepseek文游指令合集包（dd原创）aa,low,商品已下架/冻结,440,0.0,WATCH,6866951893a14600156deea4,DD要努力的店,2026-06-18 14:15:14,web_full,,1
66286b336807180001eb05f4,MySQL Navicat 安装包 远程协助/问题解决,low,商品已下架/冻结,433,0.0,WATCH,6593d01035b376000177627c,小明下大雪的店,2026-06-18 13:34:31,web_full,,1
67b8c825e4ed1f0015ae9ec8,正版 Revit建模案例教程 王鑫 9787112236398,low,商品已下架/冻结,433,0.0,WATCH,676531695a98ce001539e0b2,小小图书教材的店,2026-06-18 13:35:26,web_full,,1
67848cd2d684d70015b9166a,正版 21世纪高等学校规划教材3dsmax/vray超写实室内效果图表现技,low,商品已下架/冻结,433,0.0,WATCH,676531695a98ce001539e0b2,小小图书教材的店,2026-06-18 13:35:46,web_full,,1
698dabc1a87a4d0001916f4e,27考研政治徐t基础强化冲刺押题全程+送26,low,商品已下架/冻结,424,0.0,WATCH,6568b5034a0cd60001ab6d13,少年游（上岸版）的店,2026-06-18 13:48:01,web_full,,1
692d42ca02b98c0015f3bae0,自然拼读视频教程课件英语电子课程音标英文PPT小学少儿教学资料,low,商品已下架/冻结,421,0.0,WATCH,68eb2506b969df001503dc19,胡图图资料的店,2026-06-18 14:20:08,web_full,,1
69f1e7d6294caa0001dd72ab,WPS超级会员1天一天ai大会员pdf格式转换PPT简历模版,low,商品已下架/冻结,416,0.0,WATCH,667ea2af4d44b6000116f955,大学生自用宝藏的店,2026-06-18 14:00:44,web_full,,1
695c6e6616b37a001563cb7c,1400多张王者图标素材PNG免抠素材1400多张王者图标素材PNG免抠素,low,商品已下架/冻结,412,0.0,WATCH,68eb2506b969df001503dc19,胡图图资料的店,2026-06-18 14:08:07,web_full,,1
69fab0c981bc0100015c5280,Lightroom手机版高级功能调色课程安卓/苹果/ipad调色教程,low,商品已下架/冻结,410,0.0,WATCH,6807835cad6a030015d6e8f0,Lr解锁高级功能的店,2026-06-18 14:11:13,web_full,,1
69c4974fa20c210001539e62,笔记同款 语文数学英语123456年级 pdf电子版,low,商品已下架/冻结,408,0.0,WATCH,694a486fb1c2c30015b7053c,Lucky🍀老师吖的店,2026-06-18 14:29:49,web_full,,1
69c4974fa20c210001539e22,笔记同款 语文数学英语123456年级 pdf电子版,low,商品已下架/冻结,408,0.0,WATCH,694a486fb1c2c30015b7053c,Lucky🍀老师吖的店,2026-06-18 14:29:53,web_full,,1
69c4974fa20c210001539e65,笔记同款 语文数学英语123456年级 pdf电子版,low,商品已下架/冻结,408,0.0,WATCH,694a486fb1c2c30015b7053c,Lucky🍀老师吖的店,2026-06-18 14:30:16,web_full,,1
69c4974fa20c210001539e71,笔记同款 语文数学英语123456年级 pdf电子版,low,商品已下架/冻结,408,0.0,WATCH,694a486fb1c2c30015b7053c,Lucky🍀老师吖的店,2026-06-18 14:30:37,web_full,,1
69ede59343360b000166af6b,26下教资笔试中小幼科一科二科三重点笔记/网课/题库、,low,商品已下架/冻结,407,0.0,WATCH,68bf7704c069260015e2074b,小鱼考证资料库的店,2026-06-18 14:11:59,web_full,,1
69ce81a57c7d12000144f156,2026春小学电子资料（笔记同款04）,low,商品已下架/冻结,407,0.0,WATCH,6354b5b7814e2d00019e5f58,朵墨老师资料的店,2026-06-18 14:29:53,web_full,,1
69ede59343360b000166af98,26下教资笔试中小幼科一科二科三重点笔记/网课/题库、,low,商品已下架/冻结,405,0.0,WATCH,68bf7704c069260015e2074b,小鱼考证资料库的店,2026-06-18 14:01:12,web_full,,1
69ce81a57c7d12000144f18c,2026春小学电子资料（笔记同款04）,low,商品已下架/冻结,403,0.0,WATCH,6354b5b7814e2d00019e5f58,朵墨老师资料的店,2026-06-18 14:16:05,web_full,,1
69c4974fa20c210001539e68,笔记同款 语文数学英语123456年级 pdf电子版,low,商品已下架/冻结,402,0.0,WATCH,694a486fb1c2c30015b7053c,Lucky🍀老师吖的店,2026-06-18 14:12:44,web_full,,1
69c4974fa20c210001539e6e,笔记同款 语文数学英语123456年级 pdf电子版,low,商品已下架/冻结,402,0.0,WATCH,694a486fb1c2c30015b7053c,Lucky🍀老师吖的店,2026-06-18 14:12:54,web_full,,1
69c4974fa20c210001539e6b,笔记同款 语文数学英语123456年级 pdf电子版,low,商品已下架/冻结,402,0.0,WATCH,694a486fb1c2c30015b7053c,Lucky🍀老师吖的店,2026-06-18 14:13:03,web_full,,1
69c4974fa20c210001539e3d,笔记同款 语文数学英语123456年级 pdf电子版,low,商品已下架/冻结,402,0.0,WATCH,694a486fb1c2c30015b7053c,Lucky🍀老师吖的店,2026-06-18 14:20:00,web_full,,1
69eb373243360b0001215107,成本会计第十版 源文件 电子资源 专拍,low,商品已下架/冻结,400,0.0,WATCH,69364cc0020fd1001524a026,乐宝资料屋【电子版24小时发货】的店,2026-06-18 13:35:37,web_full,,1
6989a4178c608e000177119e,140页逻辑图商务汇报工作企划书 数据图表 红色企业 PPT模板 · 140页逻辑图商务汇报工作企划书 数据图表 红色企业 PPT模板,low,商品已下架/冻结,395,0.0,WATCH,68c93a5c1c74a30015fa6ea0,西红柿资料铺的店,2026-06-18 13:34:44,web_full,,1
6989946d880da20001baee1b,法式复古欧美风ppt模板莫兰迪色ins风艺术时尚杂志作品集汇报NEW · 网盘发货 下单后联系客服/完整版资料（包更新-强烈推荐）,low,商品已下架/冻结,395,0.0,WATCH,68c93a5c1c74a30015fa6ea0,西红柿资料铺的店,2026-06-18 13:34:47,web_full,,1
698e90b006f9da00010082e5,ppt模板INS春日清新配色春天莫兰迪线条日系几何活动方案策划总结 · 完整版资料（包含后续更新-强烈推荐）/电子版网盘发货,low,商品已下架/冻结,395,0.0,WATCH,68c93a5c1c74a30015fa6ea0,西红柿资料铺的店,2026-06-18 13:34:47,web_full,,1
69ede59343360b000166af95,26下教资笔试中小幼科一科二科三重点笔记/网课/题库、,low,商品已下架/冻结,395,0.0,WATCH,68bf7704c069260015e2074b,小鱼考证资料库的店,2026-06-18 13:47:26,web_full,,1
69ede59343360b000166af41,26下教资笔试中小幼科一科二科三重点笔记/网课/题库、,low,商品已下架/冻结,394,0.0,WATCH,68bf7704c069260015e2074b,小鱼考证资料库的店,2026-06-18 13:46:52,web_full,,1
69e5bd68a8edd10001b864de,26上初中英语教资面试全套资料 含结构化 真题 逐字稿 教案等全套,low,商品已下架/冻结,391,0.0,WATCH,687902481ddc8f0016b10447,爱吃旺仔小馒头的店,2026-06-18 14:34:52,web_full,,1
66b22fc9fda0520001107aec,2025年新版中级经济师教材习题真题人事社人力工商建筑金融财税,low,商品已下架/冻结,388,0.0,WATCH,667d15a9c0e6de00010f44bd,方方图书的店,2026-06-18 14:03:34,web_full,,1
68e37e45f8d1f0000160930f,26上教资面试资料包幼儿小学初中高中全科电子资料教案逐字稿答辩,low,商品已下架/冻结,386,0.0,WATCH,67e60332e4661300157642b1,暖暖馥芮白的店,2026-06-18 13:46:37,web_full,,1
68e37e45f8d1f000016092af,26上教资面试资料包幼儿小学初中高中全科电子资料教案逐字稿答辩,low,商品已下架/冻结,386,0.0,WATCH,67e60332e4661300157642b1,暖暖馥芮白的店,2026-06-18 13:46:41,web_full,,1
68e37e45f8d1f000016092df,26上教资面试资料包幼儿小学初中高中全科电子资料教案逐字稿答辩,low,商品已下架/冻结,386,0.0,WATCH,67e60332e4661300157642b1,暖暖馥芮白的店,2026-06-18 13:46:45,web_full,,1
68e37e45f8d1f000016092b2,26上教资面试资料包幼儿小学初中高中全科电子资料教案逐字稿答辩,low,商品已下架/冻结,386,0.0,WATCH,67e60332e4661300157642b1,暖暖馥芮白的店,2026-06-18 13:46:52,web_full,,1
69019883ae1c170001281133,2026 方方土翻译版价格行为全套课程Price Action阿尔布鲁克斯,low,商品已下架/冻结,386,0.0,WATCH,689891f1b46f4a00156b8089,铭泽金品资料的店,2026-06-18 14:01:02,web_full,,1
691814c793e3a600012532df,PPT压缩文件缩小文档压缩软件ppt压缩大小批量pdf文件压缩工具,low,商品已下架/冻结,378,0.0,WATCH,68ad167db7c4980015fe65b6,桃芝芝素材的店,2026-06-18 13:39:06,web_full,,1
69ca88939b23c900016c2db4,26幼儿园教资面试真题+试讲高分模板+教案逐字稿资料包,low,商品已下架/冻结,378,0.0,WATCH,67e233785527f80015c8c36e,小鹿做题很ok的店,2026-06-18 13:46:41,web_full,,1
685b6d5a7ec78a0001840d42,波普艺术风格美式漫画边框个性海报模板矢量素材,low,商品已下架/冻结,372,0.0,WATCH,6724f91245465d00159e69f0,不晚设计资源的店,2026-06-18 13:52:10,web_full,,1
69f56f31c3604d0015eaa484,2026版高考临考预测卷全国各地专版PDF-垫子档,low,商品已下架/冻结,370,0.0,WATCH,687df154fe28990015d44778,逆袭の提分室的店,2026-06-18 14:12:50,web_full,,1
69c4974fa20c210001539e2e,笔记同款 语文数学英语123456年级 pdf电子版,low,商品已下架/冻结,366,0.0,WATCH,694a486fb1c2c30015b7053c,Lucky🍀老师吖的店,2026-06-18 13:36:01,web_full,,1
69f56f31c3604d0015eaa502,2026版高考临考预测卷全国各地专版PDF-垫子档,low,商品已下架/冻结,366,0.0,WATCH,687df154fe28990015d44778,逆袭の提分室的店,2026-06-18 14:00:31,web_full,,1
69f56f3828de7400150530f6,2026版高考临考预测卷全国各地专版PDF-垫子档,low,商品已下架/冻结,366,0.0,WATCH,687df154fe28990015d44778,逆袭の提分室的店,2026-06-18 14:00:31,web_full,,1
69f56f31c3604d0015eaa4c6,2026版高考临考预测卷全国各地专版PDF-垫子档,low,商品已下架/冻结,366,0.0,WATCH,687df154fe28990015d44778,逆袭の提分室的店,2026-06-18 14:00:59,web_full,,1
685d37bd6256090001812677,抽象中国风黑白山脉云纹水波纹海浪线条背景矢量设计素材,low,商品已下架/冻结,365,0.0,WATCH,6724f91245465d00159e69f0,不晚设计资源的店,2026-06-18 14:00:34,web_full,,1
69f56f37410f520015512dc7,2026版高考临考预测卷全国各地专版PDF-垫子档,low,商品已下架/冻结,363,0.0,WATCH,687df154fe28990015d44778,逆袭の提分室的店,2026-06-18 13:53:27,web_full,,1
67f8a8678c17470001fec036,国潮风手绘山峰中国风山水插画免抠素材,low,商品已下架/冻结,355,0.0,WATCH,6724f91245465d00159e69f0,不晚设计资源的店,2026-06-18 13:47:07,web_full,,1
69df02a7ed9d500001b0ec0a,26高中历史教资面试全套资料课件市面逐字稿+试讲视频+结构化资料,low,商品已下架/冻结,351,0.0,WATCH,6974c1750919730015a2d21b,Puff甜甜的店,2026-06-18 13:47:37,web_full,,1
699c77a8d5afea000144e7c1,人教版小学数学123456年级书教科课件本上下册第学期电子打印PDF,low,商品已下架/冻结,342,0.0,WATCH,6915517e27d04f00159570f5,成语小全的店,2026-06-18 14:17:07,web_full,,1
6878cf8979bc470001badfb3,未来科技现代几何渐变线条年会展板舞台背景图海报矢量AI设计素材,low,商品已下架/冻结,337,0.0,WATCH,6724f91245465d00159e69f0,不晚设计资源的店,2026-06-18 14:00:17,web_full,,1
69c24a167c9c8f00017a0b0a,高颜值 一键套用模板,low,商品已下架/冻结,332,0.0,WATCH,6899cf9a4b704a00156dd8bf,WPS会员折扣店的店,2026-06-18 14:29:41,web_full,,1
680e3912c883af0001060038,西豚·和vlog博主学【泰语】100期视频拆解听力练习资料包,low,商品已下架/冻结,331,0.0,WATCH,677fafa3a47ada0015172878,西豚教育的店,2026-06-18 13:52:02,web_full,,1
67ded88521ffb3000140ac42,deepseek小说写作从入门到精通全流程 35类小说指令合集,low,商品已下架/冻结,329,0.0,WATCH,67d5860064acaf0015c0bafc,小小的AI学习库的店,2026-06-18 14:33:57,web_full,,1
69c4974fa20c210001539e3a,笔记同款 语文数学英语123456年级 pdf电子版,low,商品已下架/冻结,328,0.0,WATCH,694a486fb1c2c30015b7053c,Lucky🍀老师吖的店,2026-06-18 13:34:35,web_full,,1
688b478679bc47000108e8dc,公司企业科技高端简约宣传册简介画册图文排版模板PSD设计素材,low,商品已下架/冻结,327,0.0,WATCH,6724f91245465d00159e69f0,不晚设计资源的店,2026-06-18 13:38:16,web_full,,1
6961c8ae93c7460001ff87c5,2026新版快捷英语时文阅读第30期小学初中高中通用电子版PDF,low,商品已下架/冻结,323,0.0,WATCH,66fa758aa9bf3400163b464c,满分资料铺的店,2026-06-18 13:42:34,web_full,,1
673c54f44083040001faf252,趣味蛇年春节小年元旦祝福2025跨年插画活动海报排版设计素材模版,low,商品已下架/冻结,319,0.0,WATCH,63b40e89540b790001a2d62e,KKAY DESIGN的店,2026-06-18 14:09:09,web_full,,1
699ef4bd2080aa000119aba0,跨境资料包全流程0-1,low,商品已下架/冻结,318,0.0,WATCH,696790755aeaa9001529ec81,花猫电商的店,2026-06-18 13:55:28,web_full,,1
699c1a1dc9f5da000145dc2a,广东省高考历年真题卷语文数学英语物理化学历史电子版Word · 语文（2008-2025）,low,商品已下架/冻结,313,0.0,WATCH,6805c37cad6a030015d6e702,莉姐素材的店,2026-06-18 13:40:25,web_full,,1
699c1a1dc9f5da000145dc3f,广东省高考历年真题卷语文数学英语物理化学历史电子版Word,low,商品已下架/冻结,313,0.0,WATCH,6805c37cad6a030015d6e702,莉姐素材的店,2026-06-18 13:43:02,web_full,,1
660bce11f8b8cd000199f82a,透明3D立体玻璃质感水滴折射海报文字标题PS效果模版设计素材,low,商品已下架/冻结,309,0.0,WATCH,63b40e89540b790001a2d62e,KKAY DESIGN的店,2026-06-18 14:25:00,web_full,,1
69c4cc2023faf80001796c0c,27考研全网课资源：政治英语数学讲义笔记网盘实时更新,low,商品已下架/冻结,305,0.0,WATCH,6979b878a8b3c200153785e8,刷题别停的店,2026-06-18 13:57:29,web_full,,1
692ea2d4b70fce000124cf4c,2026上教师资格证笔试全套备考资料，要考的题型都有，电子版pdf,low,商品已下架/冻结,300,0.0,WATCH,6618d06256541c000132294b,心语老师的店,2026-06-18 13:43:30,web_full,,1
69378d45af71c300014ab1dd,2026上教师资格证笔试全套备考资料，要考的题型都有，电子版pdf,low,商品已下架/冻结,300,0.0,WATCH,6618d06256541c000132294b,心语老师的店,2026-06-18 13:46:39,web_full,,1
692ea2d4b70fce000124ceec,2026上教师资格证笔试全套备考资料，要考的题型都有，电子版pdf,low,商品已下架/冻结,300,0.0,WATCH,6618d06256541c000132294b,心语老师的店,2026-06-18 13:47:15,web_full,,1
692ea2d4b70fce000124d036,2026上教师资格证笔试全套备考资料，要考的题型都有，电子版pdf,low,商品已下架/冻结,300,0.0,WATCH,6618d06256541c000132294b,心语老师的店,2026-06-18 13:47:22,web_full,,1
692ea2d4b70fce000124cf0a,2026上教师资格证笔试全套备考资料，要考的题型都有，电子版pdf,low,商品已下架/冻结,300,0.0,WATCH,6618d06256541c000132294b,心语老师的店,2026-06-18 13:56:09,web_full,,1
689f4d9d11247e00012dacee,【全文翻译】 英国签证翻译 新西兰签证翻译 全文翻译含盖章签名,low,商品已下架/冻结,299,0.0,WATCH,6848ebf96babe40015b6bf27,UNIVISA甜梦签证的店,2026-06-18 13:34:18,web_full,,1
69aea8c2ac2e1900014fa55c,韩语学习课件+全套资料+备考学习分享,low,商品已下架/冻结,299,0.0,WATCH,69ae755d484e2b00154cf63d,咕噜kqx的店,2026-06-18 13:56:31,web_full,,1
69c4cc2023faf80001796c06,27考研全网课资源：政治英语数学讲义笔记网盘实时更新,low,商品已下架/冻结,297,0.0,WATCH,6979b878a8b3c200153785e8,刷题别停的店,2026-06-18 13:55:29,web_full,,1
69777bb12a96a0000143f07a,26上教资笔试科三简答主观题汇总/电子版,low,商品已下架/冻结,295,0.0,WATCH,6871b8e2518e5b0015b8760b,陶子学姐资料库的店,2026-06-18 13:46:47,web_full,,1
69777bb12a96a0000143f04d,26上教资笔试科三简答主观题汇总/电子版,low,商品已下架/冻结,295,0.0,WATCH,6871b8e2518e5b0015b8760b,陶子学姐资料库的店,2026-06-18 13:47:18,web_full,,1
69dfb324a8edd10001107101,2026高考天星金考卷高考最后一课复习资料！,low,商品已下架/冻结,294,0.0,WATCH,694fe62279d6130015339f5f,皮皮鲁爱学习的店,2026-06-18 14:00:34,web_full,,1
69e5bd68a8edd10001b864d8,26上初中英语教资面试全套资料 含结构化 真题 逐字稿 教案等全套,low,商品已下架/冻结,292,0.0,WATCH,687902481ddc8f0016b10447,爱吃旺仔小馒头的店,2026-06-18 13:34:27,web_full,,1
69d22d47ca15480001bd96de,2026春中考【笔记同款19】高清PDF试题精选,low,商品已下架/冻结,287,0.0,WATCH,67289ed591ee7d0014853b98,东方老师资料的店,2026-06-18 13:42:50,web_full,,1
69ba53597c9c8f00019f55c0,兔子电子资源3.18.12,low,商品已下架/冻结,286,0.0,WATCH,683477ca0378670015c12dc8,好柿花生好运连连的店,2026-06-18 14:04:04,web_full,,1
69ce0077450d060001f5ca5f,高清照片素材720000张壁纸视频文案素材库,low,商品已下架/冻结,285,0.0,WATCH,69bff600e882bd001504afd8,财财3的店的店,2026-06-18 14:16:04,web_full,,1
69fa1ea430d086000181e1dd,2026初级会计考前最新押题PDF电子版课件,low,商品已下架/冻结,282,0.0,WATCH,693e36379e186a0015daeb97,白桃学姐的店,2026-06-18 14:29:24,web_full,,1
68d2c8bab7d62b00016c973a,源文件素材设计专拍,low,商品已下架/冻结,280,0.0,WATCH,6524019e796c030001e284b2,广州斑马文化艺术有限公司的店,2026-06-18 13:47:06,web_full,,1
657872d7319c5c0001bb7f89,手绘简约幼儿园招生儿童学习教育培训海报背景AI矢量设计素材161,low,商品已下架/冻结,280,0.0,WATCH,65674f433ead4f00015b25cc,半夏素材的店,2026-06-18 14:08:29,web_full,,1
68b2a54f8f531300019a9974,26春【课课通+单元卷-2年级-四本套装】,low,商品已下架/冻结,279,0.0,WATCH,6625bd9d9f5b000001da1f51,萌翔图书的店,2026-06-18 14:00:57,web_full,,1
69fcb25aa5715f00011852ca,2026初级会计考前最新押题PDF电子版课件,low,商品已下架/冻结,278,0.0,WATCH,693e36379e186a0015daeb97,白桃学姐的店,2026-06-18 14:00:04,web_full,,1
699ad149c9f5da000133b278,人教版小学英语PEP书3456年级教科课件本上下册第一二学期新版PDF,low,商品已下架/冻结,274,0.0,WATCH,6915517e27d04f00159570f5,成语小全的店,2026-06-18 14:00:41,web_full,,1
699ad149c9f5da000133b290,人教版小学英语PEP书3456年级教科课件本上下册第一二学期新版PDF,low,商品已下架/冻结,274,0.0,WATCH,6915517e27d04f00159570f5,成语小全的店,2026-06-18 14:35:51,web_full,,1
65dc94e47ec2d80001055603,30页潮流复古撞色时尚品牌手册提案作品集lookbook画册ppt模板,low,商品已下架/冻结,271,0.0,WATCH,63b40e89540b790001a2d62e,KKAY DESIGN的店,2026-06-18 14:09:07,web_full,,1
690b0b15c4f891000192a302,26上高中数学教资面试/试讲逐字稿230篇/结构化真题/答辩/教案,low,商品已下架/冻结,269,0.0,WATCH,67cecf8aff29ec0015533f3f,上岸Kitty的店,2026-06-18 14:11:37,web_full,,1
695364417cad4e0001d7e6c2,Sketchup草图大师 含Vray渲染器 Ens渲染器 胚子库 远程安装 教学,low,商品已下架/冻结,266,0.0,WATCH,69204037ffdaed00151bceaa,野屿咔咔的店,2026-06-18 13:34:34,web_full,,1
69c4cc2023faf80001796c09,27考研全网课资源：政治英语数学讲义笔记网盘实时更新,low,商品已下架/冻结,266,0.0,WATCH,6979b878a8b3c200153785e8,刷题别停的店,2026-06-18 13:47:02,web_full,,1
69fc0426294caa0001c20eb4,2026初级会计考前最新押题PDF电子版课件,low,商品已下架/冻结,265,0.0,WATCH,693e36379e186a0015daeb97,白桃学姐的店,2026-06-18 13:47:56,web_full,,1
69b0d9509b4aae0001e0b78e,2026春版小学电子版PDF资料【笔记同款【21】】,low,商品已下架/冻结,261,0.0,WATCH,684916dbcdee0b0015997241,林妙妙的资料铺的店,2026-06-18 13:34:32,web_full,,1
62a95477205083000199c6a1,3D动态文本无缝循环创意LOGO艺术文字排版海报字幕设计AE模板,low,商品已下架/冻结,261,0.0,WATCH,62a94933ad198d00019150ac,思酷科技设计师的店,2026-06-18 14:08:47,web_full,,1
69c023867c9c8f00012fd7f1,【拍下秒发】医学类习题集合集,low,商品已下架/冻结,259,0.0,WATCH,69ad8a8f3f35ee001531e8c7,医学生服务站的店,2026-06-18 14:00:50,web_full,,1
69c3e1a5ff00dc00014ec5b5,【拍下秒发】医学类习题集合集,low,商品已下架/冻结,259,0.0,WATCH,69ad8a8f3f35ee001531e8c7,医学生服务站的店,2026-06-18 14:34:35,web_full,,1
694e583181623200159e9e0a,乡村振兴ppt模板高级感创赛绿色挑战杯互联网加乡村建设项目资料,low,商品已下架/冻结,257,0.0,WATCH,68eb26832e2fd900159d2769,王老师备课小站的店,2026-06-18 14:36:12,web_full,,1
69c4ed4623faf8000183254e,2027政治多机构老师全程班视频课程资料,low,商品已下架/冻结,255,0.0,WATCH,68636ffe26bb9c00156d5962,小八爱学习ing的店,2026-06-18 13:34:26,web_full,,1
6780be9777d41e000128f609,雅思三难度PPT课件听力阅读阅读写作四模块 ppt讲义电子,low,商品已下架/冻结,253,0.0,WATCH,67317b0291ee7d001485aff1,苏木老师的店,2026-06-18 13:56:26,web_full,,1
69ddad1e8ca4f4000191998d,笔记同款（27考研全套资料）包售后,low,商品已下架/冻结,252,0.0,WATCH,69a3e9831f58aa001518cf7a,不做小困包喔的店,2026-06-18 13:57:28,web_full,,1
698c971ea60bac00018a9f1e,韩语新闻听读素材库-韩媒新闻持续更新-音视频文字讲解,low,商品已下架/冻结,252,0.0,WATCH,67fa8111e0015b001550307c,阿真的韩语学习宝藏的店,2026-06-18 14:00:02,web_full,,1
69ddad1e8ca4f40001919990,笔记同款（27考研全套资料）包售后,low,商品已下架/冻结,252,0.0,WATCH,69a3e9831f58aa001518cf7a,不做小困包喔的店,2026-06-18 14:15:34,web_full,,1
69def869c41f7e000135dca7,笔记同款（27考研全套资料）包售后,low,商品已下架/冻结,251,0.0,WATCH,69a3e9831f58aa001518cf7a,不做小困包喔的店,2026-06-18 14:11:51,web_full,,1
693d30d40ae009000143e412,PDF阅读软件【苹果/安卓/ipad/平板/电脑】,low,商品已下架/冻结,249,0.0,WATCH,68628b6f3c9dc80015acba09,MoGu宝藏小铺的店,2026-06-18 13:34:30,web_full,,1
6862d69647fd8b0001762a7e,201|室内设计家具设计产品设计文创设计可编辑模板A1A3 90x120,low,商品已下架/冻结,249,0.0,WATCH,6634ee13a275880001dc0270,好好设计天天搬砖的店,2026-06-18 13:34:54,web_full,,1
695395886fadb70001b6827e,人教版高中各科寒假衔接讲义高一二寒假练习复习预习电子版,low,商品已下架/冻结,247,0.0,WATCH,662cc4fe7d1a5000010387a8,称心资料馆的店,2026-06-18 13:34:38,web_full,,1
699d63a842ce000001ccaa4e,人教版初中数学初一二三789年级上下册书教科课件本电子版打印PDF,low,商品已下架/冻结,246,0.0,WATCH,6915517e27d04f00159570f5,成语小全的店,2026-06-18 14:03:21,web_full,,1
6937d30dbf02330001c6f192,58款超实用简约求职简历模板通用版文档word模板素材办公模板D010,low,商品已下架/冻结,244,0.0,WATCH,640ef98d3ce59d00010c70c1,一颗菜菜花的店,2026-06-18 13:52:57,web_full,,1
69c00519e6196b000105c5f2,找文txt下载知乎番茄故事会,low,商品已下架/冻结,243,0.0,WATCH,69be1650bf7b6b00164096f9,好事花生ftx的店,2026-06-18 14:11:38,web_full,,1
691ead5c4a176600012fb56d,2026版人教版高中英语必刷题电子版高一高二同步狂K重点答案解析,low,商品已下架/冻结,242,0.0,WATCH,6689417b8d162000018aa5b7,博文学长咨询的店,2026-06-18 13:34:34,web_full,,1
69fab2908c2c230001299eaf,26中级会计多机构网课｜讲义｜资料｜教材｜持续更新｜附赠25全套,low,商品已下架/冻结,241,0.0,WATCH,69a797c65aeaa900152a1e14,我不是漫神的店,2026-06-18 14:11:45,web_full,,1
68f071a38aa5760001efcd35,已公开人物合集-电子资源模板,low,商品已下架/冻结,241,0.0,WATCH,68240071336f1f001588cd0b,冰岛荔枝的店,2026-06-18 14:30:38,web_full,,1
6603f380d4bfd400016a6473,phone1415样机界面毕设UI交互展示视频动效ae模板源文件素材,low,商品已下架/冻结,240,0.0,WATCH,657ac07ea02cc10001f17f13,鲸人视频制作的店,2026-06-18 13:34:36,web_full,,1
637a83132d19c30001c0556a,黄冈全优达标卷一二三四五年级上下册语文数学英语单元期中期末卷,low,商品已下架/冻结,237,0.0,WATCH,6372dc1c83f0d000019e3f11,佳佳学霸图书店的店,2026-06-18 14:15:30,web_full,,1
677fe369509bdf0001d235b1,VMware虚拟机安装包Pro17/16/15/14/12密钥Fusion13许可证激活码,low,商品已下架/冻结,235,0.0,WATCH,677f58eeb2441a00153ed2bf,汇贤教育的店,2026-06-18 14:07:39,web_full,,1
677fe369509bdf0001d235ae,VMware虚拟机安装包Pro17/16/15/14/12密钥Fusion13许可证激活码,low,商品已下架/冻结,235,0.0,WATCH,677f58eeb2441a00153ed2bf,汇贤教育的店,2026-06-18 14:08:26,web_full,,1
698959d8a60bac00013fcdbd,沪教版12345年级牛津版英语小学英语课件教案电子书高清无水印PDF,low,商品已下架/冻结,235,0.0,WATCH,6915517e27d04f00159570f5,成语小全的店,2026-06-18 14:16:50,web_full,,1
69b900ef11534f00015ba9e5,英语四级备考资料 前100名 6折,low,商品已下架/冻结,233,0.0,WATCH,6617bbdeaeebf80001562e3e,小杨福利官的店,2026-06-18 13:40:34,web_full,,1
678d0a6829b9f70001d99f52,25普通话考试电子版资料全国通用/真题.音频.视频.命题范文,low,商品已下架/冻结,233,0.0,WATCH,66855f0387834d0001646440,万能魔方素材盒的店,2026-06-18 14:01:14,web_full,,1
69426a54bb7676001550d141,早读神器音浪球声控跳动小球源文件希沃PPT可用吸引学生上课素材,low,商品已下架/冻结,233,0.0,WATCH,68c93a25157e370015f0d1b0,小李资料馆的店,2026-06-18 14:36:18,web_full,,1
69268c03f735ce00158ec325,上海沪教版小学一课一练英语文数学基础增强版PDF电子设计素材,low,商品已下架/冻结,232,0.0,WATCH,6458ce99ebbcb2000136485f,源泉资料巷的店,2026-06-18 13:47:03,web_full,,1
69b622515e5f0500016965b6,上海沪教版小学一课一练英语文数学基础增强版PDF电子设计素材,low,商品已下架/冻结,232,0.0,WATCH,6458ce99ebbcb2000136485f,源泉资料巷的店,2026-06-18 14:08:08,web_full,,1
69ddad1e8ca4f40001919993,笔记同款（27考研全套资料）包售后,low,商品已下架/冻结,229,0.0,WATCH,69a3e9831f58aa001518cf7a,不做小困包喔的店,2026-06-18 13:34:27,web_full,,1
6964e6e2ce1e9f00018265c0,外研新交际英语一二年级上册期中期末试题试卷单元测试同步练习,low,商品已下架/冻结,227,0.0,WATCH,674474022d7a770015373129,新教材资源的店,2026-06-18 14:35:56,web_full,,1
69df5b98933b0300013b19a1,2026春小学电子版资料（笔记同款63）,low,商品已下架/冻结,226,0.0,WATCH,68ea1b7e3b282d00238a6dbf,闪电知识解忧的店,2026-06-18 14:30:28,web_full,,1
69df5b98933b0300013b1998,2026春小学电子版资料（笔记同款63）,low,商品已下架/冻结,225,0.0,WATCH,68ea1b7e3b282d00238a6dbf,闪电知识解忧的店,2026-06-18 14:16:05,web_full,,1
69df5b98933b0300013b199b,2026春小学电子版资料（笔记同款63）,low,商品已下架/冻结,225,0.0,WATCH,68ea1b7e3b282d00238a6dbf,闪电知识解忧的店,2026-06-18 14:17:07,web_full,,1
69c93c634ae1e70001783b69,2026春笔记同款SX学林卷小学语文数学英语123456年级下册电子资料,low,商品已下架/冻结,225,0.0,WATCH,6842f13e36835a0015712d8a,智诚教辅的店,2026-06-18 14:20:06,web_full,,1
69fee6476eeaf70001f15724,2026初级会计735押题卷电子资料pdf打印,low,商品已下架/冻结,225,0.0,WATCH,68d8a13cabd65900150c8ef5,锦鲤的学院的店,2026-06-18 14:29:24,web_full,,1
68f89456ce94ee00015fc8a1,27/26考研网课全套资料（包含sz格式播放器）,low,商品已下架/冻结,223,0.0,WATCH,68e2475b0c2692001592c2ce,路遥师姐爱学习的店,2026-06-18 13:34:20,web_full,,1
69e5f3346e461600016b646f,26上教资面试试讲逐字稿题库app/赠送结构化题库（限时特价9.9）,low,商品已下架/冻结,223,0.0,WATCH,6895cda9aa6c400015ce55f7,小熊学姐资料库的店,2026-06-18 13:51:06,web_full,,1
69b900ef11534f00015ba9e8,英语四级备考资料 前100名 6折,low,商品已下架/冻结,221,0.0,WATCH,6617bbdeaeebf80001562e3e,小杨福利官的店,2026-06-18 13:34:25,web_full,,1
69d4ee5719f8df00159d2d58,幼儿迷宫，思维判断，2600套pdf早教资料 · 默认,low,商品已下架/冻结,220,0.0,WATCH,687a2759879f480015dcdb2c,派大行虚拟素材店的店,2026-06-18 13:39:47,web_full,,1
69e1b01e4dd26e00017a506b,2026新人教版英语九年级上册电子教材,low,商品已下架/冻结,220,0.0,WATCH,67e49ddb617788001506d48b,英语杰西老师的店,2026-06-18 14:35:42,web_full,,1
69df5b98933b0300013b1986,2026春小学电子版资料（笔记同款63）,low,商品已下架/冻结,219,0.0,WATCH,68ea1b7e3b282d00238a6dbf,闪电知识解忧的店,2026-06-18 13:47:53,web_full,,1
64f619250599570001291a16,30款梦幻光影抽象迷幻复古棱镜光斑艺术海报背景底纹高清图片素材,low,商品已下架/冻结,219,0.0,WATCH,63b40e89540b790001a2d62e,KKAY DESIGN的店,2026-06-18 14:25:00,web_full,,1
69f31682c61d3a00017e8e30,26上教资面试结构化试讲答辩资料包,low,商品已下架/冻结,218,0.0,WATCH,6885f39c9805250015d29caf,柚子味儿泡芙的店,2026-06-18 13:46:42,web_full,,1
681e55359653670001eb7bb1,32款黑白纹理做旧扫描仪光束颗粒噪点滤镜正片叠底背景图片素材,low,商品已下架/冻结,218,0.0,WATCH,63b40e89540b790001a2d62e,KKAY DESIGN的店,2026-06-18 14:25:02,web_full,,1
6840f5a7d0c85b00015ac591,162款餐饮美食五连图美团外卖火锅烧烤banner长图海报psd设计素材,low,商品已下架/冻结,217,0.0,WATCH,67407e04f53f0a0015c9c33f,悠筱素材模板的店,2026-06-18 14:00:16,web_full,,1
69e992cb21e0870001cbf1eb,知网万方维普文献资料下载教程,low,商品已下架/冻结,217,0.0,WATCH,68eca71ab6f1440015b26811,栖西学术知识的店的店,2026-06-18 14:07:36,web_full,,1
69e5f3346e461600016b646c,26上教资面试试讲逐字稿题库app/赠送结构化题库（限时特价9.9）,low,商品已下架/冻结,214,0.0,WATCH,6895cda9aa6c400015ce55f7,小熊学姐资料库的店,2026-06-18 13:46:42,web_full,,1
6825df4f0e1038000183feee,简约白色商务会议展板抽象几何纹理宣传海报背景ai矢量设计素材,low,商品已下架/冻结,212,0.0,WATCH,6724f91245465d00159e69f0,不晚设计资源的店,2026-06-18 14:00:16,web_full,,1
69e62170933b0300013f42b7,预售2026高考王后雄/天星押题卷押题卷（电子版）全版,low,商品已下架/冻结,211,0.0,WATCH,697e0bfe3a266700155cf24c,智绘资料屋的店,2026-06-18 14:15:34,web_full,,1
69830b1b8a783800155cc3e0,BIM-Revit房建筑建模软件实操培训视频教程土建工程创建图纸 · 默认,low,商品已下架/冻结,210,0.0,WATCH,687a2759879f480015dcdb2c,派大行虚拟素材店的店,2026-06-18 13:35:26,web_full,,1
68d01a8b9c4f880001f936c5,资料分析千题册3.0（2026年版）,low,商品已下架/冻结,209,0.0,WATCH,68ccc13761cdad001594b3d1,天明考公的店,2026-06-18 13:34:19,web_full,,1
6981bf3bd5afea0001c9ece8,一二三四五六年级一本数学思维训练PDF打印网盘,low,商品已下架/冻结,209,0.0,WATCH,6952a2163f35ee00157712fb,懒人资料库的店,2026-06-18 13:43:56,web_full,,1
697b27b4f0c4840001392ead,30000+儿童绘本故事电子版ppt 绘本高清品质 幼儿园小学资料12365,low,商品已下架/冻结,207,0.0,WATCH,69708223c857a00016306bab,一家补给站的店,2026-06-18 14:03:11,web_full,,1
69b8bfa11ea1a80001f55d38,2026春版小学电子版资料PDF（笔记同款149B版）,low,商品已下架/冻结,205,0.0,WATCH,684e7a10b47d530015d659d5,栗子老师的知识库的店,2026-06-18 13:34:33,web_full,,1
683a5f4e8a6cef0001c54d8a,168款美妆护肤化妆品美容院高端广告单页宣传海报PSD设计素材模板,low,商品已下架/冻结,205,0.0,WATCH,67407e04f53f0a0015c9c33f,悠筱素材模板的店,2026-06-18 13:43:24,web_full,,1
68e4f04db56f160001e3938d,蓝色科技感线条会议峰会展板主视觉KV矢量AI背景素材PPT背景图,low,商品已下架/冻结,205,0.0,WATCH,6724f91245465d00159e69f0,不晚设计资源的店,2026-06-18 13:52:01,web_full,,1
69c22d16a20c210001f1efe3,30000+儿童绘本故事电子版ppt 绘本高清品质 幼儿园小学资料12365,low,商品已下架/冻结,203,0.0,WATCH,69708223c857a00016306bab,一家补给站的店,2026-06-18 14:08:29,web_full,,1
68c918e120de3e000131f70b,中小学生作文集模板排版背景封皮作品集封面设计儿童打印素材word,low,商品已下架/冻结,198,0.0,WATCH,686c8db764ee13001575d3aa,一然素材的店,2026-06-18 13:46:35,web_full,,1
68e22cd317d8080001652c57,新款简约婚礼迎宾海报影楼婚庆结婚海报X展架易拉宝PSD模板a002,low,商品已下架/冻结,198,0.0,WATCH,673cb33b2ab06500156a726b,彼方设计素材的店,2026-06-18 14:08:36,web_full,,1
69fca77298ac430001fc5337,【果果id】应用游戏更新一次性-长期共享-独享虚拟共享PPT排版模,low,商品已下架/冻结,198,0.0,WATCH,69e8b3e56ad7ba0015367094,潇飞云端工具小站的店,2026-06-18 14:11:54,web_full,,1
67fdebb42a334f00011aaed8,游戏渲染动画特效设计工作站GPU4090/5090/5080显卡远程渲染农场,low,商品已下架/冻结,196,0.0,WATCH,67f7543391b7fc001575d198,超算云计算的店,2026-06-18 14:11:43,web_full,,1
6803343088ebcc0001a358c0,游戏渲染动画特效设计工作站GPU4090/5090/5080显卡远程渲染农场,low,商品已下架/冻结,194,0.0,WATCH,67f7543391b7fc001575d198,超算云计算的店,2026-06-18 13:40:36,web_full,,1
6519aa168ab55300016cc8d4,复古潮流克罗心chrome金属哥特朋克设计西文字体包素材,low,商品已下架/冻结,194,0.0,WATCH,63b40e89540b790001a2d62e,KKAY DESIGN的店,2026-06-18 14:09:06,web_full,,1
67e2b93393132e0001e4d1e4,ppt·广西壮族三月三壮族文化介绍PPT（20页）含演讲稿,low,商品已下架/冻结,191,0.0,WATCH,67b6ca7e6d87470015dcef16,小小呗PPT原创课件的店,2026-06-18 14:12:17,web_full,,1
680a3e9442866400015df0c9,幼儿园三班六班九班建筑设计方案SU模型CAD图纸效果图作品案例,low,商品已下架/冻结,187,0.0,WATCH,67c51e0e59cc350015bfb7b8,喜柿素材的店,2026-06-18 13:43:39,web_full,,1
69b22c9bb8ecfa00157c7d52,上海小学语数英1-5年级上下册课练电子版资料（可单拍）不发快递,low,商品已下架/冻结,184,0.0,WATCH,6824a9ad2e0d130015825ff7,易赢教育的店,2026-06-18 14:03:32,web_full,,1
69f19d21a54aee00012e873d,【秒发】《维他命韩国语》英韩双语 1-6册全套（含听力）,low,商品已下架/冻结,184,0.0,WATCH,69285a0012c10d0015eaf4c6,小知的韩语笔记的店,2026-06-18 14:29:21,web_full,,1
662b657d1d89000001eadf41,金麟世家·24春单元测试卷全优冲刺100分1-6年级上下册教材期末复习测试卷,low,商品已下架/冻结,183,0.0,WATCH,6522342c7fa15200013b6ea5,金麟世家世净专卖店,2026-06-18 13:39:05,web_full,,1
6463b465db9efc00017efb34,黑白现代简约空间建筑室内设计项目计划提案作品集排版ppt模版,low,商品已下架/冻结,183,0.0,WATCH,63b40e89540b790001a2d62e,KKAY DESIGN的店,2026-06-18 14:09:06,web_full,,1
662b656ebace2a00012e8be8,金麟世家·24春单元测试卷全优冲刺100分1-6年级上下册教材期末复习测试卷,low,商品已下架/冻结,183,0.0,WATCH,6522342c7fa15200013b6ea5,金麟世家世净专卖店,2026-06-18 14:15:36,web_full,,1
662b65747feea700015df0fd,金麟世家·24春单元测试卷全优冲刺100分1-6年级上下册教材期末复习测试卷,low,商品已下架/冻结,183,0.0,WATCH,6522342c7fa15200013b6ea5,金麟世家世净专卖店,2026-06-18 14:34:51,web_full,,1
6679a1495edb1d00016320d9,咖啡厅CAD平面图合集,low,商品已下架/冻结,182,0.0,WATCH,6450c1d8275ad10001a2fd76,慢慢设计的店,2026-06-18 13:34:54,web_full,,1
69f19d21a54aee00012e8740,【秒发】《维他命韩国语》英韩双语 1-6册全套（含听力）,low,商品已下架/冻结,182,0.0,WATCH,69285a0012c10d0015eaf4c6,小知的韩语笔记,2026-06-18 14:00:01,web_full,,1
69f4b6a86eeaf70001051fda,26版高考临考预测卷全国各地专版PDF,low,商品已下架/冻结,181,0.0,WATCH,687df4c130520f001585e024,懒人学习搭子的店,2026-06-18 14:00:59,web_full,,1
67edea2aee8f09000114b07d,27考研网课数学政治英语全程更新教育学心理学计算机法硕历史护理,low,商品已下架/冻结,180,0.0,WATCH,67e80b3473899e0015b393da,屋里考研的店,2026-06-18 13:47:13,web_full,,1
69f19d21a54aee00012e8746,【秒发】《维他命韩国语》英韩双语 1-6册全套（含听力）,low,商品已下架/冻结,180,0.0,WATCH,69285a0012c10d0015eaf4c6,小知的韩语笔记的店,2026-06-18 13:56:29,web_full,,1
69fe52a49a289f0015668445,【正版新书】 现代幼儿文学教程 卢红博 编著 编 哈尔滨工业大学,low,商品已下架/冻结,178,0.0,WATCH,697a079d8ab5a80015f60a3c,页间集图书馆的店,2026-06-18 13:39:24,web_full,,1
6a020b269a289f001581434a,【正版新书】 大师语文多说与少说 凤凰出版社 叶圣陶 著作 著,low,商品已下架/冻结,178,0.0,WATCH,697a079d8ab5a80015f60a3c,页间集图书馆的店,2026-06-18 13:39:25,web_full,,1
6a0358c4a545700015d7dfdb,【正版新书】 会展策划与管理 华中科技大学出版社 许传宏 著,low,商品已下架/冻结,178,0.0,WATCH,697a079d8ab5a80015f60a3c,页间集图书馆的店,2026-06-18 13:39:27,web_full,,1
6a0363b5964c0f001542a1ca,【正版新书】 小学生必背古诗词 汉语大字典编纂处 编著 四川辞书,low,商品已下架/冻结,178,0.0,WATCH,697a079d8ab5a80015f60a3c,页间集图书馆的店,2026-06-18 13:39:27,web_full,,1
6a020b3ea553c30015a1ba5c,【正版新书】 体验英语少儿阅读文库 Set F 文体读写 高等教育出,low,商品已下架/冻结,178,0.0,WATCH,697a079d8ab5a80015f60a3c,页间集图书馆的店,2026-06-18 13:39:27,web_full,,1
69fcbe09891c6a0016f9bf65,【正版新书】 AIGC商务数据分析与应用 人民邮电出版社 张珺刘娟,low,商品已下架/冻结,178,0.0,WATCH,697a079d8ab5a80015f60a3c,页间集图书馆的店,2026-06-18 13:39:27,web_full,,1
69fcc118d75f8f001582e115,【正版新书】 GBT 9704-2012党政机关公文格式国家标准应用指南,low,商品已下架/冻结,178,0.0,WATCH,697a079d8ab5a80015f60a3c,页间集图书馆的店,2026-06-18 13:39:28,web_full,,1
69fcc22a2f72a600155e276a,【正版新书】 汉语音韵讲义 丁声树李荣 著 上海教育出版社,low,商品已下架/冻结,178,0.0,WATCH,697a079d8ab5a80015f60a3c,页间集图书馆的店,2026-06-18 13:39:28,web_full,,1
69fe51938a783800156afd18,【正版新书】 四川省建筑与市政工程岩土工程勘察常见疑难问题解,low,商品已下架/冻结,178,0.0,WATCH,697a079d8ab5a80015f60a3c,页间集图书馆的店,2026-06-18 13:39:28,web_full,,1
69fe56e279e4100015721d85,【正版新书】 初中语文说课指导 丁卫军 编 江西教育出版社,low,商品已下架/冻结,178,0.0,WATCH,697a079d8ab5a80015f60a3c,页间集图书馆的店,2026-06-18 13:39:28,web_full,,1
6a035f1db8ecfa00151b8e15,【正版新书】 金色丰碑 沈石溪 著起点插画 绘 著 长江少年儿童出,low,商品已下架/冻结,178,0.0,WATCH,697a079d8ab5a80015f60a3c,页间集图书馆的店,2026-06-18 13:39:28,web_full,,1
69fb6fc32e7f630015c30382,【正版新书】 职业教育新形态教材开发指南 北京理工大学出版社,low,商品已下架/冻结,178,0.0,WATCH,697a079d8ab5a80015f60a3c,页间集图书馆的店,2026-06-18 13:39:35,web_full,,1
69fb71fd16b37a0015119a97,【正版新书】 MTI翻译基础高分技巧与真题解析 中国人民大学出版,low,商品已下架/冻结,178,0.0,WATCH,697a079d8ab5a80015f60a3c,页间集图书馆的店,2026-06-18 13:39:36,web_full,,1
69fe487dab3c85001589c8c3,【正版新书】 飞跃—汉语中级教程 学生用书（下册） 林柏松于岚,low,商品已下架/冻结,178,0.0,WATCH,697a079d8ab5a80015f60a3c,页间集图书馆的店,2026-06-18 13:39:36,web_full,,1
6a0357dae3af9900155b80ce,【正版新书】 民族地区智慧幼儿园建设对策研究 张海昕 著 中央民,low,商品已下架/冻结,178,0.0,WATCH,697a079d8ab5a80015f60a3c,页间集图书馆的店,2026-06-18 13:39:36,web_full,,1
69fe4dd611535800153d4e15,【正版新书】 中国优异作物种质资源开发与利用图鉴四川卷 杨武云,low,商品已下架/冻结,178,0.0,WATCH,697a079d8ab5a80015f60a3c,页间集图书馆的店,2026-06-18 13:39:39,web_full,,1
69fb6edccf37170015f0f781,【正版新书】 给孩子的手绘中国历史 西周春秋 江苏凤凰科学技术,low,商品已下架/冻结,178,0.0,WATCH,697a079d8ab5a80015f60a3c,页间集图书馆的店,2026-06-18 13:39:40,web_full,,1
69fb72cf891c6a0016f10f32,【正版新书】 基于学科核心素养的中学物理教学设计与案例研究 罗,low,商品已下架/冻结,178,0.0,WATCH,697a079d8ab5a80015f60a3c,页间集图书馆的店,2026-06-18 13:39:40,web_full,,1
69fb6c480775cd0015944024,【正版新书】 概率论与数理统计教程 第4版 高等教育出版社 茆诗,low,商品已下架/冻结,178,0.0,WATCH,697a079d8ab5a80015f60a3c,页间集图书馆的店,2026-06-18 13:39:40,web_full,,1
69cd57b1f1fe0f001580da5c,【正版新书】 地热能开发利用典型工程案例 中国建设科技出版社有,low,商品已下架/冻结,178,0.0,WATCH,697a079d8ab5a80015f60a3c,页间集图书馆的店,2026-06-18 13:40:26,web_full,,1
69e270ec837dc500162b674b,【正版新书】 Python机器学习 数据建模与分析 薛薇 等 著 机械工,low,商品已下架/冻结,178,0.0,WATCH,697a079d8ab5a80015f60a3c,页间集图书馆的店,2026-06-18 13:40:26,web_full,,1
698f7b8a7bbc820015969739,【正版新书】 当代中国小说残疾书写的叙事伦理研究 南京大学出版,low,商品已下架/冻结,178,0.0,WATCH,697a079d8ab5a80015f60a3c,页间集图书馆的店,2026-06-18 13:40:26,web_full,,1
69d69150be1ced0015cd41d3,【正版新书】 施工总承包企业特级资质申报指南 尤完李志波王信伟,low,商品已下架/冻结,178,0.0,WATCH,697a079d8ab5a80015f60a3c,页间集图书馆的店,2026-06-18 13:40:26,web_full,,1
69e26d27d9bb890015b47c5c,【正版新书】 中小学语文教材同步科普分级阅读神奇的昆虫世界 王,low,商品已下架/冻结,178,0.0,WATCH,697a079d8ab5a80015f60a3c,页间集图书馆的店,2026-06-18 13:40:27,web_full,,1
697e5815c0b0790015ed88a5,【正版新书】 艾宾浩斯记忆法漫画版 延边大学出版社 张国奎 著,low,商品已下架/冻结,178,0.0,WATCH,697a079d8ab5a80015f60a3c,页间集图书馆的店,2026-06-18 13:40:27,web_full,,1
69dd24d4c3771c001500869f,【正版新书】 新闻理论教程 第5版 杨保军 著 中国人民大学出版社,low,商品已下架/冻结,178,0.0,WATCH,697a079d8ab5a80015f60a3c,页间集图书馆的店,2026-06-18 13:40:28,web_full,,1
69adc3c519f8df00158bfab3,【正版新书】 中国好小说短篇卷 2022中国年度优秀短篇小说选 小,low,商品已下架/冻结,178,0.0,WATCH,697a079d8ab5a80015f60a3c,页间集图书馆的店,2026-06-18 13:40:28,web_full,,1
69af0d66e30b940015cbae05,【正版新书】 2022-2023年宁波纺织服装产业发展报告 魏明裘晓雯,low,商品已下架/冻结,178,0.0,WATCH,697a079d8ab5a80015f60a3c,页间集图书馆的店,2026-06-18 13:40:29,web_full,,1
69c036f619f8df0015ab428f,【正版新书】 概率论与数理统计 第5版+习题全解指南  高等教育出,low,商品已下架/冻结,178,0.0,WATCH,697a079d8ab5a80015f60a3c,页间集图书馆的店,2026-06-18 13:40:29,web_full,,1
69f63f3b9a289f00153165e3,【正版新书】 华东师范大学第二附属终须语文深度阅读 中册 上海,low,商品已下架/冻结,178,0.0,WATCH,697a079d8ab5a80015f60a3c,页间集图书馆的店,2026-06-18 13:40:29,web_full,,1
69d540fff1fe0f0015f83b96,【正版新书】 安全生产专业实务习题集 建筑施工安全 2024版 应急,low,商品已下架/冻结,178,0.0,WATCH,697a079d8ab5a80015f60a3c,页间集图书馆的店,2026-06-18 13:40:30,web_full,,1
69879579c3604d0015c7d4c6,【正版新书】 学校思政课课程设置历史与规律研究 曲凯梁 著 著,low,商品已下架/冻结,178,0.0,WATCH,697a079d8ab5a80015f60a3c,页间集图书馆的店,2026-06-18 13:40:30,web_full,,1
69b6fd3a62c5c00015e05eb3,【正版新书】 中学音乐教师教学技能 芦康娥 编 陕西师范大学出版,low,商品已下架/冻结,178,0.0,WATCH,697a079d8ab5a80015f60a3c,页间集图书馆的店,2026-06-18 13:40:30,web_full,,1
69cd54d0b113e40015ad4432,【正版新书】 美国小学英语 美埃尔松美格莱 编著辛媛媛 译 中国,low,商品已下架/冻结,178,0.0,WATCH,697a079d8ab5a80015f60a3c,页间集图书馆的店,2026-06-18 13:40:31,web_full,,1
6984f218be1ced0015f6a11a,【正版新书】 “学练赛评”视角下中学体育课高质量发展的实践 刘,low,商品已下架/冻结,178,0.0,WATCH,697a079d8ab5a80015f60a3c,页间集图书馆的店,2026-06-18 13:40:32,web_full,,1
6994b4c828de7400156a15f1,【正版新书】 中南财经政法大学课程思政优秀案例选编第三辑 侯振,low,商品已下架/冻结,178,0.0,WATCH,697a079d8ab5a80015f60a3c,页间集图书馆的店,2026-06-18 13:40:32,web_full,,1
69ab224c964c0f0015cbe8f1,【正版新书】 漫画古诗词——四时气象 吉林科学技术出版社 刘芳,low,商品已下架/冻结,178,0.0,WATCH,697a079d8ab5a80015f60a3c,页间集图书馆的店,2026-06-18 13:40:32,web_full,,1
69adbe0b431c660015deea8f,【正版新书】 中国传统文化教育全国中小学实验教材教师用书 三字,low,商品已下架/冻结,178,0.0,WATCH,697a079d8ab5a80015f60a3c,页间集图书馆的店,2026-06-18 13:40:33,web_full,,1
69e8f2469a289f0015a21082,【正版新书】 完美怀孕胎教方案 中国人口出版社 夏颖丽 编,low,商品已下架/冻结,178,0.0,WATCH,697a079d8ab5a80015f60a3c,页间集图书馆的店,2026-06-18 13:40:33,web_full,,1
69f641fc16b37a0015ef4aeb,【正版新书】 彩图版李毓佩数学故事 冒险系列 小眼镜时空历险记,low,商品已下架/冻结,178,0.0,WATCH,697a079d8ab5a80015f60a3c,页间集图书馆的店,2026-06-18 13:40:34,web_full,,1
69ac6fad0775cd0015d6c719,【正版新书】 装配式混凝土建筑施工 侯新宇姜国庆 编 清华大学出,low,商品已下架/冻结,178,0.0,WATCH,697a079d8ab5a80015f60a3c,页间集图书馆的店,2026-06-18 13:40:35,web_full,,1
69ea5b66c0b0790015330be3,【正版新书】 吃掉数学 4年级 张淑娟 著 河北大学出版社,low,商品已下架/冻结,178,0.0,WATCH,697a079d8ab5a80015f60a3c,页间集图书馆的店,2026-06-18 13:40:35,web_full,,1
69f23d4962c5c00015bc62de,【正版新书】 新版粗心怎么办——减少小学生粗心问题的180个游戏,low,商品已下架/冻结,178,0.0,WATCH,697a079d8ab5a80015f60a3c,页间集图书馆的店,2026-06-18 13:40:35,web_full,,1
6999f8d064c86a001533964a,【正版新书】 创美行远 幼儿园创美教育活动的蝶变之路 文汇出版,low,商品已下架/冻结,178,0.0,WATCH,697a079d8ab5a80015f60a3c,页间集图书馆的店,2026-06-18 13:40:36,web_full,,1
699f43fc7bbc820015c02986,【正版新书】 江西省新文科发展报告2021 梅国平 编 江西人民出版,low,商品已下架/冻结,178,0.0,WATCH,697a079d8ab5a80015f60a3c,页间集图书馆的店,2026-06-18 13:42:19,web_full,,1
69e3c1e016b37a0015e84b81,【正版新书】 预科汉语强化教程系列综合练习册 3 王尧美李安杜文,low,商品已下架/冻结,178,0.0,WATCH,697a079d8ab5a80015f60a3c,页间集图书馆的店,2026-06-18 13:42:21,web_full,,1
699f3edc63db6a0015d2a7de,【正版新书】 英语教学的多维体系建构及创新研究 李冬艳 著 吉林,low,商品已下架/冻结,178,0.0,WATCH,697a079d8ab5a80015f60a3c,页间集图书馆的店,2026-06-18 13:42:22,web_full,,1
68d390807ac09e00011bf687,26版法考资料 客观题精讲真题背诵卷各机构PDF电子版 源文件,low,商品已下架/冻结,177,0.0,WATCH,68ce9ed612892e00154dc0cd,小X上岸版的店,2026-06-18 13:47:43,web_full,,1
66cb2e54eb684000013ccd00,住宅小区高层底层SU模型景洋房底商观配景楼房建筑设计草图大师,low,商品已下架/冻结,177,0.0,WATCH,65e4271e0d7eaa000186d8b0,i素材管家的店,2026-06-18 14:01:06,web_full,,1
69d7e29362c5c000154ce965,【正版新书】 浙江省化妆品产业高质量发展报告 中国经济出版社,low,商品已下架/冻结,176,0.0,WATCH,697a079d8ab5a80015f60a3c,页间集图书馆的店,2026-06-18 13:35:05,web_full,,1
69dbd33ce3af9900150af039,【正版新书】 数学分析三第二版 科学出版社 耿堤 等 编 编,low,商品已下架/冻结,176,0.0,WATCH,697a079d8ab5a80015f60a3c,页间集图书馆的店,2026-06-18 13:35:05,web_full,,1
69de775cc3604d0015c1f645,【正版新书】 SQL Server2008数据库应用与开发教程 机械工业出版,low,商品已下架/冻结,176,0.0,WATCH,697a079d8ab5a80015f60a3c,页间集图书馆的店,2026-06-18 13:35:05,web_full,,1
69de7800f89e9d001501ccc3,【正版新书】 紫雨的文言课 统编教材小学文言14篇文本解读及教学,low,商品已下架/冻结,176,0.0,WATCH,697a079d8ab5a80015f60a3c,页间集图书馆的店,2026-06-18 13:35:05,web_full,,1
69efa56b16b37a0015bd4e47,【正版新书】 新国标英语分级阅读 1年级 第3辑1-5 上海外语教育,low,商品已下架/冻结,176,0.0,WATCH,697a079d8ab5a80015f60a3c,页间集图书馆的店,2026-06-18 13:35:06,web_full,,1
69f4e72a891c6a0016c76333,【正版新书】 小学生速查字典 华语教学出版社 说词解字辞书研究,low,商品已下架/冻结,176,0.0,WATCH,697a079d8ab5a80015f60a3c,页间集图书馆的店,2026-06-18 13:35:06,web_full,,1
69fa1b7ff1fe0f001520bea1,【正版新书】 大学意大利语教程2教师用书 外语教学与研究出版社,low,商品已下架/冻结,176,0.0,WATCH,697a079d8ab5a80015f60a3c,页间集图书馆的店,2026-06-18 13:35:06,web_full,,1
69f640b06acf67001534c355,【正版新书】 七田真全脑开发练习册 专注力与记忆力 3~4岁3册 日,low,商品已下架/冻结,176,0.0,WATCH,697a079d8ab5a80015f60a3c,页间集图书馆的店,2026-06-18 13:35:06,web_full,,1
69da881cb113e40015cf051a,【正版新书】 5-6岁超有趣的数学游戏 中国纺织出版社有限公司 科,low,商品已下架/冻结,176,0.0,WATCH,697a079d8ab5a80015f60a3c,页间集图书馆的店,2026-06-18 13:35:06,web_full,,1
69dbd81d9a289f0015ff38df,【正版新书】 三维游戏建模项目式教程 钟月云田玉山 编 机械工业,low,商品已下架/冻结,176,0.0,WATCH,697a079d8ab5a80015f60a3c,页间集图书馆的店,2026-06-18 13:35:06,web_full,,1
69dbd9f1c3604d0015b1a093,【正版新书】 纯数学教程 全译插图本 重庆出版社 英戈弗雷哈罗德,low,商品已下架/冻结,176,0.0,WATCH,697a079d8ab5a80015f60a3c,页间集图书馆的店,2026-06-18 13:35:06,web_full,,1
69f4d87dfb672a001504dd75,【正版新书】 小学生同义词近义词反义词词典 广东教育出版社辞书,low,商品已下架/冻结,176,0.0,WATCH,697a079d8ab5a80015f60a3c,页间集图书馆的店,2026-06-18 13:35:07,web_full,,1
69d3f56164c86a0015b60ade,【正版新书】 小号进阶教程 第一册 柴琳 编 中山大学出版社,low,商品已下架/冻结,176,0.0,WATCH,697a079d8ab5a80015f60a3c,页间集图书馆的店,2026-06-18 13:35:07,web_full,,1
69f637130775cd0015725fc1,【正版新书】 大学物理通用教程 力学 第2版 北京大学出版社 钟锡,low,商品已下架/冻结,176,0.0,WATCH,697a079d8ab5a80015f60a3c,页间集图书馆的店,2026-06-18 13:35:07,web_full,,1
69dd24eb4ab6d3001563f694,【正版新书】 新经典阿尔巴尼亚语综合教程2 外语教学与研究出版,low,商品已下架/冻结,176,0.0,WATCH,697a079d8ab5a80015f60a3c,页间集图书馆的店,2026-06-18 13:35:07,web_full,,1
69e26e8a87c1860015456693,【正版新书】 青橙英语分级读物 第2级 贝儿公主空中旅行 23年级,low,商品已下架/冻结,176,0.0,WATCH,697a079d8ab5a80015f60a3c,页间集图书馆的店,2026-06-18 13:35:07,web_full,,1
69ea5a5712212a0015ef0a2c,【正版新书】 漫画地球环游记 美国 1 韩权奇旺 等 著 杨俊娟 译,low,商品已下架/冻结,176,0.0,WATCH,697a079d8ab5a80015f60a3c,页间集图书馆的店,2026-06-18 13:35:07,web_full,,1
69ebac1512212a0015d19c24,【正版新书】 斗罗大陆 2 绝世唐门 53 漫画版 湖南少年儿童出版,low,商品已下架/冻结,176,0.0,WATCH,697a079d8ab5a80015f60a3c,页间集图书馆的店,2026-06-18 13:35:07,web_full,,1
69ebae7bf1fe0f0015b6602c,【正版新书】 名侦探柯南抓帧漫画 53 新版 河南美术出版社 国开,low,商品已下架/冻结,176,0.0,WATCH,697a079d8ab5a80015f60a3c,页间集图书馆的店,2026-06-18 13:35:07,web_full,,1
69f8cc3179e41000154c4180,【正版新书】 小学数学快速心算 电子工业出版社 李群 著,low,商品已下架/冻结,176,0.0,WATCH,697a079d8ab5a80015f60a3c,页间集图书馆的店,2026-06-18 13:35:08,web_full,,1
69e26f0dc0b0790015c2c8c1,【正版新书】 快速设计表现技法——大建筑类 华中科技大学出版社,low,商品已下架/冻结,176,0.0,WATCH,697a079d8ab5a80015f60a3c,页间集图书馆的店,2026-06-18 13:35:08,web_full,,1
69f4d8f87704950015b2f1ac,【正版新书】 原发性心肌病组织形态与超微结构图谱 赵红 编 人民,low,商品已下架/冻结,176,0.0,WATCH,697a079d8ab5a80015f60a3c,页间集图书馆的店,2026-06-18 13:35:08,web_full,,1
69f38e68d75f8f00154663be,【正版新书】 我的第一本英语启蒙书 戴西 著 王一哲 绘 华东师范,low,商品已下架/冻结,176,0.0,WATCH,697a079d8ab5a80015f60a3c,页间集图书馆的店,2026-06-18 13:35:08,web_full,,1
69f6395c62c5c00015d88a97,【正版新书】 中学生必背古诗词中小学生阅读文库全新修订版 新课,low,商品已下架/冻结,176,0.0,WATCH,697a079d8ab5a80015f60a3c,页间集图书馆的店,2026-06-18 13:35:08,web_full,,1
69ebaded2e7f630015502e09,【正版新书】 全世界儿童必做的左右脑开发经典题 12岁 明天出版,low,商品已下架/冻结,176,0.0,WATCH,697a079d8ab5a80015f60a3c,页间集图书馆的店,2026-06-18 13:35:08,web_full,,1
69d6916fc0b0790015715f76,【正版新书】 动物成长故事英语进阶有声读物 第5级上全6册 澳丽,low,商品已下架/冻结,176,0.0,WATCH,697a079d8ab5a80015f60a3c,页间集图书馆的店,2026-06-18 13:35:08,web_full,,1
69eba99fa5457000152c813c,【正版新书】 这才是数学 小数 加雷吉娜奥斯韦勒 著 郭园园 译,low,商品已下架/冻结,176,0.0,WATCH,697a079d8ab5a80015f60a3c,页间集图书馆的店,2026-06-18 13:35:08,web_full,,1
69d2a1a50775cd00158bff55,【正版新书】 名校名区期中期末真题精编 化学 高一 上 许翔 编,low,商品已下架/冻结,176,0.0,WATCH,697a079d8ab5a80015f60a3c,页间集图书馆的店,2026-06-18 13:35:09,web_full,,1
69e523e62e7f630015d0a895,【正版新书】 Python量化金融编程从入门到精通 丁奉乾 著 北京大,low,商品已下架/冻结,176,0.0,WATCH,697a079d8ab5a80015f60a3c,页间集图书馆的店,2026-06-18 13:35:09,web_full,,1
69d7e4bbb8ecfa00152cc722,【正版新书】 中国区域治理研究报告 2021-2022 府际网络关联中的,low,商品已下架/冻结,176,0.0,WATCH,697a079d8ab5a80015f60a3c,页间集图书馆的店,2026-06-18 13:35:09,web_full,,1
69dd2758c3771c00150098a1,【正版新书】 大学生职业生涯课程思政教改研究 何妍蓉高红霞 编,low,商品已下架/冻结,176,0.0,WATCH,697a079d8ab5a80015f60a3c,页间集图书馆的店,2026-06-18 13:35:09,web_full,,1
69e3c208d528ea00153232ff,【正版新书】 商务英语听力 1第2版 重庆大学出版社 王文捷莫晨莉,low,商品已下架/冻结,176,0.0,WATCH,697a079d8ab5a80015f60a3c,页间集图书馆的店,2026-06-18 13:35:09,web_full,,1
69e5129e2f72a600158ea0d9,【正版新书】 社会学论文写作指南 上海人民出版社 张静 著,low,商品已下架/冻结,176,0.0,WATCH,697a079d8ab5a80015f60a3c,页间集图书馆的店,2026-06-18 13:35:09,web_full,,1
69d7e421b113e40015b98014,【正版新书】 初三年级奥数教程 世界图书出版公司 葛军 编,low,商品已下架/冻结,176,0.0,WATCH,697a079d8ab5a80015f60a3c,页间集图书馆的店,2026-06-18 13:35:09,web_full,,1
69dfc8eb4ab6d30015815328,【正版新书】 原来数学这么好玩 计算篇 中国科学技术大学出版社,low,商品已下架/冻结,176,0.0,WATCH,697a079d8ab5a80015f60a3c,页间集图书馆的店,2026-06-18 13:35:09,web_full,,1
69d29e87b8ecfa0015b52276,【正版新书】 3ds Max 2017VRay效果图制作实例教程 王寿苹孙宏仪,low,商品已下架/冻结,176,0.0,WATCH,697a079d8ab5a80015f60a3c,页间集图书馆的店,2026-06-18 13:35:10,web_full,,1
69dfd205964c0f0015f9c55c,【正版新书】 红色金融交响曲上海金融战线革命斗争图集 红色金融,low,商品已下架/冻结,176,0.0,WATCH,697a079d8ab5a80015f60a3c,页间集图书馆的店,2026-06-18 13:35:10,web_full,,1
69d693bcfb672a0015d2ff72,【正版新书】 北京优农品牌农产品消费指南2023年 北京市数字农业,low,商品已下架/冻结,176,0.0,WATCH,697a079d8ab5a80015f60a3c,页间集图书馆的店,2026-06-18 13:35:10,web_full,,1
69f3936c87c186001526ca19,【正版新书】 焊接工程师手册第3版 机械工业出版社 陈祝年  陈茂,low,商品已下架/冻结,176,0.0,WATCH,697a079d8ab5a80015f60a3c,页间集图书馆的店,2026-06-18 13:35:10,web_full,,1
69fa1dbd8a783800154e04a5,【正版新书】 现代交换技术实验教程 中央民族大学出版社 闫晓东,low,商品已下架/冻结,176,0.0,WATCH,697a079d8ab5a80015f60a3c,页间集图书馆的店,2026-06-18 13:35:10,web_full,,1
69dbd9fac0b07900159d50cb,【正版新书】 语文强基 现代汉语常识一典通 北京语言大学出版社,low,商品已下架/冻结,176,0.0,WATCH,697a079d8ab5a80015f60a3c,页间集图书馆的店,2026-06-18 13:35:10,web_full,,1
69e3c2c39799e500155a5e09,【正版新书】 英语词汇推理与习得 易红波 著 安徽师范大学出版社,low,商品已下架/冻结,176,0.0,WATCH,697a079d8ab5a80015f60a3c,页间集图书馆的店,2026-06-18 13:35:11,web_full,,1
69e3bd33cf37170015cc8ce1,【正版新书】 居住的理想 建筑师的住宅设计手稿 化学工业出版社,low,商品已下架/冻结,176,0.0,WATCH,697a079d8ab5a80015f60a3c,页间集图书馆的店,2026-06-18 13:35:11,web_full,,1
69ea5c3387c186001572e6d3,【正版新书】 瑞灯藏文字帖 瑞丹 著 著 四川民族出版社,low,商品已下架/冻结,176,0.0,WATCH,697a079d8ab5a80015f60a3c,页间集图书馆的店,2026-06-18 13:35:11,web_full,,1
69ee65dd49fb5f0016d6417b,【正版新书】 中国民族地区经济社会调查报告 2016年调查问卷分析,low,商品已下架/冻结,176,0.0,WATCH,697a079d8ab5a80015f60a3c,页间集图书馆的店,2026-06-18 13:35:11,web_full,,1
69f134ba8a783800150fc640,【正版新书】 燃气分布式供能系统设计手册 中国电力出版社 组编,low,商品已下架/冻结,176,0.0,WATCH,697a079d8ab5a80015f60a3c,页间集图书馆的店,2026-06-18 13:35:11,web_full,,1
69d29cd6e3af9900150d346a,【正版新书】 高速数据转换器设计 美艾哈迈德MA阿里 著 孟桥刘海,low,商品已下架/冻结,176,0.0,WATCH,697a079d8ab5a80015f60a3c,页间集图书馆的店,2026-06-18 13:35:11,web_full,,1
69d936a48a78380015d70ea1,【正版新书】 计算方法Python语言版 马军凌永祥何巧玲 等 编 西,low,商品已下架/冻结,176,0.0,WATCH,697a079d8ab5a80015f60a3c,页间集图书馆的店,2026-06-18 13:35:11,web_full,,1
69e26aed9337430015d1aaa1,【正版新书】 装配式内装修技术与应用 中国建筑工业出版社 宫海,low,商品已下架/冻结,176,0.0,WATCH,697a079d8ab5a80015f60a3c,页间集图书馆的店,2026-06-18 13:35:11,web_full,,1
69e3c284770495001540f508,【正版新书】 建筑装饰工程概预算 化学工业出版社 张瑞红 编,low,商品已下架/冻结,176,0.0,WATCH,697a079d8ab5a80015f60a3c,页间集图书馆的店,2026-06-18 13:35:12,web_full,,1
69e3c342c3604d001508ee32,【正版新书】 单片机图形化编程及应用 龙兴明 编 重庆大学出版社,low,商品已下架/冻结,176,0.0,WATCH,697a079d8ab5a80015f60a3c,页间集图书馆的店,2026-06-18 13:35:12,web_full,,1
69e7b30cb113e40015b888ac,【正版新书】 注射药联合应用手册 科学出版社 魏敏杰陈磊 编,low,商品已下架/冻结,176,0.0,WATCH,697a079d8ab5a80015f60a3c,页间集图书馆的店,2026-06-18 13:35:12,web_full,,1
69e26bcce3af9900159e3519,【正版新书】 智慧建造区块链理论及应用 中国建筑工业出版社 薛,low,商品已下架/冻结,176,0.0,WATCH,697a079d8ab5a80015f60a3c,页间集图书馆的店,2026-06-18 13:35:12,web_full,,1
69ea5a1cfb672a00156266f3,【正版新书】 中华人民共和国安全生产法 生产安全事故报告和调查,low,商品已下架/冻结,176,0.0,WATCH,697a079d8ab5a80015f60a3c,页间集图书馆的店,2026-06-18 13:35:12,web_full,,1
69f399aa7704950015a9b5eb,【正版新书】 英语爱拼才会赢 聊聊自然拼读那些事儿 外语教学与,low,商品已下架/冻结,176,0.0,WATCH,697a079d8ab5a80015f60a3c,页间集图书馆的店,2026-06-18 13:35:12,web_full,,1
69f4d7398a783800152d6025,【正版新书】 上一节有想法的数学课 张胜辉 编 大象出版社,low,商品已下架/冻结,176,0.0,WATCH,697a079d8ab5a80015f60a3c,页间集图书馆的店,2026-06-18 13:35:12,web_full,,1
69d7e97419f8df0015b815f1,【正版新书】 简明钢结构设计手册 机械工业出版社 许朝铨 编,low,商品已下架/冻结,176,0.0,WATCH,697a079d8ab5a80015f60a3c,页间集图书馆的店,2026-06-18 13:35:12,web_full,,1
69e6882c9799e500156c38db,【正版新书】 初中四星级题库化学含参考答案分册+赠错题本 本书,low,商品已下架/冻结,176,0.0,WATCH,697a079d8ab5a80015f60a3c,页间集图书馆的店,2026-06-18 13:35:13,web_full,,1
69d2a1f7891c6a0015df80b1,【正版新书】 公园城市景观绩效评价与实证研究 西南财经大学出版,low,商品已下架/冻结,176,0.0,WATCH,697a079d8ab5a80015f60a3c,页间集图书馆的店,2026-06-18 13:35:13,web_full,,1
69d7e4af1153580015e07395,【正版新书】 中国农村社会事业发展报告 2023 农业农村部农村社,low,商品已下架/冻结,176,0.0,WATCH,697a079d8ab5a80015f60a3c,页间集图书馆的店,2026-06-18 13:35:13,web_full,,1
69e53d7e4ab6d30015aad28c,【正版新书】 After Effects后期特效合成项目式教程 王超英 编,low,商品已下架/冻结,176,0.0,WATCH,697a079d8ab5a80015f60a3c,页间集图书馆的店,2026-06-18 13:35:13,web_full,,1
69ea5bda49fb5f00152ee76a,【正版新书】 大语文-天方夜谭 中国文联出版社 郅溥浩 译 译,low,商品已下架/冻结,176,0.0,WATCH,697a079d8ab5a80015f60a3c,页间集图书馆的店,2026-06-18 13:35:13,web_full,,1
69da822bf1fe0f001525cb34,【正版新书】 破壁生长语文名师自述教育人生（辑二） 上海教育出,low,商品已下架/冻结,176,0.0,WATCH,697a079d8ab5a80015f60a3c,页间集图书馆的店,2026-06-18 13:35:13,web_full,,1
69dbd455c3604d0015b156f1,【正版新书】 一读就入迷的漫画中国史 潘常仲 编 北方妇女儿童出,low,商品已下架/冻结,176,0.0,WATCH,697a079d8ab5a80015f60a3c,页间集图书馆的店,2026-06-18 13:35:14,web_full,,1
69e515bfd9bb890015c6120c,【正版新书】 走向深度融合的全面育人——成都市盐道街小学创新,low,商品已下架/冻结,176,0.0,WATCH,697a079d8ab5a80015f60a3c,页间集图书馆的店,2026-06-18 13:35:14,web_full,,1
69e8f4a9b8ecfa001592b882,【正版新书】 高等数学物理类全2册 何柏庆王晓华 编 科学出版社,low,商品已下架/冻结,176,0.0,WATCH,697a079d8ab5a80015f60a3c,页间集图书馆的店,2026-06-18 13:35:14,web_full,,1
69f7791ca5457000158633eb,【正版新书】 建筑智能化工程细部节点做法与施工工艺图解 李明毛,low,商品已下架/冻结,176,0.0,WATCH,697a079d8ab5a80015f60a3c,页间集图书馆的店,2026-06-18 13:35:14,web_full,,1
69d54318b8ecfa0015146d85,【正版新书】 仪器分析实验教程 田宏哲李修伟秦培文 编 化学工业,low,商品已下架/冻结,176,0.0,WATCH,697a079d8ab5a80015f60a3c,页间集图书馆的店,2026-06-18 13:35:14,web_full,,1
69d9326e64c86a001503b423,【正版新书】 一学就会的家庭保险规划课 机械工业出版社 张岩 著,low,商品已下架/冻结,176,0.0,WATCH,697a079d8ab5a80015f60a3c,页间集图书馆的店,2026-06-18 13:35:14,web_full,,1
69dfc8f5891c6a0015a25813,【正版新书】 啵啵 日MAYA MAXX 著 小熊 译 少年儿童出版社,low,商品已下架/冻结,176,0.0,WATCH,697a079d8ab5a80015f60a3c,页间集图书馆的店,2026-06-18 13:35:14,web_full,,1
69dbd9a95e8e2700152e53ef,【正版新书】 旅行保命手册 去哪儿都能派上用场的安全自救指南,low,商品已下架/冻结,176,0.0,WATCH,697a079d8ab5a80015f60a3c,页间集图书馆的店,2026-06-18 13:35:14,web_full,,1
69dd2a4a287cd500154ffad1,【正版新书】 基于成果导向教育的中学英语词汇教学研究 侯曲萍,low,商品已下架/冻结,176,0.0,WATCH,697a079d8ab5a80015f60a3c,页间集图书馆的店,2026-06-18 13:35:15,web_full,,1
69e3c45c6acf6700151170b3,【正版新书】 考研数学历年真题全解数学一 山东科学技术出版社,low,商品已下架/冻结,176,0.0,WATCH,697a079d8ab5a80015f60a3c,页间集图书馆的店,2026-06-18 13:35:15,web_full,,1
69e8f3eb12212a0015e6b46c,【正版新书】 电工试行 人力资源社会保障部职业能力建设司 编 中,low,商品已下架/冻结,176,0.0,WATCH,697a079d8ab5a80015f60a3c,页间集图书馆的店,2026-06-18 13:35:15,web_full,,1
69dbd783f1fe0f001530cc95,【正版新书】 福建省高速公路施工标准化管理指南 第一分册 工地,low,商品已下架/冻结,176,0.0,WATCH,697a079d8ab5a80015f60a3c,页间集图书馆的店,2026-06-18 13:35:15,web_full,,1
69f8cb359799e50015f3bab3,【正版新书】 诗意语文 董一菲 主编 著 西苑出版社,low,商品已下架/冻结,176,0.0,WATCH,697a079d8ab5a80015f60a3c,页间集图书馆的店,2026-06-18 13:35:15,web_full,,1
69d7e9729799e500158ac905,【正版新书】 数学思维奇遇记 5 三点半校园 机械工业出版社 马绍,low,商品已下架/冻结,176,0.0,WATCH,697a079d8ab5a80015f60a3c,页间集图书馆的店,2026-06-18 13:35:15,web_full,,1
69da82ab19f8df0015cd91d1,【正版新书】 数字电子技术项目教程 刘晓阳 等 编 电子工业出版,low,商品已下架/冻结,176,0.0,WATCH,697a079d8ab5a80015f60a3c,页间集图书馆的店,2026-06-18 13:35:15,web_full,,1
69dd2bf24ab6d30015642ad1,【正版新书】 装饰装修材料及工程预算 刘锋朱世海 编 化学工业出,low,商品已下架/冻结,176,0.0,WATCH,697a079d8ab5a80015f60a3c,页间集图书馆的店,2026-06-18 13:35:16,web_full,,1
69e3c29a9a289f0015a6d2a3,【正版新书】 自闭症儿童社会—情绪教育实务工作手册 重庆大学出,low,商品已下架/冻结,176,0.0,WATCH,697a079d8ab5a80015f60a3c,页间集图书馆的店,2026-06-18 13:35:16,web_full,,1
69e8fb2d9a289f0015a234d1,【正版新书】 国际知名插画大师大卫麦金托什绘本系列全6册 现代,low,商品已下架/冻结,176,0.0,WATCH,697a079d8ab5a80015f60a3c,页间集图书馆的店,2026-06-18 13:35:16,web_full,,1
69e5379328de740015f660da,【正版新书】 CUDA 编程 基础与实践 清华大学出版社 樊哲勇 著,low,商品已下架/冻结,176,0.0,WATCH,697a079d8ab5a80015f60a3c,页间集图书馆的店,2026-06-18 13:35:16,web_full,,1
69e8f4b14ab6d30015c51b9a,【正版新书】 清末民初小说的学生群体接受研究 齐鲁书社 黄丽珍,low,商品已下架/冻结,176,0.0,WATCH,697a079d8ab5a80015f60a3c,页间集图书馆的店,2026-06-18 13:35:16,web_full,,1
69e53f8b115358001515a484,【正版新书】 高中英语词汇精选 俞敏洪 编 浙江教育出版社,low,商品已下架/冻结,176,0.0,WATCH,697a079d8ab5a80015f60a3c,页间集图书馆的店,2026-06-18 13:35:16,web_full,,1
69d7e54af89e9d001541c747,【正版新书】 加油吧麦多多 小学生安全漫画全4册 国际文化出版公,low,商品已下架/冻结,176,0.0,WATCH,697a079d8ab5a80015f60a3c,页间集图书馆的店,2026-06-18 13:35:17,web_full,,1
69dd261fd528ea00151f083c,【正版新书】 漫画儿童自主学习力 中国华侨出版社 闻道清北 编,low,商品已下架/冻结,176,0.0,WATCH,697a079d8ab5a80015f60a3c,页间集图书馆的店,2026-06-18 13:35:17,web_full,,1
69ea593219f8df0015fe2762,【正版新书】 21世纪 新课标小学语文阅读丛书 杨家将 明熊大木,low,商品已下架/冻结,176,0.0,WATCH,697a079d8ab5a80015f60a3c,页间集图书馆的店,2026-06-18 13:35:17,web_full,,1
69ecf6f6f1fe0f0015c04304,【正版新书】 新课程 新教材 新教研——上海市高中英语教研实践,low,商品已下架/冻结,176,0.0,WATCH,697a079d8ab5a80015f60a3c,页间集图书馆的店,2026-06-18 13:35:17,web_full,,1
69f136aec0b07900151a62cc,【正版新书】 数学妙无穷 炫酷好玩的数的知识 英迈克戈德史密斯M,low,商品已下架/冻结,176,0.0,WATCH,697a079d8ab5a80015f60a3c,页间集图书馆的店,2026-06-18 13:35:17,web_full,,1
69f4dd93c3771c00156106ce,【正版新书】 语文影及其他 广陵书社 朱自清 著,low,商品已下架/冻结,176,0.0,WATCH,697a079d8ab5a80015f60a3c,页间集图书馆的店,2026-06-18 13:35:17,web_full,,1
69de7a0a964c0f00150e361a,【正版新书】 定制旅行资源开发 王亚娟刘晓杰 编 旅游教育出版社,low,商品已下架/冻结,176,0.0,WATCH,697a079d8ab5a80015f60a3c,页间集图书馆的店,2026-06-18 13:35:17,web_full,,1
69ee5f3e49fb5f0016d62315,【正版新书】 环保管家工作技术手册 化学工业出版社 黄磊汤瑶张,low,商品已下架/冻结,176,0.0,WATCH,697a079d8ab5a80015f60a3c,页间集图书馆的店,2026-06-18 13:35:17,web_full,,1
69e3c06d9138010015a53c13,【正版新书】 无人机系统基础教程 西北工业大学出版社 孙毅 编,low,商品已下架/冻结,176,0.0,WATCH,697a079d8ab5a80015f60a3c,页间集图书馆的店,2026-06-18 13:35:18,web_full,,1
69dbd931be1ced0015f92a29,【正版新书】 为了发展而教 初中数学单元整体教学设计 第一册 吴,low,商品已下架/冻结,176,0.0,WATCH,697a079d8ab5a80015f60a3c,页间集图书馆的店,2026-06-18 13:35:18,web_full,,1
69dfd5bb62c5c000167f3e1c,【正版新书】 中学西班牙语基础教程 第1册 付丽丽李紫璐周晓煦,low,商品已下架/冻结,176,0.0,WATCH,697a079d8ab5a80015f60a3c,页间集图书馆的店,2026-06-18 13:35:18,web_full,,1
69f77926891c6a0016d6ddd1,【正版新书】 动物小说大王沈石溪精品集（注音版）虎女蒲公英 沈,low,商品已下架/冻结,176,0.0,WATCH,697a079d8ab5a80015f60a3c,页间集图书馆的店,2026-06-18 13:35:18,web_full,,1
69da820ff89e9d0015571b24,【正版新书】 俄罗斯基础教育数学课程改革研究 清华大学出版社,low,商品已下架/冻结,176,0.0,WATCH,697a079d8ab5a80015f60a3c,页间集图书馆的店,2026-06-18 13:35:18,web_full,,1
69dbd7920775cd0015c16081,【正版新书】 爷爷的爷爷哪里来 大语文阅读学生版 中国文联出版,low,商品已下架/冻结,176,0.0,WATCH,697a079d8ab5a80015f60a3c,页间集图书馆的店,2026-06-18 13:35:18,web_full,,1
69f77fe2964c0f0015f0d53c,【正版新书】 一千零一夜有声版写给孩子的经典名著小学语文配套,low,商品已下架/冻结,176,0.0,WATCH,697a079d8ab5a80015f60a3c,页间集图书馆的店,2026-06-18 13:35:18,web_full,,1
69e8f75919f8df0015f5b408,【正版新书】 嵌入式系统软硬件协同设计教程 基于Xilinx Zynq-70,low,商品已下架/冻结,176,0.0,WATCH,697a079d8ab5a80015f60a3c,页间集图书馆的店,2026-06-18 13:35:19,web_full,,1
69dbdabcb113e40015d9e962,【正版新书】 机械工程专业英语教程（第6版） 电子工业出版社 施,low,商品已下架/冻结,176,0.0,WATCH,697a079d8ab5a80015f60a3c,页间集图书馆的店,2026-06-18 13:35:19,web_full,,1
69dd24abd528ea00151efc82,【正版新书】 信息化背景下高校英语教学研究 旅游教育出版社 管,low,商品已下架/冻结,176,0.0,WATCH,697a079d8ab5a80015f60a3c,页间集图书馆的店,2026-06-18 13:35:19,web_full,,1
69e7b415c13d0f0015022870,【正版新书】 小学生学习时间自我管理研究 浙江工商大学出版社,low,商品已下架/冻结,176,0.0,WATCH,697a079d8ab5a80015f60a3c,页间集图书馆的店,2026-06-18 13:35:19,web_full,,1
69f3985cd528ea001537cece,【正版新书】 聪明孩子喜欢玩的数学游戏 加雷思穆尔 著 苑耀文,low,商品已下架/冻结,176,0.0,WATCH,697a079d8ab5a80015f60a3c,页间集图书馆的店,2026-06-18 13:35:19,web_full,,1
69d9361c9a289f0015ea1ceb,【正版新书】 测量学教程（英文版） 科学出版社 马克 等 编著 编,low,商品已下架/冻结,176,0.0,WATCH,697a079d8ab5a80015f60a3c,页间集图书馆的店,2026-06-18 13:35:19,web_full,,1
69de77b0f1fe0f00153c86f1,【正版新书】 海上共同开发争端解决机制的国际法问题研究 武汉大,low,商品已下架/冻结,176,0.0,WATCH,697a079d8ab5a80015f60a3c,页间集图书馆的店,2026-06-18 13:35:19,web_full,,1
69e12227c13d0f0015d372f3,【正版新书】 大学英语教程第1册 罗麾 等 编 中国人民大学出版社,low,商品已下架/冻结,176,0.0,WATCH,697a079d8ab5a80015f60a3c,页间集图书馆的店,2026-06-18 13:35:19,web_full,,1
69f24206d528ea00152d409f,【正版新书】 BIM技能实操系列教程 Revit2019 初级 王婷 编 中国,low,商品已下架/冻结,176,0.0,WATCH,697a079d8ab5a80015f60a3c,页间集图书馆的店,2026-06-18 13:35:28,web_full,,1
69fcbcfa62c5c00015030d08,【正版新书】 REVIT建模技术与工程应用 化学工业出版社 祖庆芝,low,商品已下架/冻结,176,0.0,WATCH,697a079d8ab5a80015f60a3c,页间集图书馆的店,2026-06-18 13:35:28,web_full,,1
69ff7e0849fb5f0016517890,【正版新书】 BIM技术及Revit建筑建模第二版 中国建筑工业出版社,low,商品已下架/冻结,176,0.0,WATCH,697a079d8ab5a80015f60a3c,页间集图书馆的店,2026-06-18 13:35:28,web_full,,1
69f4d871f1fe0f00150069ba,【正版新书】 Revit 2018中文版建筑设计基础实例教程 贾燕 著 人,low,商品已下架/冻结,176,0.0,WATCH,697a079d8ab5a80015f60a3c,页间集图书馆的店,2026-06-18 13:35:30,web_full,,1
6984f7e07dcc430015095544,【正版新书】 3DS MAXVRAY室内效果表现 机械工业出版社 郑宏飞张,low,商品已下架/冻结,176,0.0,WATCH,697a079d8ab5a80015f60a3c,页间集图书馆的店,2026-06-18 13:35:45,web_full,,1
69e524c649fb5f0015677c9a,【正版新书】 极致 中文版3ds Max+VRay产品设计案例深度解析 清,low,商品已下架/冻结,176,0.0,WATCH,697a079d8ab5a80015f60a3c,页间集图书馆的店,2026-06-18 13:35:46,web_full,,1
6990c6479b2f2f0015387078,【正版新书】 3DS MAX+VRAY室内效果图设计 北京希望电子出版社,low,商品已下架/冻结,176,0.0,WATCH,697a079d8ab5a80015f60a3c,页间集图书馆的店,2026-06-18 13:35:48,web_full,,1
69d3f3c9f1fe0f0015b5cb87,【正版新书】 小学数学计算题强化训练 4年级 刘弢吕春昕 编 华东,low,商品已下架/冻结,176,0.0,WATCH,697a079d8ab5a80015f60a3c,页间集图书馆的店,2026-06-18 13:38:01,web_full,,1
69dbd3fd891c6a0015fd4976,【正版新书】 C语言程序设计简明教程习题解析与上机指导 电子工,low,商品已下架/冻结,176,0.0,WATCH,697a079d8ab5a80015f60a3c,页间集图书馆的店,2026-06-18 13:38:01,web_full,,1
69e1225f8a78380015f2c41a,【正版新书】 印地语文学史 中国大百科全书出版社 薛克翘 等 著,low,商品已下架/冻结,176,0.0,WATCH,697a079d8ab5a80015f60a3c,页间集图书馆的店,2026-06-18 13:38:01,web_full,,1
69e8f2fa8a7838001512064b,【正版新书】 OpenBuildings Designer CONNECT Edition应用教程,low,商品已下架/冻结,176,0.0,WATCH,697a079d8ab5a80015f60a3c,页间集图书馆的店,2026-06-18 13:38:01,web_full,,1
69f4e0839799e50015dc114a,【正版新书】 安妮花英语自然拼读与拼写 强化版5册 安妮鲜花 编,low,商品已下架/冻结,176,0.0,WATCH,697a079d8ab5a80015f60a3c,页间集图书馆的店,2026-06-18 13:38:02,web_full,,1
69d3f2da28de740015aa1d25,【正版新书】 轨道交通规划与建设 张欣李立华郭伟 编 辽宁科学技,low,商品已下架/冻结,176,0.0,WATCH,697a079d8ab5a80015f60a3c,页间集图书馆的店,2026-06-18 13:38:07,web_full,,1
69d7e853f1fe0f0015105d8c,【正版新书】 高中数学逻辑推理研究及教学实践 刘燕 著 福建教育,low,商品已下架/冻结,176,0.0,WATCH,697a079d8ab5a80015f60a3c,页间集图书馆的店,2026-06-18 13:38:09,web_full,,1
6545137c9e6e5500019652eb,高级渐变炫彩未来科技感公司品牌产品简介数据图表分析ppt模版,low,商品已下架/冻结,176,0.0,WATCH,63b40e89540b790001a2d62e,KKAY DESIGN的店,2026-06-18 14:09:07,web_full,,1
688b86ebf9d7c8000150e4b8,2027年安徽高职单招考试真题复习资料英语文数职业适应性测试,low,商品已下架/冻结,176,0.0,WATCH,6679272a900b160001be34fc,胜宇教育图书的店,2026-06-18 14:12:45,web_full,,1
67c5c5417198db000180b9d3,粤语零基础网课程视频广东话/香港话/白话日常生活旅游零基础粤语,low,商品已下架/冻结,175,0.0,WATCH,677f58eeb2441a00153ed2bf,汇贤教育的店,2026-06-18 13:34:30,web_full,,1
67c5c5417198db000180b9dc,粤语零基础网课程视频广东话/香港话/白话日常生活旅游零基础粤语,low,商品已下架/冻结,175,0.0,WATCH,677f58eeb2441a00153ed2bf,汇贤教育的店,2026-06-18 13:38:02,web_full,,1
69b961b6a20c210001fd234d,人音版初中音乐初一二78年级课教件案电子书本高清zjp无水印PDF,low,商品已下架/冻结,175,0.0,WATCH,6915517e27d04f00159570f5,成语小全的店,2026-06-18 13:40:33,web_full,,1
67c5c5417198db000180b9d6,粤语零基础网课程视频广东话/香港话/白话日常生活旅游零基础粤语,low,商品已下架/冻结,175,0.0,WATCH,677f58eeb2441a00153ed2bf,汇贤教育的店,2026-06-18 13:51:30,web_full,,1
67c5c5417198db000180b9e2,粤语零基础网课程视频广东话/香港话/白话日常生活旅游零基础粤语,low,商品已下架/冻结,175,0.0,WATCH,677f58eeb2441a00153ed2bf,汇贤教育的店,2026-06-18 13:51:33,web_full,,1
67c5c5417198db000180b9cd,粤语零基础网课程视频广东话/香港话/白话日常生活旅游零基础粤语,low,商品已下架/冻结,175,0.0,WATCH,677f58eeb2441a00153ed2bf,汇贤教育的店,2026-06-18 13:56:18,web_full,,1
67c5c5417198db000180b9ca,粤语零基础网课程视频广东话/香港话/白话日常生活旅游零基础粤语,low,商品已下架/冻结,175,0.0,WATCH,677f58eeb2441a00153ed2bf,汇贤教育的店,2026-06-18 14:08:26,web_full,,1
69800f97b6ceb40001cf5496,笔记同款资料32电子版,low,商品已下架/冻结,175,0.0,WATCH,687245380086b000155135c5,M Teacher的店,2026-06-18 14:30:36,web_full,,1
699c781e00fcb10001985353,苏教版小学数学123456年级书教科课件本上下册第学期电子打印PDF,low,商品已下架/冻结,173,0.0,WATCH,6915517e27d04f00159570f5,成语小全的店,2026-06-18 14:16:54,web_full,,1
673859614f0ec700019517d5,简约2025新春元旦跨年活动蛇年渐变插画图形海报设计素材模版,low,商品已下架/冻结,171,0.0,WATCH,63b40e89540b790001a2d62e,KKAY DESIGN的店,2026-06-18 14:09:08,web_full,,1
699b1a84890dab0001efbc94,外研社版小学英语书345年级课件本上下册高清打印电子版无水印PDF,low,商品已下架/冻结,170,0.0,WATCH,6915517e27d04f00159570f5,成语小全的店,2026-06-18 14:00:41,web_full,,1
69a0f95d36a3d80001bb22da,人教PEP英语一二年级上册下册期中期末试题试卷单元测试同步练习,low,商品已下架/冻结,170,0.0,WATCH,674474022d7a770015373129,新教材资源的店,2026-06-18 14:19:57,web_full,,1
6915d319f168b90001c3dfa9,2027年陕西单招分类备考教材真题试卷习题集题库网课甲卷乙卷,low,商品已下架/冻结,170,0.0,WATCH,6679272a900b160001be34fc,胜宇教育图书的店,2026-06-18 14:30:28,web_full,,1
68a7537f62c1ee0001c1a4a7,9.9均摊小学初中教辅资料学习资料,low,商品已下架/冻结,169,0.0,WATCH,6832991527ece700156e2207,小橙子学霸资料库的店,2026-06-18 14:03:55,web_full,,1
699c76572ab513000157e169,北师大版小学数学123456年级书教科课件本上下册学期电子打印PDFT,low,商品已下架/冻结,166,0.0,WATCH,6915517e27d04f00159570f5,成语小全的店,2026-06-18 14:20:08,web_full,,1
699c76572ab513000157e16c,北师大版小学数学123456年级书教科课件本上下册学期电子打印PDFT,low,商品已下架/冻结,166,0.0,WATCH,6915517e27d04f00159570f5,成语小全的店,2026-06-18 14:20:11,web_full,,1
694c456523d3ce0001553355,26上中小幼教师资格证笔试科一二三教资全套资料电子版可下载打印,low,商品已下架/冻结,165,0.0,WATCH,6937eed94dafb20015470e76,学习小铺的店,2026-06-18 13:34:22,web_full,,1
68a6f80a0c1e9b0001233211,AI人工智能蓝色数据高科技未来感背景 AI矢量设计素材,low,商品已下架/冻结,165,0.0,WATCH,6724f91245465d00159e69f0,不晚设计资源的店,2026-06-18 13:52:01,web_full,,1
69a6d17b011a120001d225de,小学数学 1-6年级下册《周末测试卷》PDF电子资料,low,商品已下架/冻结,165,0.0,WATCH,68712a651db32f00154f63cf,裴小裴老师的资料库的店,2026-06-18 14:20:07,web_full,,1
63c0da39a4cf110001bb1993,街头哥特美式花体字手写纹理字体Procreate平板笔刷套装,low,商品已下架/冻结,165,0.0,WATCH,63b40e89540b790001a2d62e,KKAY DESIGN的店,2026-06-18 14:24:59,web_full,,1
68ef821ec67e470001a8aa9b,商用可爱儿童卡通中英文字体趣味创意手写ps ai pr procreate字体,low,商品已下架/冻结,164,0.0,WATCH,6615275daeebf8000156110f,板砖素材的店,2026-06-18 13:34:19,web_full,,1
68d38ede0f6c7f00016be11e,剑雅真题4-20A类G类高清无水印完整PDF电子版 源文件 · G类真题+精讲+音频（4-20）,low,商品已下架/冻结,164,0.0,WATCH,68ce9ed612892e00154dc0cd,小X上岸版的店,2026-06-18 13:35:48,web_full,,1
69bb62fbff00dc00015a08cf,2026春语文1-6年级下册【笔记同款281】学b提U试卷,low,商品已下架/冻结,163,0.0,WATCH,67289ed591ee7d0014853b98,东方老师资料的店,2026-06-18 14:17:25,web_full,,1
6938566b3753f70001e36b06,生态公园竞赛风 园林景观植物配置植被分析图 搭配 PSD分层PS素材,low,商品已下架/冻结,163,0.0,WATCH,6908b1dca0f8db001598a4a0,小欣素材店的店,2026-06-18 14:25:24,web_full,,1
674744482409f50001ef7cf9,NO.47模板￤A3原创工业产品设计比赛家电考研毕设展板素材psd模板,low,商品已下架/冻结,160,0.0,WATCH,671b9a337f3e1d0015a40568,大铁勺的店,2026-06-18 13:34:32,web_full,,1
64ef5e1750aeec00011199d5,1114/ 蓝色科技感商务企业发布会议邀请函活动宣传海报模板素材,low,商品已下架/冻结,159,0.0,WATCH,645794feebbcb20001363ce1,香菜素材的店,2026-06-18 13:34:37,web_full,,1
69ddf159e830d60001d1a209,新概念英语彩色笔记＋教案＋单词音频＋一课一练电子版永久有效,low,商品已下架/冻结,158,0.0,WATCH,695dca2c020fd10015aedbd8,哆哆素材资料库的店,2026-06-18 14:17:04,web_full,,1
69868a46b6ceb400017e5080,北师大版英语四年级下册单词课文音频动画视频教参课件ppt教案,low,商品已下架/冻结,158,0.0,WATCH,674474022d7a770015373129,新教材资源的店,2026-06-18 14:17:36,web_full,,1
69ddf159e830d60001d1a1fd,新概念英语彩色笔记＋教案＋单词音频＋一课一练电子版永久有效,low,商品已下架/冻结,158,0.0,WATCH,695dca2c020fd10015aedbd8,哆哆素材资料库的店,2026-06-18 14:17:36,web_full,,1
64196304f7f3af000199079b,16款简约海报名片帆布袋传单户外自然场景设计展示PSD样机素材,low,商品已下架/冻结,157,0.0,WATCH,63b40e89540b790001a2d62e,KKAY DESIGN的店,2026-06-18 14:24:59,web_full,,1
67bbe04b9759260001930b3d,官方2026年一建教材2026年一级建造师建筑市政机电公路水利建工社 · 历年真题 实务一科（机电）,low,商品已下架/冻结,156,0.0,WATCH,6717a1c9576178001577189c,芳菲洛图书店的店,2026-06-18 13:39:50,web_full,,1
69355b81fe4ff50015437f05,初中七八九年级教材全解电子版上下册语数人教外研PDF无ppt,low,商品已下架/冻结,156,0.0,WATCH,68eb279057134c0015b6f8e3,学霸规划局的店,2026-06-18 13:43:52,web_full,,1
67f5097a3d8f38000162a9d0,8*4·DeepLPro翻译专业文档代翻译独立账号外文献帮忙翻译服务20篇/月,low,商品已下架/冻结,156,0.0,WATCH,67f373145db7d30015f99e7a,雅兴诗的店,2026-06-18 14:12:07,web_full,,1
68d0da2ec7284000011fc838,原创可商用哥特手绘圣母十字架欧式暗黑文创插画素材PNG免抠图片,low,商品已下架/冻结,155,0.0,WATCH,65e8aaf87916650001e18c5c,老橙子素材🍊的店,2026-06-18 14:27:43,web_full,,1
64f6185b5a44d8000173b82d,40款抽象艺术多彩时尚透明流体水滴液体水珠png免抠图片设计素材,low,商品已下架/冻结,154,0.0,WATCH,63b40e89540b790001a2d62e,KKAY DESIGN的店,2026-06-18 14:25:00,web_full,,1
69b75c40771a6700011a0d23,su建模渲染代画sketchup草图大师代做室内建筑景观模型鸟瞰效果图,low,商品已下架/冻结,153,0.0,WATCH,69a445d818d5d40015fb4e84,关注更优惠，请私信，留言不常看，红薯的店,2026-06-18 14:05:10,web_full,,1
69fab3a4c61d3a000125544b,26CPA注册会计师多机构网课｜资料｜讲义｜持续更新｜附赠25全套,low,商品已下架/冻结,153,0.0,WATCH,69a797c65aeaa900152a1e14,我不是漫神的店,2026-06-18 14:16:06,web_full,,1
677357e3bc6cbc00018a0f4f,blender obj fbx C4d三星堆青铜器文物古代3D模型青铜面具素材303,low,商品已下架/冻结,153,0.0,WATCH,640ef98d3ce59d00010c70c1,一颗菜菜花的店,2026-06-18 14:19:44,web_full,,1
6935565863db6a00152ed692,大学生讲思政课爱国主义教育主题元素电子模板ppt合集,low,商品已下架/冻结,153,0.0,WATCH,68eb26832e2fd900159d2769,王老师备课小站的店,2026-06-18 14:36:11,web_full,,1
69ce2d195dab9a00015ae360,自制日语学习课件|新标日全册 高考词汇 N5~N1全词汇基础五十音,low,商品已下架/冻结,152,0.0,WATCH,693656a4dc1cc3001512e5b7,邪修英语（进阶版）的店,2026-06-18 13:57:22,web_full,,1
69b0dd995a55b80001124c01,笔记同款11数学语文英语单元活页卷电子版高清PDF可打印北师大人,low,商品已下架/冻结,151,0.0,WATCH,67a4867d9a36f80015c7008e,晨曦教育的店,2026-06-18 14:29:46,web_full,,1
69b0dd995a55b80001124bdd,笔记同款11数学语文英语单元活页卷电子版高清PDF可打印北师大人,low,商品已下架/冻结,151,0.0,WATCH,67a4867d9a36f80015c7008e,晨曦教育的店,2026-06-18 14:29:48,web_full,,1
69b0dd995a55b80001124bcb,笔记同款11数学语文英语单元活页卷电子版高清PDF可打印北师大人,low,商品已下架/冻结,151,0.0,WATCH,67a4867d9a36f80015c7008e,晨曦教育的店,2026-06-18 14:29:53,web_full,,1
69b0dd995a55b80001124bf5,笔记同款11数学语文英语单元活页卷电子版高清PDF可打印北师大人,low,商品已下架/冻结,151,0.0,WATCH,67a4867d9a36f80015c7008e,晨曦教育的店,2026-06-18 14:30:01,web_full,,1
69b0dd995a55b80001124c04,笔记同款11数学语文英语单元活页卷电子版高清PDF可打印北师大人,low,商品已下架/冻结,151,0.0,WATCH,67a4867d9a36f80015c7008e,晨曦教育的店,2026-06-18 14:30:15,web_full,,1
69b0dd995a55b80001124bec,笔记同款11数学语文英语单元活页卷电子版高清PDF可打印北师大人,low,商品已下架/冻结,151,0.0,WATCH,67a4867d9a36f80015c7008e,晨曦教育的店,2026-06-18 14:30:37,web_full,,1
69b0dd995a55b80001124bda,笔记同款11数学语文英语单元活页卷电子版高清PDF可打印北师大人,low,商品已下架/冻结,151,0.0,WATCH,67a4867d9a36f80015c7008e,晨曦教育的店,2026-06-18 14:30:40,web_full,,1
69e5ca098c762b0001efebdd,婚礼前夜，有人给我寄课程,low,商品已下架/冻结,151,0.0,WATCH,693bb7562a745a001562d607,瑾漓的店,2026-06-18 14:35:10,web_full,,1
69b0dd995a55b80001124bce,笔记同款11数学语文英语单元活页卷电子版高清PDF可打印北师大人,low,商品已下架/冻结,151,0.0,WATCH,67a4867d9a36f80015c7008e,晨曦教育的店,2026-06-18 14:35:52,web_full,,1
69b0dd995a55b80001124bd7,笔记同款11数学语文英语单元活页卷电子版高清PDF可打印北师大人,low,商品已下架/冻结,148,0.0,WATCH,67a4867d9a36f80015c7008e,晨曦教育的店,2026-06-18 14:12:57,web_full,,1
69b0dd995a55b80001124bfe,笔记同款11数学语文英语单元活页卷电子版高清PDF可打印北师大人,low,商品已下架/冻结,148,0.0,WATCH,67a4867d9a36f80015c7008e,晨曦教育的店,2026-06-18 14:12:58,web_full,,1
69b0dd995a55b80001124bf8,笔记同款11数学语文英语单元活页卷电子版高清PDF可打印北师大人,low,商品已下架/冻结,148,0.0,WATCH,67a4867d9a36f80015c7008e,晨曦教育的店,2026-06-18 14:17:36,web_full,,1
69b0dd995a55b80001124bd1,笔记同款11数学语文英语单元活页卷电子版高清PDF可打印北师大人,low,商品已下架/冻结,148,0.0,WATCH,67a4867d9a36f80015c7008e,晨曦教育的店,2026-06-18 14:20:03,web_full,,1
69c290ce7c9c8f00018686ab,26公安辅警招聘考试公安基础知识行测能力测试法律知识考点练习课,low,商品已下架/冻结,147,0.0,WATCH,64e31a632d77a8000122d690,乐峰I星途的店,2026-06-18 13:34:26,web_full,,1
68e732fe9176f5000123e75f,高端简洁企业商务名片设计模板名片印刷平面模板AI矢量设计素材,low,商品已下架/冻结,147,0.0,WATCH,6724f91245465d00159e69f0,不晚设计资源的店,2026-06-18 13:43:19,web_full,,1
69b687479b4aae000189743d,DeepSeekai文游指令300加最新最全24小时随时发货,low,商品已下架/冻结,147,0.0,WATCH,69a3bfe1f0f71a00153c6264,典藏资料大全的店,2026-06-18 14:15:12,web_full,,1
69bcf497ff00dc00018ea1d9,人教版高中美术选择性必修123456上下册书教科标本电子新版PDF,low,商品已下架/冻结,147,0.0,WATCH,6915517e27d04f00159570f5,成语小全的店,2026-06-18 14:15:53,web_full,,1
69d5d872c282a20001566722,小学数学1-6年级下册《期末冲刺100分》PDF电子资料,low,商品已下架/冻结,147,0.0,WATCH,68712a651db32f00154f63cf,裴小裴老师的资料库的店,2026-06-18 14:30:58,web_full,,1
69ae66114a353400010ce403,外研社版小学英语书345年级课件本上下册高清打印电子版无水印PDF,low,商品已下架/冻结,146,0.0,WATCH,6915517e27d04f00159570f5,成语小全的店,2026-06-18 13:34:35,web_full,,1
679740e497ab01000167c859,潮流少女Y2K酸性3D立体文字字体特效标题设计psd贴图样机素材,low,商品已下架/冻结,146,0.0,WATCH,6724f91245465d00159e69f0,不晚设计资源的店,2026-06-18 13:34:38,web_full,,1
699c33df64479e00011f78ba,译林版小学英语123456年级书教科课件本上下册电子第一二学期PDF,low,商品已下架/冻结,146,0.0,WATCH,6915517e27d04f00159570f5,成语小全的店,2026-06-18 14:16:50,web_full,,1
6910b3fb0f510b00018e33ea,小学奥数学校高思数学竞赛视频课程网课练习题答案学习课本对应表,low,商品已下架/冻结,145,0.0,WATCH,681d6ea30a54700015a3f2e2,京兆学府的店,2026-06-18 13:57:21,web_full,,1
69cf51224ae1e7000136c8ef,高清美图720000张壁纸视频文案素材库,low,商品已下架/冻结,145,0.0,WATCH,69688ff33f35ee001531b48c,苏霸的店,2026-06-18 14:16:04,web_full,,1
69d5d872c282a2000156671f,小学数学1-6年级下册《期末冲刺100分》PDF电子资料,low,商品已下架/冻结,145,0.0,WATCH,68712a651db32f00154f63cf,裴小裴老师的资料库的店,2026-06-18 14:20:07,web_full,,1
65e57113735ada000192bfdd,中国传统文化手机x11样机非遗app设计展示交互视频ae模板,low,商品已下架/冻结,145,0.0,WATCH,657ac07ea02cc10001f17f13,鲸人视频制作的店,2026-06-18 14:24:48,web_full,,1
65b0e789adec65000171d7bf,高级渐变抽象数字艺术品牌创意设计项目提案排版策划ppt模版素材,low,商品已下架/冻结,144,0.0,WATCH,63b40e89540b790001a2d62e,KKAY DESIGN的店,2026-06-18 14:09:07,web_full,,1
66b0d1da60a9dc000108f400,潮流哥特嘻哈摇滚暗黑金属纹身乐队logo海报封面标题英文字体包,low,商品已下架/冻结,144,0.0,WATCH,63b40e89540b790001a2d62e,KKAY DESIGN的店,2026-06-18 14:09:08,web_full,,1
67fdf8668c17470001390caa,D5/BLENDER/LUMION/犀牛/ENSCAPE渲染工作站gpu4090/5080/5090,low,商品已下架/冻结,144,0.0,WATCH,67f7543391b7fc001575d198,超算云计算的店,2026-06-18 14:19:30,web_full,,1
67fdf8668c17470001390c98,D5/BLENDER/LUMION/犀牛/ENSCAPE渲染工作站gpu4090/5080/5090,low,商品已下架/冻结,144,0.0,WATCH,67f7543391b7fc001575d198,超算云计算的店,2026-06-18 14:20:38,web_full,,1
68ed95e2ce94ee000156f19e,2025秋季新版人教版语文一二三四五六年级上下册月考期中期末试卷,low,商品已下架/冻结,144,0.0,WATCH,674474022d7a770015373129,新教材资源的店,2026-06-18 14:35:13,web_full,,1
6977f8b6621e6f00015e69f1,【油管英语启蒙语料库】1-6岁亲子英语油管vlog拆解真实地道表达,low,商品已下架/冻结,142,0.0,WATCH,6971bbcf017bd50015923259,M的海外育儿记的店,2026-06-18 13:57:38,web_full,,1
6910b3fb0f510b00018e33d8,小学奥数学校高思数学竞赛视频课程网课练习题答案学习课本对应表,low,商品已下架/冻结,142,0.0,WATCH,681d6ea30a54700015a3f2e2,京兆学府的店,2026-06-18 14:17:36,web_full,,1
696478db7d2846000198aef2,笔记同款资料9电子版,low,商品已下架/冻结,142,0.0,WATCH,687245380086b000155135c5,M Teacher的店,2026-06-18 14:30:04,web_full,,1
6964bfaf726f6f00016b3009,2026党校研究生考试题库/政论理论/专业科目/考前点题/离线试卷,low,商品已下架/冻结,141,0.0,WATCH,69523785443604001530c4d7,进口可爱Y的店,2026-06-18 13:51:43,web_full,,1
691997891c5b2a0001db0676,iPhone 14贴图样机PSD设计素材34款创意模板,low,商品已下架/冻结,141,0.0,WATCH,682ea3acd0bdab0015da8c14,爱设计七七的店,2026-06-18 13:59:46,web_full,,1
6964bfaf726f6f00016b3003,2026党校研究生考试题库/政论理论/专业科目/考前点题/离线试卷,low,商品已下架/冻结,141,0.0,WATCH,69523785443604001530c4d7,进口可爱Y的店,2026-06-18 14:00:36,web_full,,1
678ca7f020a16b0001378654,地道韩语vlog母语者表达口语课｜从入门到高级韩语口语的线上课程,low,商品已下架/冻结,141,0.0,WATCH,66d6c9ee7b526000163acd80,kina的韩语日记的店,2026-06-18 14:03:55,web_full,,1
674f09787f06b0000172d41c,SU爆炸图插件一键生成 建模效率封神 场景拆分神器,low,商品已下架/冻结,141,0.0,WATCH,66ca322502383e001535d654,设计匠的店,2026-06-18 14:08:20,web_full,,1
6964bfaf726f6f00016b302a,2026党校研究生考试题库/政论理论/专业科目/考前点题/离线试卷,low,商品已下架/冻结,140,0.0,WATCH,69523785443604001530c4d7,进口可爱Y的店,2026-06-18 13:46:32,web_full,,1
6910b3fb0f510b00018e33de,小学奥数学校高思数学竞赛视频课程网课练习题答案学习课本对应表,low,商品已下架/冻结,140,0.0,WATCH,681d6ea30a54700015a3f2e2,京兆学府的店,2026-06-18 13:47:02,web_full,,1
68d1e9d3edd31a0001c01ea3,2025北师大版小学英语北师大四年级上册单词课文音频,low,商品已下架/冻结,140,0.0,WATCH,674474022d7a770015373129,新教材资源的店,2026-06-18 14:13:04,web_full,,1
68ac04053f78410001cf9c16,2025北师大版小学英语北师大四年级上册单词课文音频,low,商品已下架/冻结,140,0.0,WATCH,674474022d7a770015373129,新教材资源的店,2026-06-18 14:17:35,web_full,,1
69e23f706e46160001fec04e,Gn7手账本 订阅模板 数字笔记 教程 学习办公PPt,low,商品已下架/冻结,139,0.0,WATCH,69da50454c282800152c8125,菠萝包包kww的店,2026-06-18 14:12:51,web_full,,1
69f9eb7e1560290001df7a41,小升初语文总复习资料 小升初语文复习课件ppt 小升初语文专题,low,商品已下架/冻结,139,0.0,WATCH,6914685009464b0014753f71,云朵的电子资料分享的店,2026-06-18 14:16:09,web_full,,1
6970760cd07ba000013ef11f,2026春初中电子版资料（笔记同款21）,low,商品已下架/冻结,139,0.0,WATCH,68ea1b7e3b282d00238a6dbf,闪电知识解忧的店,2026-06-18 14:30:22,web_full,,1
69fad4856eeaf7000190a5d9,26年6月刘晓y四六级全程班+保命班（网课+资料）持续更新中～,low,商品已下架/冻结,137,0.0,WATCH,68c80223b72c2c00151a5132,木木夕、的店,2026-06-18 13:34:29,web_full,,1
69b7a3438f92f80001d5a69b,人教版初中生物初一二78年级电子教科版书本高清无水打印新版PDF,low,商品已下架/冻结,137,0.0,WATCH,6915517e27d04f00159570f5,成语小全的店,2026-06-18 13:51:46,web_full,,1
69c68140e6196b00012efb9f,完整版视频+音乐MP3百度网盘下载,low,商品已下架/冻结,137,0.0,WATCH,67e4e984c9430c0015a6ab9b,琳琳老师舞蹈库的店,2026-06-18 14:16:03,web_full,,1
69c3e25023faf8000156694b,【拍下秒发】医学类电子版教材合集,low,商品已下架/冻结,137,0.0,WATCH,69ad8a8f3f35ee001531e8c7,医学生服务站的店,2026-06-18 14:34:35,web_full,,1
69ad95f01166fe0001c4954f,【最新】X性偏好在线测试-探索你的亲密偏好--D,low,商品已下架/冻结,136,0.0,WATCH,698861eab71ebf0015903fb0,声灵其静的店,2026-06-18 14:12:55,web_full,,1
69bfa3eb0ac79f0001cef916,26上小学道法教资面试流程结构化答辩教案真题库试讲逐字稿163篇,low,商品已下架/冻结,135,0.0,WATCH,665429bd00444d000116c277,浅笑学姐的店,2026-06-18 13:47:26,web_full,,1
648dd17cb58bd5000169205a,可商用Y2K创意复古气泡趣味可爱标题排版日文字体平面设计素材,low,商品已下架/冻结,134,0.0,WATCH,63b40e89540b790001a2d62e,KKAY DESIGN的店,2026-06-18 14:09:06,web_full,,1
69c928397dd4a10001061252,【内部扫描电子版介意勿拍】投资人手册170页赠创给人手册313页,low,商品已下架/冻结,134,0.0,WATCH,662ca301a57f580001f7615b,闪光少女前进✨的店,2026-06-18 14:12:29,web_full,,1
6968301f5c204c00016eef2d,27考研政治苏一思维导图电子版 政治思维导图高清可打印,low,商品已下架/冻结,133,0.0,WATCH,68a1e4b5f07d210015c3fdf2,蛋蛋学姐🎓的店,2026-06-18 13:34:24,web_full,,1
69afc902f209ba000125071a,《3dsMax2020VRay室内家装/工装效果图全流程技术》人邮电子书PDF,low,商品已下架/冻结,133,0.0,WATCH,6928345d8637cf0015e126ca,我们的书店📖的店,2026-06-18 13:35:40,web_full,,1
69b3d2b908e3690001ac14c4,《3dsMax2020VRay室内效果图制作实训教程》人邮电子书PDF,low,商品已下架/冻结,133,0.0,WATCH,6928345d8637cf0015e126ca,我们的书店📖的店,2026-06-18 13:35:40,web_full,,1
69b3d467180bf40001238cb1,《3dsMax2016VRay效果图制作世纪大全》实战教程人邮电子书PDF,low,商品已下架/冻结,133,0.0,WATCH,6928345d8637cf0015e126ca,我们的书店📖的店,2026-06-18 13:35:40,web_full,,1
69b4dc0299f8fe000155ac34,《Maya2020VRay基础培训教程》人邮电子书PDF,low,商品已下架/冻结,133,0.0,WATCH,6928345d8637cf0015e126ca,我们的书店📖的店,2026-06-18 13:35:41,web_full,,1
69afc99514149e0001edc7d1,《3dsMax2020VRay室内设计效果图表现技法》人邮电子书PDF,low,商品已下架/冻结,133,0.0,WATCH,6928345d8637cf0015e126ca,我们的书店📖的店,2026-06-18 13:35:45,web_full,,1
686bc6b6ed4dcf001568c179,srt灵摆调频精品课程视频初阶+中阶+高阶永久,low,商品已下架/冻结,133,0.0,WATCH,680df1eff09fd0001532756e,汧冭资料的店,2026-06-18 13:59:51,web_full,,1
690f36150f510b00018172f7,咖啡厅奶茶店工装室内设计全套cad施工图纸3dmax装修效果图SU模型,low,商品已下架/冻结,132,0.0,WATCH,6908b1dca0f8db001598a4a0,小欣素材店的店,2026-06-18 14:25:23,web_full,,1
6706253194f7580001f3218b,透明塑料箔纸真空塑封褶皱薄膜VI智能展示样机包装效果PS设计素材,low,商品已下架/冻结,131,0.0,WATCH,64cf4dc2f58f8b000152f4a5,起山素材的店,2026-06-18 14:05:05,web_full,,1
658145fc65ea32000152c4e9,科技感phone x手机APP客户端小程序公众号功能操作演示视频AE模板,low,商品已下架/冻结,130,0.0,WATCH,657ac07ea02cc10001f17f13,鲸人视频制作的店,2026-06-18 14:24:35,web_full,,1
69fe88d8a5715f00013c6946,（xhj）应用游戏更新一次性-长期共享-独享虚拟共享PPT演示模板,low,商品已下架/冻结,129,0.0,WATCH,69e8b3e56ad7ba0015367094,潇飞云端工具小站的店,2026-06-18 14:15:52,web_full,,1
69fdfc373599c000013589e3,WPS超级会 PDF编辑转换 个人简历 PPT模板制作,low,商品已下架/冻结,128,0.0,WATCH,6926ae4a3a05910015c9822b,伊伊办公便利惠民的店,2026-06-18 14:29:42,web_full,,1
69c626ea23faf80001954d56,26春小学数1-6年级下册《北京真题同步资料》（PDF高清可打印）,low,商品已下架/冻结,128,0.0,WATCH,67c2ace71b597e0015ea4c0c,欧阳老师的资料库的店,2026-06-18 14:34:57,web_full,,1
69b91166ec6664000168ee48,26春考试宝典｜小学一二三四五六年级下册试卷PDF电子版资料,low,商品已下架/冻结,128,0.0,WATCH,67ea63f5d90d8200154009f5,Duffy老师教辅站的店,2026-06-18 14:35:26,web_full,,1
69f5b816a5715f000172cf2f,2026新导师评价表Excel模板黑红榜信息差,low,商品已下架/冻结,127,0.0,WATCH,68e1d78e60d1a4001504e722,格谦资料库,2026-06-18 14:30:50,web_full,,1
699ea117094aed00013fd0a7,浙教版初中科学初一二三789年级新版上下册书教科课件本电子版PDF,low,商品已下架/冻结,126,0.0,WATCH,6915517e27d04f00159570f5,成语小全的店,2026-06-18 13:39:08,web_full,,1
6734e1454713b30001245256,极简黑白灰短视频宣传片故事脚本策划提案排版ppt模版素材,low,商品已下架/冻结,126,0.0,WATCH,63b40e89540b790001a2d62e,KKAY DESIGN的店,2026-06-18 14:09:08,web_full,,1
6a01d70f3eb97c000133a384,2026研究生导师评价指南表7万+excel可筛选,low,商品已下架/冻结,126,0.0,WATCH,68e1d78e60d1a4001504e722,格谦资料库的店,2026-06-18 14:20:51,web_full,,1
68c698cf9c4f880001bbeb6f,2026国家金融监督管理总局计算机类考试历年真题库国考金管局模考,low,商品已下架/冻结,125,0.0,WATCH,68b4fc7d9e88560015bfc31f,万诚教育考试题库的店,2026-06-18 13:34:19,web_full,,1
69b241cf7bbc8200157f988d,2025剪影电脑手机教程照片素材库源文件 · 默认,low,商品已下架/冻结,125,0.0,WATCH,69ae8d887d730300150abfe0,兰兰的资料小库的店,2026-06-18 13:35:49,web_full,,1
67618c8a67b3ca000123d47a,3dmax格式批量转换 建模党必备高效工具 一键搞定建模格式,low,商品已下架/冻结,125,0.0,WATCH,66ca322502383e001535d654,设计匠的店,2026-06-18 14:08:20,web_full,,1
66b0d0af5ef6bc0001378dc4,潮流嘻哈复古哥特摇滚纹身金属朋克logo海报标题装饰英文字体包,low,商品已下架/冻结,125,0.0,WATCH,63b40e89540b790001a2d62e,KKAY DESIGN的店,2026-06-18 14:09:08,web_full,,1
69de5ae479266200010220bf,2026版领跑红枣卷广东专版中考7科预测试卷PDF-垫子版,low,商品已下架/冻结,124,0.0,WATCH,687df154fe28990015d44778,逆袭の提分室的店,2026-06-18 14:12:50,web_full,,1
69822274880da200010444e9,2026春1-6年级下册《五星学霸语文 | 数学 | 英语》各版本,low,商品已下架/冻结,124,0.0,WATCH,69460c835f0fca00151e8b77,魏老师资料的店,2026-06-18 14:16:43,web_full,,1
69822274880da200010444c2,2026春1-6年级下册《五星学霸语文 | 数学 | 英语》各版本,low,商品已下架/冻结,124,0.0,WATCH,69460c835f0fca00151e8b77,魏老师资料的店,2026-06-18 14:16:44,web_full,,1
679b397175ca3a00015017a7,古风中式水墨banner海报背景psd设计素材,low,商品已下架/冻结,123,0.0,WATCH,6724f91245465d00159e69f0,不晚设计资源的店,2026-06-18 14:00:16,web_full,,1
69c626ea23faf80001954d4a,26春小学数1-6年级下册《北京真题同步资料》（PDF高清可打印）,low,商品已下架/冻结,123,0.0,WATCH,67c2ace71b597e0015ea4c0c,欧阳老师的资料库的店,2026-06-18 14:15:23,web_full,,1
69c626ea23faf80001954d4d,26春小学数1-6年级下册《北京真题同步资料》（PDF高清可打印）,low,商品已下架/冻结,123,0.0,WATCH,67c2ace71b597e0015ea4c0c,欧阳老师的资料库的店,2026-06-18 14:15:30,web_full,,1
69c626ea23faf80001954d63,26春小学数1-6年级下册《北京真题同步资料》（PDF高清可打印）,low,商品已下架/冻结,123,0.0,WATCH,67c2ace71b597e0015ea4c0c,欧阳老师的资料库的店,2026-06-18 14:17:17,web_full,,1
69bedd2ca20c21000199674a,模拟人生4拉杆合集sims4身体预设滑块CAS捏人MOD捏娃捏脸模组,low,商品已下架/冻结,122,0.0,WATCH,696271d25cae4a0015bbf3bf,小七游记的店,2026-06-18 13:34:38,web_full,,1
69de5ae479266200010220c8,2026版领跑红枣卷广东专版中考7科预测试卷PDF-垫子版,low,商品已下架/冻结,122,0.0,WATCH,687df154fe28990015d44778,逆袭の提分室的店,2026-06-18 13:51:45,web_full,,1
69de5ae479266200010220c5,2026版领跑红枣卷广东专版中考7科预测试卷PDF-垫子版,low,商品已下架/冻结,122,0.0,WATCH,687df154fe28990015d44778,逆袭の提分室的店,2026-06-18 13:51:49,web_full,,1
69de5ae479266200010220bc,2026版领跑红枣卷广东专版中考7科预测试卷PDF-垫子版,low,商品已下架/冻结,122,0.0,WATCH,687df154fe28990015d44778,逆袭の提分室的店,2026-06-18 14:00:59,web_full,,1
660cf1efd391df000176e785,phone1213手机app展示动画UI界面交互动效作品展示样机ae视频模板,low,商品已下架/冻结,122,0.0,WATCH,657ac07ea02cc10001f17f13,鲸人视频制作的店,2026-06-18 14:24:50,web_full,,1
693d47369b2f2f00151a985a,基础护理学 第七版题库资料电子版素材基础护理学 第七版题库资料,low,商品已下架/冻结,121,0.0,WATCH,68eb26832e2fd900159d2769,王老师备课小站的店,2026-06-18 14:08:05,web_full,,1
696af2b4f1fe0f00156c8cf9,"邻居大爷全套课,含三要素主力结构强化课复盘课视频电子版素材",low,商品已下架/冻结,121,0.0,WATCH,68c93a25157e370015f0d1b0,小李资料馆的店,2026-06-18 14:36:20,web_full,,1
68ca3360cb717b000175c1c3,2026版一本初中数学几何模型辅助线数学函数应用题电子版全国通用,low,商品已下架/冻结,120,0.0,WATCH,6607a843aeebf800016e7980,翰林学长的店,2026-06-18 14:03:17,web_full,,1
674fd1c5eb35d700019935ef,iphone14/15苹果手机UI界面展示演示作品集毕设动态效样机AE模板,low,商品已下架/冻结,120,0.0,WATCH,62a94933ad198d00019150ac,思酷科技设计师的店,2026-06-18 14:08:50,web_full,,1
69fd38596eeaf70001c71d7d,2026最新高清原版完整版视频课程 13套+9套赠课,low,商品已下架/冻结,120,0.0,WATCH,690b654650d6840015d94428,天涯学舍的店,2026-06-18 14:16:04,web_full,,1
69beb88ed95b5a0001ae3b63,英语四六级网课100元定制,low,商品已下架/冻结,118,0.0,WATCH,695fa93c020fd10015aeddda,电费（司飞）的店,2026-06-18 13:34:25,web_full,,1
69ccb2a52fb6290001fd5289,SnapGene8.0/7.0.2/6.0.2安装包/远程下载 · 【Win】8.0.1/7.0.2/6.0.2,low,商品已下架/冻结,118,0.0,WATCH,68c36e0a5ad9d00015e9db47,科研绘图办公软件资源的店,2026-06-18 13:35:35,web_full,,1
69ce228dca1548000117b065,2027考研英语资料包红宝书词汇闪过句句真研5500核心单词pdf网盘,low,商品已下架/冻结,118,0.0,WATCH,697b1a80926da3001597d386,温柔的温度（已上岸版）的店,2026-06-18 13:51:07,web_full,,1
676914f0b1267e0001c4148a,X展架易拉宝企业宣传效果图展示VI智能贴图PSD样机提案设计素材,low,商品已下架/冻结,118,0.0,WATCH,64cf4dc2f58f8b000152f4a5,起山素材的店,2026-06-18 14:04:52,web_full,,1
686cc3682e08950001ab9bcb,2026高中必刷题狂k重点答案解析数学物理化学生物电子版pdf,low,商品已下架/冻结,117,0.0,WATCH,680274223d2a1c001515426f,半亩方塘洁的店,2026-06-18 13:53:31,web_full,,1
68e5023b7c1a03000151adf3,导师讲师嘉宾专家先进人物团队介绍宣传海报展板psd设计素材模板,low,商品已下架/冻结,117,0.0,WATCH,686b718ececd550015889740,拾光素材库的店的店,2026-06-18 14:30:38,web_full,,1
6489a7ba9971c60001a53ddb,34页时尚简约莫兰迪配色品牌形象VI规范指导手册排版设计ppt模板,low,商品已下架/冻结,116,0.0,WATCH,63b40e89540b790001a2d62e,KKAY DESIGN的店,2026-06-18 14:24:59,web_full,,1
69438e02c3604d001548c149,幼儿园音乐课堂律动小游戏课前热身节拍手势舞手指舞ppt教学视频,low,商品已下架/冻结,115,0.0,WATCH,68eb2506b969df001503dc19,胡图图资料的店,2026-06-18 13:51:45,web_full,,1
6824aa763aa6a60015fc7c0c,帕梅拉健身教程自学视频pamela舞无器械减脂操课程,low,商品已下架/冻结,115,0.0,WATCH,6822bb5b912a0c001500805e,书华章的店,2026-06-18 14:07:42,web_full,,1
69e096ed4545510001c820cd,笔神作文批改，语文老师必备,low,商品已下架/冻结,115,0.0,WATCH,6901bbcd075964001561e80a,小棉老师的店,2026-06-18 14:20:03,web_full,,1
6979709362c5c0001573d639,Office文档word文字转手写体潦草真人字迹效果fonts多款字体模板,low,商品已下架/冻结,115,0.0,WATCH,68c93a25157e370015f0d1b0,小李资料馆的店,2026-06-18 14:36:22,web_full,,1
69e62a5439916f0001e34327,26教资面试中小幼结构化试讲答辩（包含每个学科）/可下载/可打印,low,商品已下架/冻结,114,0.0,WATCH,68cfde13ce83500015c3bbd4,学海上岸资料的店,2026-06-18 13:34:27,web_full,,1
68558f794083e60015ad0d43,红色喜庆订婚宴答谢宴求婚婚礼迎宾舞台背景板KT板设计素材模板,low,商品已下架/冻结,114,0.0,WATCH,677f58eeb2441a00153ed2bf,汇贤教育的店,2026-06-18 14:00:00,web_full,,1
692b15ad137a3b00014d4a94,废弃工厂厂房仓库改造办公楼创意园区商业街建筑SU模型CAD施工图,low,商品已下架/冻结,114,0.0,WATCH,6908b1dca0f8db001598a4a0,小欣素材店的店,2026-06-18 14:25:23,web_full,,1
69b2159a180bf40001df43d4,春季春日创意市集春天露营活动手举牌摊位KV主视觉ai矢量设计素材,low,商品已下架/冻结,113,0.0,WATCH,6615275daeebf8000156110f,板砖素材的店,2026-06-18 13:34:31,web_full,,1
6959dbff8fe5f60001be9ff5,2026人教A版高中数学同步必刷题高一必修12高二选修一二三狂K重点,low,商品已下架/冻结,113,0.0,WATCH,6607a843aeebf800016e7980,翰林学长的店,2026-06-18 13:56:39,web_full,,1
69de5ae479266200010220cb,2026版领跑红枣卷广东专版中考7科预测试卷PDF-垫子版,low,商品已下架/冻结,112,0.0,WATCH,687df154fe28990015d44778,逆袭の提分室的店,2026-06-18 13:43:08,web_full,,1
69620343c13d0f00153c4ce5,新华字典第12版单色本多格式电子资料素材网盘发货,low,商品已下架/冻结,112,0.0,WATCH,68eb26832e2fd900159d2769,王老师备课小站的店,2026-06-18 14:05:30,web_full,,1
699d620736330e00018c94ad,北师大版初中数学初一二三789年级上下册书教科课件本电子新版PDF,low,商品已下架/冻结,112,0.0,WATCH,6915517e27d04f00159570f5,成语小全的店,2026-06-18 14:35:33,web_full,,1
69438f84fb672a00157d598e,新标准日语初级中高级上下册PDF电子版视频教材标日听力音频自学,low,商品已下架/冻结,112,0.0,WATCH,68eb2506b969df001503dc19,胡图图资料的店,2026-06-18 14:35:59,web_full,,1
69bcae029c1465000155edcc,2026春（笔记同款小学18）语文数学英语测评卷课堂笔记PDF电子版,low,商品已下架/冻结,111,0.0,WATCH,67616e8f5163890015dc9a81,提分电子资料馆的店,2026-06-18 14:12:44,web_full,,1
68ec6139299049000109a541,1800款个性个人名片模板高端psd订制电子版设计素材卡片,low,商品已下架/冻结,110,0.0,WATCH,68ad167db7c4980015fe65b6,桃芝芝素材的店,2026-06-18 13:43:19,web_full,,1
677a916d77d41e000127f1e0,爱情主题ppt模版婚礼演示,low,商品已下架/冻结,110,0.0,WATCH,6773936432ecec00152675d3,墨笺逸阁素材的店,2026-06-18 14:24:31,web_full,,1
688322d38fe34700015fa19d,雅思全科备考资料（持续更新）,low,商品已下架/冻结,109,0.0,WATCH,6881b242dc9d7b00151ba53d,风吹屁屁凉a的店,2026-06-18 13:56:26,web_full,,1
68f41892ce94ee000134836e,2025新版外研版新交际英语一二年级上下册月考期中期末试卷习题,low,商品已下架/冻结,109,0.0,WATCH,674474022d7a770015373129,新教材资源的店,2026-06-18 14:16:06,web_full,,1
6464576844ee2b0001b07822,时尚艺术人物摄影宣传服装品牌设计lookbook作品集排版ppt模版,low,商品已下架/冻结,109,0.0,WATCH,63b40e89540b790001a2d62e,KKAY DESIGN的店,2026-06-18 14:24:59,web_full,,1
69e08912ff34a50001394fcd,2026初中数学系列资料笔记款6,low,商品已下架/冻结,108,0.0,WATCH,68c3087781275700154f01d9,圆梦学习的店,2026-06-18 14:03:17,web_full,,1
693bbfb52571080015020796,浙江省期中期末真题试卷小学一二三四五六年语文数学英语word素材,low,商品已下架/冻结,108,0.0,WATCH,68c93a25157e370015f0d1b0,小李资料馆的店,2026-06-18 14:20:56,web_full,,1
69159a1034256f0001743753,26一级二级建造师网课题库一建二建金月王欣宿吉南建筑机电市政,low,商品已下架/冻结,107,0.0,WATCH,67b5e3031af5a70015728477,佳佳妙妙屋的店,2026-06-18 13:34:37,web_full,,1
67f3c5e02dd3d10001d31a8e,26一级二级建造师网课题库一建二建金月王欣宿吉南建筑机电市政,low,商品已下架/冻结,107,0.0,WATCH,67b5e3031af5a70015728477,佳佳妙妙屋的店,2026-06-18 13:35:59,web_full,,1
67f3c5e02dd3d10001d31a8b,26一级二级建造师网课题库一建二建金月王欣宿吉南建筑机电市政,low,商品已下架/冻结,107,0.0,WATCH,67b5e3031af5a70015728477,佳佳妙妙屋的店,2026-06-18 13:43:41,web_full,,1
69edc74cbd8c35000129d514,2026秋季新版英语数学语文道法历史各科资料电子版合集,low,商品已下架/冻结,107,0.0,WATCH,671770807f3e1d00154dd564,快乐周老师的店,2026-06-18 13:47:00,web_full,,1
693bbfb8f1fe0f00154cf5e8,山东省临沂市期中期末试卷真题初中七八九年级上下英语文数电子版,low,商品已下架/冻结,107,0.0,WATCH,68c93a25157e370015f0d1b0,小李资料馆的店,2026-06-18 14:12:46,web_full,,1
687a0c30eab7930001215211,新中式茶饮茶道煮茶茶艺中国风书法宣传海报模板展板PSD素材,low,商品已下架/冻结,106,0.0,WATCH,6724f91245465d00159e69f0,不晚设计资源的店,2026-06-18 13:52:06,web_full,,1
699fd681c9f5da00019a19bb,26春小学语文1-6年级下册《提优训练》（PDF高清电子版）,low,商品已下架/冻结,106,0.0,WATCH,67c2ace71b597e0015ea4c0c,欧阳老师的资料库的店,2026-06-18 14:12:36,web_full,,1
672dc15c18193500010c9e65,天下姚李·四川师范大学2026自考成考学士学位英日语水平考试真题库模拟试卷,low,商品已下架/冻结,105,0.0,WATCH,66ea3296d1b4c200150394ae,天下姚李旗舰店,2026-06-18 13:51:11,web_full,,1
672dc15c18193500010c9e71,天下姚李·四川师范大学2026自考成考学士学位英日语水平考试真题库模拟试卷,low,商品已下架/冻结,105,0.0,WATCH,66ea3296d1b4c200150394ae,天下姚李旗舰店,2026-06-18 13:57:37,web_full,,1
672dc15c18193500010c9e77,天下姚李·四川师范大学2026自考成考学士学位英日语水平考试真题库模拟试卷,low,商品已下架/冻结,105,0.0,WATCH,66ea3296d1b4c200150394ae,天下姚李旗舰店,2026-06-18 14:00:32,web_full,,1
691366617f5cb300017af76b,【现有文档导入】AI自动生成PPT 高端PPT模板,low,商品已下架/冻结,105,0.0,WATCH,66a759ba0cddb90015cf775b,高效小能手的店,2026-06-18 14:11:45,web_full,,1
67c5dc6529b9f7000104592b,褶皱折叠平铺多角度场景单页广告海报提案展示样机贴图PSD素材,low,商品已下架/冻结,104,0.0,WATCH,64d443a8c4dc4400014334bd,大林设计的店,2026-06-18 13:34:38,web_full,,1
699d620736330e00018c949e,北师大版初中数学初一二三789年级上下册书教科课件本电子新版PDF,low,商品已下架/冻结,104,0.0,WATCH,6915517e27d04f00159570f5,成语小全的店,2026-06-18 13:39:08,web_full,,1
6858b40e62138500011e4911,38款 开学季直播间教育培训课程奶粉促销绿幕背景贴片psd设计素材,low,商品已下架/冻结,104,0.0,WATCH,67407e04f53f0a0015c9c33f,悠筱素材模板的店,2026-06-18 13:57:05,web_full,,1
69c120a2ffa26d0001d86ab7,2026春数学1-6年级下册【笔记同款831】SN素质教育报PDF,low,商品已下架/冻结,104,0.0,WATCH,67289ed591ee7d0014853b98,东方老师资料的店,2026-06-18 14:16:32,web_full,,1
683b0c04317c900001a6ba5d,0140/中国风水墨文艺典雅绿色复古风国风PPT幻灯片通用模板 素材,low,商品已下架/冻结,104,0.0,WATCH,67fca73233756f00156702d8,薄荷星语的店,2026-06-18 14:23:57,web_full,,1
69eb8043faf0020001a8e8de,2026新版快捷英语时文阅读第30期小学初中高中通用电子版PDF,low,商品已下架/冻结,103,0.0,WATCH,6842e7a95c987e0015e16204,子莫老师的店,2026-06-18 13:42:34,web_full,,1
69587f4cb1e6660001fed2ef,26年上中小学教资三色学霸笔记,low,商品已下架/冻结,103,0.0,WATCH,6930ebd5c401630015c318d3,发光小太阳（自律版）的店,2026-06-18 13:46:50,web_full,,1
69e47be04dd26e0001cd1e6e,26年下教资笔试中小幼教师资格证笔试【电子版资料】可打印,low,商品已下架/冻结,103,0.0,WATCH,68cfde13ce83500015c3bbd4,学海上岸资料的店,2026-06-18 13:56:10,web_full,,1
662897f7dc628200015cd207,SU模型｜142款中式简欧餐桌椅子茶桌茶几,low,商品已下架/冻结,103,0.0,WATCH,65702bfe32e7e2000174e5fa,七七素材的店,2026-06-18 14:01:06,web_full,,1
694e9d5e110a7f0001fe22a5,26年上中小学教资三色学霸笔记,low,商品已下架/冻结,102,0.0,WATCH,6930ebd5c401630015c318d3,发光小太阳（自律版）的店,2026-06-18 13:34:22,web_full,,1
699d8f4e97a5d70001ab7490,本店铺已完结小说合集【每日更新】,low,商品已下架/冻结,102,0.0,WATCH,6929305d926da30015e834c9,菠萝吹雪（游戏版）的店,2026-06-18 13:43:26,web_full,,1
69462a5bf17edd0001a88516,十四五本科药学教材全册PDF-人卫,low,商品已下架/冻结,102,0.0,WATCH,68fcec781a603d0015012eb8,猫儿PDF（24h全自动发货）的店,2026-06-18 14:12:14,web_full,,1
69c87a29e979fc00015dbfc1,26春小学数1-6年级下册《LD同步单元试卷》（PDF高清可打印）,low,商品已下架/冻结,102,0.0,WATCH,67c2ace71b597e0015ea4c0c,欧阳老师的资料库的店,2026-06-18 14:16:55,web_full,,1
696b3ce48b93420001a25862,2026春第一课堂笔记下册小学语文数学英语人教版教材同步学霸笔记,low,商品已下架/冻结,101,0.0,WATCH,65928a9c21c93800018a7528,歆悦图书旗舰店,2026-06-18 14:15:43,web_full,,1
69d8ad51953e44000110ab56,2026春小学电子版资料（笔记同款722）,low,商品已下架/冻结,101,0.0,WATCH,68ea1b7e3b282d00238a6dbf,闪电知识解忧的店,2026-06-18 14:16:32,web_full,,1
69d8ad51953e44000110ab44,2026春小学电子版资料（笔记同款722）,low,商品已下架/冻结,101,0.0,WATCH,68ea1b7e3b282d00238a6dbf,闪电知识解忧的店,2026-06-18 14:16:34,web_full,,1
6901c651f5d048000171c8e1,大气2026马年企业年会舞台背景主视觉展板led屏主画面设计素材psd,low,商品已下架/冻结,100,0.0,WATCH,671a5897ef81e60015a363be,齐迹视界资源设计的店,2026-06-18 14:00:01,web_full,,1
693faa49040ad4001541899c,初中化学中考专项培优练习题计算题流程试验推断图像电子版资料,low,商品已下架/冻结,100,0.0,WATCH,68c93a25157e370015f0d1b0,小李资料馆的店,2026-06-18 14:08:09,web_full,,1
6722eeaac91a8d000104143a,CAD批量打印插件 一键多文档多图框 PDF高效出图神器,low,商品已下架/冻结,100,0.0,WATCH,66ca322502383e001535d654,设计匠的店,2026-06-18 14:08:19,web_full,,1
6840fcdf5d79410001bc9cc8,数字化科技中国风历史国际博物馆文物美术故宫介绍动态pptg002,low,商品已下架/冻结,100,0.0,WATCH,6773936432ecec00152675d3,墨笺逸阁素材的店,2026-06-18 14:24:32,web_full,,1
65843682a5ed860001532e67,网页UI作品设计动画展示网站宣传演示操作动画工程文件AE模板,low,商品已下架/冻结,100,0.0,WATCH,657ac07ea02cc10001f17f13,鲸人视频制作的店,2026-06-18 14:24:39,web_full,,1
6832ec9a42360a0001ad9e8a,卡通可爱字体手写字体搭配 字体模版,low,商品已下架/冻结,99,0.0,WATCH,682e8d40f09fd00015328f2b,早哇早哇早的店,2026-06-18 13:34:16,web_full,,1
69e0a24191380100158cd2ff,图学会BIM一级等级考试真题revit模型题含参考答案revit别墅模型 · 完整版资料（网盘发货）,low,商品已下架/冻结,99,0.0,WATCH,6974d46050a7c90015fe16e9,清晨学姐的店,2026-06-18 13:35:30,web_full,,1
677f9650fb6ac0000181c5e8,2026年教师资格证考试小学教师资格考试真题题库中学教师资格证题,low,商品已下架/冻结,99,0.0,WATCH,635f233b83f0d000019db665,考证小助手的店,2026-06-18 13:43:29,web_full,,1
677f9650fb6ac0000181c63c,2026年教师资格证考试小学教师资格考试真题题库中学教师资格证题,low,商品已下架/冻结,99,0.0,WATCH,635f233b83f0d000019db665,考证小助手的店,2026-06-18 13:46:37,web_full,,1
677f9650fb6ac0000181c639,2026年教师资格证考试小学教师资格考试真题题库中学教师资格证题,low,商品已下架/冻结,99,0.0,WATCH,635f233b83f0d000019db665,考证小助手的店,2026-06-18 13:47:15,web_full,,1
677f9650fb6ac0000181c645,2026年教师资格证考试小学教师资格考试真题题库中学教师资格证题,low,商品已下架/冻结,99,0.0,WATCH,635f233b83f0d000019db665,考证小助手的店,2026-06-18 13:47:17,web_full,,1
67bff97849f1f100017d1b7c,国风新中式传统古典创意山水国画水墨博物馆矢量海报模板ai素材,low,商品已下架/冻结,98,0.0,WATCH,6773936432ecec00152675d3,墨笺逸阁素材的店,2026-06-18 13:52:10,web_full,,1
664ac1417c80560001105136,phonex1213手机APP展示交互动画动效界面设计应用程序推广AE模板,low,商品已下架/冻结,98,0.0,WATCH,657ac07ea02cc10001f17f13,鲸人视频制作的店,2026-06-18 14:24:51,web_full,,1
69367001af71c3000139bc08,1041/三折页 PS 设计素材模板 创意高端公司企业DM宣传册广告传单,low,商品已下架/冻结,97,0.0,WATCH,68ad167db7c4980015fe65b6,桃芝芝素材的店,2026-06-18 13:43:37,web_full,,1
68b27ae28ec6fa00016610f2,2026同等学力英语词汇|真题|作文|三合一电子资料｜设计素材原文,low,商品已下架/冻结,97,0.0,WATCH,6524bfb1f13b15000107cbe4,瓜瓜学长的店,2026-06-18 14:03:51,web_full,,1
69f3fcd681bc010001c65ba3,【新】26年高考押题卷电子档各类主流押题卷,low,商品已下架/冻结,97,0.0,WATCH,6968e40b5f6798001549706d,谦万老师（进店铺咨询）的店,2026-06-18 14:11:21,web_full,,1
68763a5e02d7b00001407fc2,300款金属Y2K未来主义抽象艺术镀铬液态几何图形png免抠图片素材,low,商品已下架/冻结,97,0.0,WATCH,63b40e89540b790001a2d62e,KKAY DESIGN的店,2026-06-18 14:25:02,web_full,,1
69901d2ce49faa0001fedc9a,【24小时发货】App展板UI作品集模板毕业设计作业包装界面展示PSD,low,商品已下架/冻结,97,0.0,WATCH,69708223c857a00016306bab,一家补给站的店,2026-06-18 14:35:21,web_full,,1
689b0a07c43910000134110d,行业研究报告1份PDF（801-900编号）网盘发货，发邮箱联系客服,low,商品已下架/冻结,96,0.0,WATCH,6808801a2df6d0001587a4a6,行业研究报告库的店,2026-06-18 13:44:20,web_full,,1
69b116b42be6440001f67a49,小学数学1-6年级下册《同步好卷》PDF电子资料,low,商品已下架/冻结,96,0.0,WATCH,68712a651db32f00154f63cf,裴小裴老师的资料库的店,2026-06-18 13:47:04,web_full,,1
6756ab9453c11d0001dd5b3b,2026春版53全优卷123456年级上下册测试卷期末冲刺100五三天天练,low,商品已下架/冻结,96,0.0,WATCH,66669618dd221800012eefcd,教辅酱推荐书籍的店,2026-06-18 13:59:42,web_full,,1
69ee1cc8933b03000167dd92,《怀上权臣男主的崽》by草灯大人 TXT电子版PPT教案模版,low,商品已下架/冻结,96,0.0,WATCH,69d8dfe7ff4a75001571b919,学长素材小铺的店,2026-06-18 14:11:46,web_full,,1
69bcbb38ec66640001eb6bb2,2026春初中笔记同款资料6电子版,low,商品已下架/冻结,96,0.0,WATCH,686e16a2409b630015c8b6ec,Teacher的店,2026-06-18 14:19:43,web_full,,1
69cdd6049347b100011449bb,笔记同款 语文数学英语《活页同步练习册》123456年级 pdf电子版,low,商品已下架/冻结,96,0.0,WATCH,694a486fb1c2c30015b7053c,Lucky🍀老师吖的店,2026-06-18 14:35:52,web_full,,1
69df14a7933b0300012db3db,2026教资面试资料包｜幼小初高中全科电子资料包（试讲+结构化）,low,商品已下架/冻结,95,0.0,WATCH,68ac5e357efd5800159a103e,笔墨星橙的店,2026-06-18 13:51:05,web_full,,1
69a2a49f6b5a83000188b045,2026春版53全优卷123456年级上下册测试卷期末冲刺100五三天天练,low,商品已下架/冻结,95,0.0,WATCH,66669618dd221800012eefcd,教辅酱推荐书籍的店,2026-06-18 14:12:50,web_full,,1
6756ab9453c11d0001dd5b4a,2026春版53全优卷123456年级上下册测试卷期末冲刺100五三天天练,low,商品已下架/冻结,95,0.0,WATCH,66669618dd221800012eefcd,教辅酱推荐书籍的店,2026-06-18 14:15:29,web_full,,1
69a2a49f6b5a83000188b063,2026春版53全优卷123456年级上下册测试卷期末冲刺100五三天天练,low,商品已下架/冻结,95,0.0,WATCH,66669618dd221800012eefcd,教辅酱推荐书籍的店,2026-06-18 14:16:43,web_full,,1
6756ab9453c11d0001dd5b56,2026春版53全优卷123456年级上下册测试卷期末冲刺100五三天天练,low,商品已下架/冻结,95,0.0,WATCH,66669618dd221800012eefcd,教辅酱推荐书籍的店,2026-06-18 14:16:44,web_full,,1
6756ab9453c11d0001dd5b2f,2026春版53全优卷123456年级上下册测试卷期末冲刺100五三天天练,low,商品已下架/冻结,95,0.0,WATCH,66669618dd221800012eefcd,教辅酱推荐书籍的店,2026-06-18 14:17:30,web_full,,1
6924065401312b000121649e,2025年12月刘晓yan四六级急救班保M班,low,商品已下架/冻结,94,0.0,WATCH,67c994b265d654001519ceb7,备考上岸圈的店,2026-06-18 13:34:21,web_full,,1
69883478f0c4840001a47dbb,三 百6 5天会员 t x 自动发货,low,商品已下架/冻结,94,0.0,WATCH,680b5c6582d79700155395da,快乐的极限的店,2026-06-18 13:34:31,web_full,,1
699d645b90d16a0001d4b631,浙教版初中数学初一二三789年级上下册书教科课件本电子版打印PDF,low,商品已下架/冻结,94,0.0,WATCH,6915517e27d04f00159570f5,成语小全的店,2026-06-18 13:39:08,web_full,,1
69cdd6049347b100011449d6,笔记同款 语文数学英语《活页同步练习册》123456年级 pdf电子版,low,商品已下架/冻结,94,0.0,WATCH,694a486fb1c2c30015b7053c,Lucky🍀老师吖的店,2026-06-18 14:17:06,web_full,,1
69c499427c9c8f0001d1faaf,26春小学数1-6年级下册《XB同步大试卷》（PDF高清可打印）,low,商品已下架/冻结,94,0.0,WATCH,67c2ace71b597e0015ea4c0c,欧阳老师的资料库的店,2026-06-18 14:19:37,web_full,,1
6829f6b080956a00014f4e58,18页创意卡通几何图形波普艺术品牌服务产品介绍图文排版ppt模版,low,商品已下架/冻结,94,0.0,WATCH,63b40e89540b790001a2d62e,KKAY DESIGN的店,2026-06-18 14:25:02,web_full,,1
6951061dc3604d00159f0aee,草图大师SU插件贝兹曲线自动封面放样超级推拉起泡泡圆弧工具模型,low,商品已下架/冻结,94,0.0,WATCH,68eb26832e2fd900159d2769,王老师备课小站的店,2026-06-18 14:36:12,web_full,,1
69a0412a76da220001c4fd37,12款韩系INS风标题装饰海报饭圈美工英文字体模版,low,商品已下架/冻结,93,0.0,WATCH,67332bfc7f3e1d0015aaab29,东东桃设计的店,2026-06-18 13:34:46,web_full,,1
69cdd6049347b100011449b8,笔记同款 语文数学英语《活页同步练习册》123456年级 pdf电子版,low,商品已下架/冻结,93,0.0,WATCH,694a486fb1c2c30015b7053c,Lucky🍀老师吖的店,2026-06-18 13:43:18,web_full,,1
69f0ba09c4fc820001f10b74,83/笔记同款电子资料/XueBa提优大试卷含答案PDF（不支持扫码）,low,商品已下架/冻结,93,0.0,WATCH,694d0cd89e186a0015daf7d5,贝壳家小学电子资料的店,2026-06-18 14:16:44,web_full,,1
69f0ba09c4fc820001f10b83,83/笔记同款电子资料/XueBa提优大试卷含答案PDF（不支持扫码）,low,商品已下架/冻结,93,0.0,WATCH,694d0cd89e186a0015daf7d5,贝壳家小学电子资料的店,2026-06-18 14:17:15,web_full,,1
69c3415aca64b30001019b53,北师大版英语三四年级上下册期中期末试题试卷单元测试同步练习,low,商品已下架/冻结,93,0.0,WATCH,674474022d7a770015373129,新教材资源的店,2026-06-18 14:30:18,web_full,,1
693f668364c86a0015674d4a,全国大学生语言文字能力大赛往届真题题库参赛指南电子版,low,商品已下架/冻结,93,0.0,WATCH,68eb26832e2fd900159d2769,王老师备课小站的店,2026-06-18 14:36:11,web_full,,1
69fff3e2721fd30001f2cf8a,2026 沈老师全套课程视频 12套合集 原版高清完整版,low,商品已下架/冻结,92,0.0,WATCH,686bbc4642b9b30015d2ade5,知行课程的店,2026-06-18 13:47:15,web_full,,1
69df14a7933b0300012db3c6,2026教资面试资料包｜幼小初高中全科电子资料包（试讲+结构化）,low,商品已下架/冻结,92,0.0,WATCH,68ac5e357efd5800159a103e,笔墨星橙的店,2026-06-18 13:47:21,web_full,,1
69e47be04dd26e0001cd1e74,26年下教资笔试中小幼教师资格证笔试【电子版资料】可打印,low,商品已下架/冻结,92,0.0,WATCH,68cfde13ce83500015c3bbd4,学海上岸资料的店,2026-06-18 14:11:36,web_full,,1
69d662f08a7da800019de959,26年下教资笔试中小幼教师资格证笔试【电子版资料】可打印,low,商品已下架/冻结,92,0.0,WATCH,68cfde13ce83500015c3bbd4,学海上岸资料的店,2026-06-18 14:12:40,web_full,,1
6724e90e1f5d4f00014d2099,草图大师ENSCAPE材质库,low,商品已下架/冻结,92,0.0,WATCH,6450c1d8275ad10001a2fd76,慢慢设计的店,2026-06-18 14:17:36,web_full,,1
69d5c9c2888f92000137d414,《走遍俄罗斯》1-4册(中文第二版)全套高清电子版资料,low,商品已下架/冻结,92,0.0,WATCH,694ce665e3ea240015008795,努力冲冲鸭的店,2026-06-18 14:30:19,web_full,,1
69fae49fe0e86e0001cf35fc,【2026新版】小说写作素材库知识库在线网文模板/大纲/文笔/教程,low,商品已下架/冻结,92,0.0,WATCH,67374112f343ff00154c1c7c,芝士力量山的店,2026-06-18 14:30:57,web_full,,1
69df14a7933b0300012db3c9,2026教资面试资料包｜幼小初高中全科电子资料包（试讲+结构化）,low,商品已下架/冻结,91,0.0,WATCH,68ac5e357efd5800159a103e,笔墨星橙的店,2026-06-18 13:46:39,web_full,,1
69b816bafc3bf90001eaa71b,2026版小学教辅资料（27.1）笔记同款PDF版,low,商品已下架/冻结,91,0.0,WATCH,67e746bcf3eb480015271e13,一淼教育的店,2026-06-18 14:16:11,web_full,,1
69b816bafc3bf90001eaa70c,2026版小学教辅资料（27.1）笔记同款PDF版,low,商品已下架/冻结,91,0.0,WATCH,67e746bcf3eb480015271e13,一淼教育的店,2026-06-18 14:16:59,web_full,,1
6926fbd5fe39ac00152b9659,小学英语语法Oxford grammar friends语法英文电子版可打印无ppt,low,商品已下架/冻结,91,0.0,WATCH,6458ce99ebbcb2000136485f,源泉资料巷的店,2026-06-18 14:36:15,web_full,,1
69d64a50b4722c0001840a22,雅思词汇真经阅读真经写作真经口语真经高清 办公耗材资料,low,商品已下架/冻结,90,0.0,WATCH,68ce9ed612892e00154dc0cd,小X上岸版的店,2026-06-18 14:11:50,web_full,,1
69df2507c41f7e00013ced90,课堂游戏PPT课件教师中小学生互动游戏,low,商品已下架/冻结,90,0.0,WATCH,6914685009464b0014753f71,云朵的电子资料分享的店,2026-06-18 14:16:09,web_full,,1
65f2ba010dd1aa0001c4d567,iPhone14 Pro样机模型app动画展示UI交互应用程序广告AE视频模板,low,商品已下架/冻结,90,0.0,WATCH,657ac07ea02cc10001f17f13,鲸人视频制作的店,2026-06-18 14:24:49,web_full,,1
693c2dbb33f9b3000182cdba,2026年最新护士执业资格考试/初级护师/主管护师刷题练习护考刷题,low,商品已下架/冻结,88,0.0,WATCH,68b78f3c8a67c4001599942e,抹茶（逢考必过版）的店,2026-06-18 13:46:52,web_full,,1
69ba3ad10ac79f00014644b0,陕西事业单位笔试历年真题（含自主命题）,low,商品已下架/冻结,88,0.0,WATCH,68e75360b6f1440015b263db,西安华图的店,2026-06-18 14:03:47,web_full,,1
67dd5d6098b4be0001420a50,LOGO样机展示效果图3D智能贴图品牌VI提案场景psd设计素材模板,low,商品已下架/冻结,88,0.0,WATCH,6719bc7c7f3e1d0015a3e46b,八方素材的店,2026-06-18 14:05:05,web_full,,1
699b18642080aa0001bf8d26,外研社版小学英语三年级起点书3456年级课件本上下册高清打印PDFT,low,商品已下架/冻结,88,0.0,WATCH,6915517e27d04f00159570f5,成语小全的店,2026-06-18 14:16:11,web_full,,1
699b18642080aa0001bf8d35,外研社版小学英语三年级起点书3456年级课件本上下册高清打印PDFT,low,商品已下架/冻结,88,0.0,WATCH,6915517e27d04f00159570f5,成语小全的店,2026-06-18 14:16:29,web_full,,1
67d2861a0144270001b25359,Phone16Pro手机app样机模拟UI交互动效界面展示演示ae视频模板,low,商品已下架/冻结,88,0.0,WATCH,657ac07ea02cc10001f17f13,鲸人视频制作的店,2026-06-18 14:24:54,web_full,,1
680c8748ba99fa0001e7f801,ZBrush安装安装包2024/2023/2022数字建模雕刻ZB下载远程安装,low,商品已下架/冻结,88,0.0,WATCH,67f370dd1e45b9001516204d,软件安装服务店的店,2026-06-18 14:27:29,web_full,,1
694aadd8a3be010001ed0c9e,2025秋学霸提优大试卷小学语数英人教北师版123456年级上册电子版,low,商品已下架/冻结,88,0.0,WATCH,68c3087781275700154f01d9,圆梦学习的店,2026-06-18 14:35:18,web_full,,1
693d479ee30b9400154504e5,富士滤镜佳能风格文件直出2025热门预设已更新,low,商品已下架/冻结,88,0.0,WATCH,68eb26832e2fd900159d2769,王老师备课小站的店,2026-06-18 14:36:11,web_full,,1
682159ae81f9bc000184c5a3,传统文化非遗文化UI设计PSD、XD高保真figma LOGO 21素材,low,商品已下架/冻结,87,0.0,WATCH,6646abe597af9100018e854b,丢丢和悠悠素材的店,2026-06-18 13:34:44,web_full,,1
69d662f08a7da800019de983,26年下教资笔试中小幼教师资格证笔试【电子版资料】可打印,low,商品已下架/冻结,87,0.0,WATCH,68cfde13ce83500015c3bbd4,学海上岸资料的店,2026-06-18 13:47:26,web_full,,1
69e47be04dd26e0001cd1e77,26年下教资笔试中小幼教师资格证笔试【电子版资料】可打印,low,商品已下架/冻结,87,0.0,WATCH,68cfde13ce83500015c3bbd4,学海上岸资料的店,2026-06-18 13:47:28,web_full,,1
689da21a2a871c000195ebc2,伊吹五月鸡腿子国人画师古风插画绘笔刷人物风景线稿条漫图片素材,low,商品已下架/冻结,87,0.0,WATCH,62cfb12ef233e7000156e916,艺术象限的店,2026-06-18 14:11:49,web_full,,1
68cd3e2c287c750001d08923,《价格行为》系列课程 Rose《直播解盘》带中文翻译字幕,low,商品已下架/冻结,87,0.0,WATCH,689891f1b46f4a00156b8089,铭泽金品资料的店,2026-06-18 14:12:08,web_full,,1
69ddf22fb24fe70001830ddb,亚 马 逊电商主图模板产品尺寸/对比/场景图/细节图部分A+源文,low,商品已下架/冻结,87,0.0,WATCH,6914685009464b0014753f71,云朵的电子资料分享的店,2026-06-18 14:13:11,web_full,,1
69ed7e873a4daf0001b427e8,个人自用俄语学习单词卡-主题词汇表,low,商品已下架/冻结,86,0.0,WATCH,67ee41ff843862001550ddf5,柚子带你学俄语的店,2026-06-18 13:38:11,web_full,,1
680c8748ba99fa0001e7f80a,ZBrush安装安装包2024/2023/2022数字建模雕刻ZB下载远程安装,low,商品已下架/冻结,86,0.0,WATCH,67f370dd1e45b9001516204d,软件安装服务店的店,2026-06-18 14:08:01,web_full,,1
69c4a9bba20c21000157561d,2026春新版小学1-6年级全科目--笔记同款同步试题【PDF电子版】,low,商品已下架/冻结,86,0.0,WATCH,67b295085af0ad0015ac5db0,王火火老师资料铺的店,2026-06-18 14:30:16,web_full,,1
692e5c81e53c10001504d23a,沪科版初中物理同步培优讲义练习题八九年级上下册精讲精练电子版,low,商品已下架/冻结,85,0.0,WATCH,68c93a25157e370015f0d1b0,小李资料馆的店,2026-06-18 13:53:16,web_full,,1
67eba3b29b41340001541489,小清晰彩色渐变透明磨砂质感毛玻璃金刚区UI设计icon图标素材d022,low,商品已下架/冻结,85,0.0,WATCH,673cb33b2ab06500156a726b,彼方设计素材的店,2026-06-18 14:05:22,web_full,,1
69bcc1d12652690001014bbd,2026春小学笔记同款资料1电子版,low,商品已下架/冻结,85,0.0,WATCH,686e16a2409b630015c8b6ec,Teacher的店,2026-06-18 14:17:19,web_full,,1
65f44679840d640001a52ffe,金色金沙粉尘闪光粉末粒子摄影后期合成装饰特效PNG免抠图片素材,low,商品已下架/冻结,84,0.0,WATCH,64cf4dc2f58f8b000152f4a5,起山素材的店,2026-06-18 14:04:35,web_full,,1
65ec5e7770fc9b0001ade9ea,潮流酸性镀烙金属赛博朋克液态银色链条荆棘PNG免抠图PSD海报素材,low,商品已下架/冻结,84,0.0,WATCH,64cf4dc2f58f8b000152f4a5,起山素材的店,2026-06-18 14:16:16,web_full,,1
6858cd758774170001c44522,procreate笔刷 花丛玫瑰绣球紫藤 IOS iPad 板绘厚涂纹理笔刷,low,商品已下架/冻结,83,0.0,WATCH,67c51e0e59cc350015bfb7b8,喜柿素材的店,2026-06-18 13:40:33,web_full,,1
69ca10c351d7aa00019072ba,2027考研全套网课数学政治英语一二基础强化冲刺班全程班网课视频,low,商品已下架/冻结,83,0.0,WATCH,666561f083cedf0001f52eb6,逢考必过上岸的店,2026-06-18 13:47:02,web_full,,1
69ca10c351d7aa00019072b7,2027考研全套网课数学政治英语一二基础强化冲刺班全程班网课视频,low,商品已下架/冻结,83,0.0,WATCH,666561f083cedf0001f52eb6,逢考必过上岸的店,2026-06-18 13:47:14,web_full,,1
6a03cb5b0511b50001091361,27/26新闻传播考研网课全程班（包含sz播放器）,low,商品已下架/冻结,83,0.0,WATCH,68e2475b0c2692001592c2ce,路遥师姐爱学习的店,2026-06-18 13:57:29,web_full,,1
6a02fc8a7b710e0001fb736b,[果果id]应用游戏更新一次性-长期共享-独享虚拟共享PPT项目模版,low,商品已下架/冻结,83,0.0,WATCH,69e8b3e56ad7ba0015367094,潇飞云端工具小站的店,2026-06-18 14:15:52,web_full,,1
6980da5d6d22e70001cf2957,AN/Flash 二维动画制作 安装包 支持Win/Mac 远程安装 教学教程,low,商品已下架/冻结,83,0.0,WATCH,69204037ffdaed00151bceaa,野屿咔咔的店,2026-06-18 14:29:16,web_full,,1
69a27fcc34470f000141c199,2026春新版小学1-6年级语文---同步课本练习【PDF电子版】,low,商品已下架/冻结,82,0.0,WATCH,67b295085af0ad0015ac5db0,王火火老师资料铺的店,2026-06-18 13:43:17,web_full,,1
6908a0ffc6a9770001e8ed64,新版2026年人卫版全国护士执业资格考试指导同步习题模拟试卷用书,low,商品已下架/冻结,82,0.0,WATCH,667d15a9c0e6de00010f44bd,方方图书的店,2026-06-18 13:46:17,web_full,,1
69685056c0b0790015c99c0e,企业咖啡品牌全套VI视觉手册VIS模板设计素材办公AI矢量贴图样机,low,商品已下架/冻结,82,0.0,WATCH,68c93a25157e370015f0d1b0,小李资料馆的店,2026-06-18 14:36:20,web_full,,1
68bafe779a16410001d28bb1,2026湖南计算机数字技术应用能力水平考试基础知识及应用考试题库,low,商品已下架/冻结,81,0.0,WATCH,68b4fc7d9e88560015bfc31f,万诚教育考试题库的店,2026-06-18 13:34:19,web_full,,1
6999502c06f9da0001686727,冀教版小学英语书新版3456年级课本上下册第一二学期PDFT高清打印,low,商品已下架/冻结,81,0.0,WATCH,6915517e27d04f00159570f5,成语小全的店,2026-06-18 13:36:01,web_full,,1
6980da5d6d22e70001cf294e,AN/Flash 二维动画制作 安装包 支持Win/Mac 远程安装 教学教程,low,商品已下架/冻结,81,0.0,WATCH,69204037ffdaed00151bceaa,野屿咔咔的店,2026-06-18 14:11:10,web_full,,1
69ddf23b6ba4080001256c85,217页 高级感PPT模板职场汇报必备！,low,商品已下架/冻结,81,0.0,WATCH,6914685009464b0014753f71,云朵的电子资料分享的店,2026-06-18 14:11:46,web_full,,1
69f051c99dea2d000109ce38,26春小学全科目1-6年级下册《天津真题系列》（PDF高清可打印）,low,商品已下架/冻结,81,0.0,WATCH,67c2ace71b597e0015ea4c0c,欧阳老师的资料库的店,2026-06-18 14:15:24,web_full,,1
69c88bd2fb75bf00015cc0be,26春小学全科目1-6年级下册《天津真题系列》（PDF高清可打印）,low,商品已下架/冻结,81,0.0,WATCH,67c2ace71b597e0015ea4c0c,欧阳老师的资料库的店,2026-06-18 14:15:33,web_full,,1
69e2584aa1dd7800017d8bb7,《绿》艾青现代诗歌背景视频 四年级课文朗诵背景视频素材,low,商品已下架/冻结,81,0.0,WATCH,692865de0f3c8d00158cd86f,布丁视频的店,2026-06-18 14:15:54,web_full,,1
66abbe7542e3e900012cb04e,集装箱CAD施工图合集,low,商品已下架/冻结,80,0.0,WATCH,6450c1d8275ad10001a2fd76,慢慢设计的店,2026-06-18 13:34:54,web_full,,1
69affe193f7fb90001d87d94,26春小学语文数学英语《全优好卷》1-6年级下册（PDF电子资料）,low,商品已下架/冻结,80,0.0,WATCH,6949ecb41b172300155d9a92,纳兰学长资料库的店,2026-06-18 14:17:05,web_full,,1
65477e2260204a00012a71f4,ENSCAPE高级渲染参数预设合集,low,商品已下架/冻结,80,0.0,WATCH,6450c1d8275ad10001a2fd76,慢慢设计的店,2026-06-18 14:19:30,web_full,,1
6675db107d94b200011b2414,纹身tatoo颗粒噪点线条水墨艺术绘画效果iPad平板Procreate笔刷,low,商品已下架/冻结,79,0.0,WATCH,63b40e89540b790001a2d62e,KKAY DESIGN的店,2026-06-18 14:09:07,web_full,,1
669531ce6606ad00015e2aa1,20款潮流时尚电商banner横幅海报创意几何主视觉ps分层设计素材,low,商品已下架/冻结,79,0.0,WATCH,63b40e89540b790001a2d62e,KKAY DESIGN的店,2026-06-18 14:09:07,web_full,,1
69aaeed57c9c8f00014b2965,2026春初中电子版资料（笔记同款11）,low,商品已下架/冻结,79,0.0,WATCH,68ea1b7e3b282d00238a6dbf,闪电知识解忧的店,2026-06-18 14:16:31,web_full,,1
6a02d0eda013060001a2310e,2026辽宁名师堂中考冲刺密卷电子资料PDF,low,商品已下架/冻结,79,0.0,WATCH,65432f06bffe73000155d3dd,吉吉小叽叽的店,2026-06-18 14:30:58,web_full,,1
68f0be99ed3b2f000163f510,2026马年新年春节插画海报素材合集,low,商品已下架/冻结,78,0.0,WATCH,66d449da02383e00153669e0,灵感designmart的店,2026-06-18 13:46:25,web_full,,1
68522f29fab39900010efafe,纯色布纹底纹布料材质纹理JPG高清图片PS贴图海报背景设计素材图,low,商品已下架/冻结,78,0.0,WATCH,6724f91245465d00159e69f0,不晚设计资源的店,2026-06-18 14:00:16,web_full,,1
69b7c2dfa01d43000121a6b9,26春小学数学1-6年级下册《提优考卷》（PDF高清电子版）,low,商品已下架/冻结,77,0.0,WATCH,67c2ace71b597e0015ea4c0c,欧阳老师的资料库的店,2026-06-18 13:34:31,web_full,,1
699d62aac9f5da00016c897f,华东师大版初中数学初一二三789年级上下册书教科课件本电子版PDF,low,商品已下架/冻结,77,0.0,WATCH,6915517e27d04f00159570f5,成语小全的店,2026-06-18 13:39:08,web_full,,1
69f30eacf888bb000188f8d5,26年新老DS信息差黑红表考研保研推荐（自动发货）,low,商品已下架/冻结,77,0.0,WATCH,681d7133c0168d00159f5de4,粥粥的日记本的店,2026-06-18 14:04:13,web_full,,1
67d41662e15c9100011be22e,C4D教程零基础自学网课程 影视动画建模OC渲染电商美工场景案例,low,商品已下架/冻结,77,0.0,WATCH,677f58eeb2441a00153ed2bf,汇贤教育的店,2026-06-18 14:08:26,web_full,,1
67d41662e15c9100011be24c,C4D教程零基础自学网课程 影视动画建模OC渲染电商美工场景案例,low,商品已下架/冻结,77,0.0,WATCH,677f58eeb2441a00153ed2bf,汇贤教育的店,2026-06-18 14:19:44,web_full,,1
6923e24b5e3b9c0015a22966,超全面化妆课件  化妆基础知识 化妆造型ppt课件素材网盘电子版,low,商品已下架/冻结,77,0.0,WATCH,6458ce99ebbcb2000136485f,源泉资料巷的店,2026-06-18 14:36:15,web_full,,1
69e45bb54dd26e0001c7af07,27考研政治徐涛全程班,low,商品已下架/冻结,76,0.0,WATCH,694b70f5ac88c300152c345e,数据，小丸子的店,2026-06-18 13:34:27,web_full,,1
69e73d07faf0020001351cbf,26春小学笔记同款语文数学英语同步练习考点梳理试卷小学辅导,low,商品已下架/冻结,76,0.0,WATCH,688ca10e4be99c0015dcc5ff,邹邹-的店,2026-06-18 13:43:18,web_full,,1
67a726916082e10001630dbd,共享文档 | 跟着韩国博主学地道韩语积累【口语素材库轻享版】,low,商品已下架/冻结,76,0.0,WATCH,6686bf1fca75f20001e4cecb,阿Jo的韩语的店,2026-06-18 13:56:29,web_full,,1
68878945b1b9df0001f21e95,2026成考高起专高起本电子题库app真题网课资料练习电子资料包,low,商品已下架/冻结,76,0.0,WATCH,6679272a900b160001be34fc,胜宇教育图书的店,2026-06-18 14:11:18,web_full,,1
68878945b1b9df0001f21e9b,2026成考高起专高起本电子题库app真题网课资料练习电子资料包,low,商品已下架/冻结,76,0.0,WATCH,6679272a900b160001be34fc,胜宇教育图书的店,2026-06-18 14:12:45,web_full,,1
65e56f73fb8c98000113deb9,phonex11手机app展示动画国风传统文化非遗回形纹背景样机ae模板,low,商品已下架/冻结,76,0.0,WATCH,657ac07ea02cc10001f17f13,鲸人视频制作的店,2026-06-18 14:24:48,web_full,,1
693fcd1f040ad400154371d1,初中数学解题模型圆的基本模型word电子版备课资料中考复习资源,low,商品已下架/冻结,76,0.0,WATCH,68eb2506b969df001503dc19,胡图图资料的店,2026-06-18 14:29:23,web_full,,1
693d2df779e410001571a070,多维阅读课件PPT英语绘本故事第1级到22级分级英文课件电子版完整,low,商品已下架/冻结,76,0.0,WATCH,68c93a25157e370015f0d1b0,小李资料馆的店,2026-06-18 14:36:17,web_full,,1
67e4ff59a2a5110001f69e29,Sketchup草图大师教程零基础2022视频SU园林景观室内设计建模渲染,low,商品已下架/冻结,75,0.0,WATCH,677f58eeb2441a00153ed2bf,汇贤教育的店,2026-06-18 13:34:36,web_full,,1
67d2f78c5339580001e6690b,Ai教程零基础网课illustrator平面设计商业广告Logo字体插画排版,low,商品已下架/冻结,75,0.0,WATCH,677f58eeb2441a00153ed2bf,汇贤教育的店,2026-06-18 14:07:39,web_full,,1
67d2f78c5339580001e66929,Ai教程零基础网课illustrator平面设计商业广告Logo字体插画排版,low,商品已下架/冻结,75,0.0,WATCH,677f58eeb2441a00153ed2bf,汇贤教育的店,2026-06-18 14:08:26,web_full,,1
69be60449c146500017579b0,2026学位英语考试题库精讲课程 自考/成考/国开/函授/专升本,low,商品已下架/冻结,75,0.0,WATCH,69001e83486d76001531cc63,甜橙小铺k的店,2026-06-18 14:11:20,web_full,,1
697ee8cd8dc4b30001b7b867,（秒发）清歌一片14本标题所写即是所得,low,商品已下架/冻结,75,0.0,WATCH,68e38a543ab26a0015141865,請請河边草的店,2026-06-18 14:11:39,web_full,,1
69eb92a6f9b6f100018e728c,425套展架易拉宝，展架易拉宝模板设计,low,商品已下架/冻结,75,0.0,WATCH,6914685009464b0014753f71,云朵的电子资料分享的店,2026-06-18 14:11:46,web_full,,1
69385e1933f9b300013b83d8,036丨1150个可商用PS渐变预设素材模板仅Photoshop可用,low,商品已下架/冻结,75,0.0,WATCH,676e524d4d076900153ceea5,大汤姆叔叔的店,2026-06-18 14:13:10,web_full,,1
67d2f78c5339580001e66953,Ai教程零基础网课illustrator平面设计商业广告Logo字体插画排版,low,商品已下架/冻结,75,0.0,WATCH,677f58eeb2441a00153ed2bf,汇贤教育的店,2026-06-18 14:19:35,web_full,,1
67d2f78c5339580001e66935,Ai教程零基础网课illustrator平面设计商业广告Logo字体插画排版,low,商品已下架/冻结,75,0.0,WATCH,677f58eeb2441a00153ed2bf,汇贤教育的店,2026-06-18 14:19:44,web_full,,1
67d2f78c5339580001e66944,Ai教程零基础网课illustrator平面设计商业广告Logo字体插画排版,low,商品已下架/冻结,75,0.0,WATCH,677f58eeb2441a00153ed2bf,汇贤教育的店,2026-06-18 14:20:36,web_full,,1
67d2f78c5339580001e66911,Ai教程零基础网课illustrator平面设计商业广告Logo字体插画排版,low,商品已下架/冻结,75,0.0,WATCH,677f58eeb2441a00153ed2bf,汇贤教育的店,2026-06-18 14:21:31,web_full,,1
6581447653f6c300013f7595,phone1213样机手机app毕设展示动画地图定位创意UI界面演示ae模板,low,商品已下架/冻结,75,0.0,WATCH,657ac07ea02cc10001f17f13,鲸人视频制作的店,2026-06-18 14:24:34,web_full,,1
664af12c95742c000132557b,phone12 13 手机APP应用界面展示动画购物美妆音乐宣传视频AE模板,low,商品已下架/冻结,75,0.0,WATCH,657ac07ea02cc10001f17f13,鲸人视频制作的店,2026-06-18 14:24:51,web_full,,1
687af7614daa710001efd613,43款 汽车4S店高端新能源科技促销活动朋友圈宣传海报PSD设计素材,low,商品已下架/冻结,74,0.0,WATCH,67407e04f53f0a0015c9c33f,悠筱素材模板的店,2026-06-18 13:43:24,web_full,,1
66d272e7658cf100011a0385,2026注册税务师刷题APP题库软件历年真题模拟试卷刷题app软件,low,商品已下架/冻结,74,0.0,WATCH,635f233b83f0d000019db665,考证小助手的店,2026-06-18 14:03:23,web_full,,1
69d860c53ff4c800010777e6,2026春小学电子版资料（笔记同款72）,low,商品已下架/冻结,74,0.0,WATCH,68ea1b7e3b282d00238a6dbf,闪电知识解忧的店,2026-06-18 14:15:59,web_full,,1
69d860c53ff4c800010777e9,2026春小学电子版资料（笔记同款72）,low,商品已下架/冻结,74,0.0,WATCH,68ea1b7e3b282d00238a6dbf,闪电知识解忧的店,2026-06-18 14:17:06,web_full,,1
663ba7883a727000018aaa06,火锅店CAD平面图合集,low,商品已下架/冻结,73,0.0,WATCH,6450c1d8275ad10001a2fd76,慢慢设计的店,2026-06-18 13:34:53,web_full,,1
67c6f081f2389c0001fe7cd1,德语A1-B2自学网课走遍德国/柏林广场/新求精/交际德语/德福考试,low,商品已下架/冻结,73,0.0,WATCH,677f58eeb2441a00153ed2bf,汇贤教育的店,2026-06-18 13:38:02,web_full,,1
67c6f082f2389c0001fe7cdf,德语A1-B2自学网课走遍德国/柏林广场/新求精/交际德语/德福考试,low,商品已下架/冻结,73,0.0,WATCH,677f58eeb2441a00153ed2bf,汇贤教育的店,2026-06-18 13:47:35,web_full,,1
67c6f082f2389c0001fe7ce8,德语A1-B2自学网课走遍德国/柏林广场/新求精/交际德语/德福考试,low,商品已下架/冻结,73,0.0,WATCH,677f58eeb2441a00153ed2bf,汇贤教育的店,2026-06-18 13:51:33,web_full,,1
698526151b2000000154da56,人卫绿皮书学习指导与习题集 配套9版+10版教材医学题库电子版pdf,low,商品已下架/冻结,73,0.0,WATCH,6791a9afed95020015858450,学海拾贝斋的店,2026-06-18 14:00:49,web_full,,1
65199c52688a2f0001840279,复古风美式漫画波普波点procreate笔刷纹理颗粒背景素材包,low,商品已下架/冻结,73,0.0,WATCH,63b40e89540b790001a2d62e,KKAY DESIGN的店,2026-06-18 14:09:06,web_full,,1
69df50d9e830d60001fd6266,2026春小学电子版资料（笔记同款72）,low,商品已下架/冻结,73,0.0,WATCH,68ea1b7e3b282d00238a6dbf,闪电知识解忧的店,2026-06-18 14:12:50,web_full,,1
69ecb02039916f0001439b75,0397/笔记同款电子资料/非常HD单元测试AB卷PDF,low,商品已下架/冻结,73,0.0,WATCH,694d0cd89e186a0015daf7d5,贝壳家小学电子资料的店,2026-06-18 14:12:51,web_full,,1
68c574ad20de3e00011b75eb,赛博边框未来科技感HUD框架科幻游戏提示框对话框PSD饭圈美工素材,low,商品已下架/冻结,73,0.0,WATCH,64cf4dc2f58f8b000152f4a5,起山素材的店,2026-06-18 14:16:17,web_full,,1
672d85aa4c39cc0001190911,phone1415手机app展示动画ui交互动效界面展览操作视频演示ae模板,low,商品已下架/冻结,73,0.0,WATCH,657ac07ea02cc10001f17f13,鲸人视频制作的店,2026-06-18 14:24:53,web_full,,1
6729fc5fb43c000001f9ea10,500+全套古风调色预设合集安装包适用LR/PS/PR/达芬奇/FCPX中文版,low,商品已下架/冻结,73,0.0,WATCH,662f52bd7d1a500001039e92,噢谢特的店,2026-06-18 14:25:35,web_full,,1
67d954eab6efdb00019f2ace,人工智能AI潮流科技创意活动宣传推广展板海报模板psd素材a028,low,商品已下架/冻结,71,0.0,WATCH,673cb33b2ab06500156a726b,彼方设计素材的店,2026-06-18 13:37:50,web_full,,1
69d86de201e1930001b7fb5d,26春小升初《冲刺试卷系列》（PDF高清可打印）,low,商品已下架/冻结,71,0.0,WATCH,67c2ace71b597e0015ea4c0c,欧阳老师的资料库的店,2026-06-18 13:59:43,web_full,,1
69f880130283e20001d6bb6e,昼日晚橙24小时自动秒发,low,商品已下架/冻结,71,0.0,WATCH,680c5ac68191b90015f7dd31,城里的月光把梦照亮的店,2026-06-18 13:59:49,web_full,,1
6960e033b113e40015c72276,小学体育一年级二年级三四五六年级上册下册教案电子档Word素材,low,商品已下架/冻结,71,0.0,WATCH,68eb2506b969df001503dc19,胡图图资料的店,2026-06-18 14:11:35,web_full,,1
68444357e874f200012c4c1c,windows电脑绘画界面边框弹窗提示PNG免抠图饭圈美工设计素材,low,商品已下架/冻结,71,0.0,WATCH,663c4539c7b2730001d90edb,ViVi素材的店,2026-06-18 14:15:15,web_full,,1
69b6275fe95b3400017be0a0,2026春小学1-6年级《SYB提优大试卷》语数英电子版PDF可打印,low,商品已下架/冻结,71,0.0,WATCH,6925cb4095ef480015c5fd27,奶爸资料包🧐的店,2026-06-18 14:17:13,web_full,,1
69b6275fe95b3400017be0b8,2026春小学1-6年级《SYB提优大试卷》语数英电子版PDF可打印,low,商品已下架/冻结,71,0.0,WATCH,6925cb4095ef480015c5fd27,奶爸资料包🧐的店,2026-06-18 14:17:21,web_full,,1
69b6275fe95b3400017be118,2026春小学1-6年级《SYB提优大试卷》语数英电子版PDF可打印,low,商品已下架/冻结,71,0.0,WATCH,6925cb4095ef480015c5fd27,奶爸资料包🧐的店,2026-06-18 14:17:29,web_full,,1
69b6275fe95b3400017be0dc,2026春小学1-6年级《SYB提优大试卷》语数英电子版PDF可打印,low,商品已下架/冻结,71,0.0,WATCH,6925cb4095ef480015c5fd27,奶爸资料包🧐的店,2026-06-18 14:19:31,web_full,,1
6649afbcf0ce190001495364,phone-x手机app展示动画UI界面动效展示推广ae模板素材代做,low,商品已下架/冻结,71,0.0,WATCH,657ac07ea02cc10001f17f13,鲸人视频制作的店,2026-06-18 14:24:51,web_full,,1
692d644914b5260001bebc94,新概念英语2智慧版彩色手绘笔记1-96课电子版,low,商品已下架/冻结,71,0.0,WATCH,68cf8761df23130015dee645,嘉欣学姐的店,2026-06-18 14:30:29,web_full,,1
694929e70775cd0015a7f1b2,全套英语教学新概念青少版课件PPT入门+123AB共8套书对应的课件,low,商品已下架/冻结,71,0.0,WATCH,68eb26832e2fd900159d2769,王老师备课小站的店,2026-06-18 14:36:12,web_full,,1
68a44a287313330001d85963,公司企业创意潮流岗位招聘招募宣传广告海报模板PSD设计素材,low,商品已下架/冻结,70,0.0,WATCH,6724f91245465d00159e69f0,不晚设计资源的店,2026-06-18 13:56:27,web_full,,1
645a41e062b6c90001eec9b1,SU草图大师模型减面工具,low,商品已下架/冻结,70,0.0,WATCH,6450c1d8275ad10001a2fd76,慢慢设计的店,2026-06-18 13:59:28,web_full,,1
68fb4aaee0f3b20001e032a5,行业研究报告1份PDF（901-1000编号）网盘发货，发邮箱联系客服,low,商品已下架/冻结,70,0.0,WATCH,6808801a2df6d0001587a4a6,行业研究报告库的店,2026-06-18 14:00:38,web_full,,1
651af82eee28cf00011ac7be,高级感视频短片广告故事剧情脚本创作介绍排版ppt素材,low,商品已下架/冻结,70,0.0,WATCH,63b40e89540b790001a2d62e,KKAY DESIGN的店,2026-06-18 14:09:06,web_full,,1
69be41cf7c9c8f0001104cfd,【凶凶小喵】乔柚原创/逆水寒手游捏脸/自动发货,low,商品已下架/冻结,70,0.0,WATCH,67a5e22ee130150015c84bb2,乔柚的店,2026-06-18 14:11:31,web_full,,1
6582e0481105ca000171483c,Phone13 Pro 手机app界面展示音乐摄影UI界面交互视频宣传AE模板,low,商品已下架/冻结,70,0.0,WATCH,657ac07ea02cc10001f17f13,鲸人视频制作的店,2026-06-18 14:24:38,web_full,,1
67b0707029b9f70001c68a65,优雅简约西太后哥特朋克英文装饰字体包png免扣图设计素材,low,商品已下架/冻结,70,0.0,WATCH,63b40e89540b790001a2d62e,KKAY DESIGN的店,2026-06-18 14:25:01,web_full,,1
696da7900775cd0015483c87,互联网+国金级PPT模板(五页)|红旅赛道|养 老服务生态链PPT素材,low,商品已下架/冻结,70,0.0,WATCH,68c93a25157e370015f0d1b0,小李资料馆的店,2026-06-18 14:36:21,web_full,,1
69a78ecf3c16aa000141c19a,笔记同款翻译教学,low,商品已下架/冻结,69,0.0,WATCH,68c69e2f3517cc00159a8210,专业安装配置Zotero的店,2026-06-18 13:34:24,web_full,,1
67fe1d628c174700013bdaa7,2026重庆市考 面试真题和解析 面试素材 面试模板 面试热点,low,商品已下架/冻结,69,0.0,WATCH,65f516ec0d7eaa0001211e5f,南亭学长（收徒亲带）的店,2026-06-18 13:47:56,web_full,,1
69ddf118caa21f0001d8112b,正楷、行楷、行书、瘦金体、衡水体、手写体等PDF格式字帖,low,商品已下架/冻结,69,0.0,WATCH,6914685009464b0014753f71,云朵的电子资料分享的店,2026-06-18 14:03:33,web_full,,1
6942ace9bd92f5000196d3a4,现代商业街步行街城市购物广场中心商业区商场商城景观建筑su模型,low,商品已下架/冻结,69,0.0,WATCH,6908b1dca0f8db001598a4a0,小欣素材店的店,2026-06-18 14:25:24,web_full,,1
69e57cab45455100014f7bd5,2026年最新导师评价表人品信息黑红榜Excel表格筛选,low,商品已下架/冻结,69,0.0,WATCH,69ce65cb9813d90015492d8b,阿白资源站的店,2026-06-18 14:30:50,web_full,,1
68c96408c278030001c77f46,2026最新部编版初中语文说课稿7-9年级【全六册6,low,商品已下架/冻结,68,0.0,WATCH,6890669f3fabd60015ce6982,小刘老师上岸秘密基地的店,2026-06-18 13:34:19,web_full,,1
69ef13b021e08700015a0cb2,2026春初中同步复习资料笔记3,low,商品已下架/冻结,68,0.0,WATCH,68c3087781275700154f01d9,圆梦学习,2026-06-18 13:53:13,web_full,,1
69c3bcb715bd7400010195e8,2026春CY练习册小学初中高中PDF,low,商品已下架/冻结,68,0.0,WATCH,6713994e463e7a0015f409ca,十月柚柚【恶意给客服差评的，禁止在本店购买】的店,2026-06-18 13:56:44,web_full,,1
693fcb1ef1fe0f0015716169,小学快乐读书吧PPT课件必读书目导读习题一二三四五六年级电子版,low,商品已下架/冻结,68,0.0,WATCH,68eb2506b969df001503dc19,胡图图资料的店,2026-06-18 14:05:32,web_full,,1
69439333f1fe0f0015a0f2c9,别墅房屋CAD施工图纸多层农村自建房平面图效果图建筑设计素材,low,商品已下架/冻结,68,0.0,WATCH,68eb2506b969df001503dc19,胡图图资料的店,2026-06-18 14:35:33,web_full,,1
693d2d54040ad400152c6100,人教初中语文七八九年级易错字词汇总资料中考常考字音字形电子版,low,商品已下架/冻结,68,0.0,WATCH,68c93a25157e370015f0d1b0,小李资料馆的店,2026-06-18 14:36:17,web_full,,1
69cd4e544ae1e70001ef0077,GraphPad Prism 9 10.6 安装包/远程安装 中英文 win/mac新版,low,商品已下架/冻结,67,0.0,WATCH,6593d01035b376000177627c,小明下大雪的店,2026-06-18 13:34:36,web_full,,1
69d7b447c4ccd900016ea2e1,26版北京西城学探诊语文数学英语一二三四五六年级下册电子版,low,商品已下架/冻结,67,0.0,WATCH,688b2c0c1fa9760015aac402,教辅资料666的店,2026-06-18 13:57:20,web_full,,1
67b86fa07198db0001095fd7,2027中国海洋大学药学学术615专业综合A复习讲义题库真题答案,low,商品已下架/冻结,67,0.0,WATCH,664ddfd0c7b27300012d4bf6,海舟考研联盟的店,2026-06-18 13:59:34,web_full,,1
69afcb38771a6700019e6667,海外博物馆资料合集高清PDF版/10000超全合集 拍下秒发,low,商品已下架/冻结,67,0.0,WATCH,698177045f9e8a0015ea9f35,未知领域探索馆的店,2026-06-18 14:00:23,web_full,,1
6951e45d16b37a0015db620a,四六九宫格数独电子版素材数独九宫格数独游戏上班族题库简历,low,商品已下架/冻结,67,0.0,WATCH,68eb2506b969df001503dc19,胡图图资料的店,2026-06-18 14:05:32,web_full,,1
69a2cee41b52bf00012f19e8,2026春（笔记同款小学13）语文数学英语同步试卷电子版PDF,low,商品已下架/冻结,67,0.0,WATCH,67616e8f5163890015dc9a81,提分电子资料馆的店,2026-06-18 14:17:13,web_full,,1
69a2cee41b52bf00012f19f7,2026春（笔记同款小学13）语文数学英语同步试卷电子版PDF,low,商品已下架/冻结,67,0.0,WATCH,67616e8f5163890015dc9a81,提分电子资料馆的店,2026-06-18 14:17:29,web_full,,1
69aa7a5afbdff60001f7b0ea,2026春小学电子资料 （笔记同款10）下单联系客服百度网盘秒发,low,商品已下架/冻结,67,0.0,WATCH,697e02287d730300150a9d99,小语考点知识社的店,2026-06-18 14:35:58,web_full,,1
6770c41077d41e0001bd3f36,企业公司宣传广告展架易拉宝立牌海报样机模板PSD分层设计素材,low,商品已下架/冻结,66,0.0,WATCH,6768e6a0c6b42a001551ae8a,小蜜蜂精品素材的店,2026-06-18 13:44:06,web_full,,1
65645dd81996a500013be644,blender/OBJ/C4D/fbx/Max机械齿轮零件组装蒸汽器部件模型3D A125,low,商品已下架/冻结,66,0.0,WATCH,640ef98d3ce59d00010c70c1,一颗菜菜花的店,2026-06-18 14:00:42,web_full,,1
65b0ec3fdd621c0001538069,现代产品app互联网线上数字网页界面介绍数据分析排版ppt模版素材,low,商品已下架/冻结,66,0.0,WATCH,63b40e89540b790001a2d62e,KKAY DESIGN的店,2026-06-18 14:09:07,web_full,,1
66aeb33bc3380000014734bd,21页复古趣味卡通美式餐饮品牌Vi设计标识贴纸手册排版ppt模版,low,商品已下架/冻结,66,0.0,WATCH,63b40e89540b790001a2d62e,KKAY DESIGN的店,2026-06-18 14:09:07,web_full,,1
6970480ad07ba000013831ba,2026春小学电子版资料（笔记同款06）,low,商品已下架/冻结,66,0.0,WATCH,68ea1b7e3b282d00238a6dbf,闪电知识解忧的店,2026-06-18 14:16:32,web_full,,1
69df53bf130dde0001aac150,2026春小学电子版资料（笔记同款06）,low,商品已下架/冻结,66,0.0,WATCH,68ea1b7e3b282d00238a6dbf,闪电知识解忧的店,2026-06-18 14:17:04,web_full,,1
69189979c57d9c0001a6ad6a,宠物乐园 领养基地遛狗主题公园活动场地游乐中心寄养家园 su模型,low,商品已下架/冻结,66,0.0,WATCH,6908b1dca0f8db001598a4a0,小欣素材店的店,2026-06-18 14:25:23,web_full,,1
67b70232e0b59400018323f5,INS千禧复古暗黑艺术黑白图案插画手账装饰AI矢量PNG免扣图片素材,low,商品已下架/冻结,65,0.0,WATCH,65e8aaf87916650001e18c5c,老橙子素材🍊的店,2026-06-18 14:27:43,web_full,,1
692d44314096550015fb15ac,A4尺寸封底word模板爱党爱国红色封面电子版可编辑素材工作汇报,low,商品已下架/冻结,65,0.0,WATCH,68eb26832e2fd900159d2769,王老师备课小站的店,2026-06-18 14:36:10,web_full,,1
68a86a6211843c00019815ff,法语｜Édito｜A1-C1｜含音频+教师用书+学生用书,low,商品已下架/冻结,63,0.0,WATCH,684f30a605721d0015891784,黑天鹅小语种的店,2026-06-18 13:51:49,web_full,,1
6891ce0ab600540001267f1f,10款高端圆角名片卡片商务名片VI展示智能贴图样机效果PS设计素材,low,商品已下架/冻结,63,0.0,WATCH,6844246a2168b20015333f58,MOMO设计素材的店,2026-06-18 13:59:46,web_full,,1
69d25d454ee72d000102c43a,2026洋葱学院初高中小学英语文数化学生物理视频解题课网课,low,商品已下架/冻结,63,0.0,WATCH,6665a25a97b6e20001a82412,学姐资料库的店,2026-06-18 14:12:46,web_full,,1
691d677273aaae00017f6217,中文分类材质球blender预设着色器资产库高清纹理贴图渲染素材,low,商品已下架/冻结,63,0.0,WATCH,640ef98d3ce59d00010c70c1,一颗菜菜花的店,2026-06-18 14:19:48,web_full,,1
685e40867ec78a0001af8720,iphone15\16苹果手机UI界面动效动态APP演示动画宣传样机AE模板,low,商品已下架/冻结,63,0.0,WATCH,62a94933ad198d00019150ac,思酷科技设计师的店,2026-06-18 14:23:57,web_full,,1
67d02ea55fc3f70001db1a75,33页现代简约科技感app应用产品Ui界面设计介绍展示排版ppt素材,low,商品已下架/冻结,63,0.0,WATCH,63b40e89540b790001a2d62e,KKAY DESIGN的店,2026-06-18 14:25:01,web_full,,1
69ff2f943eb97c0001f36e28,都灵系统入门方案_10年全部学习框架和书单（原创PDF117页）,low,商品已下架/冻结,63,0.0,WATCH,68fe3f6d864b4b00154680cd,都灵投资系统入门的店,2026-06-18 14:35:56,web_full,,1
69d25d454ee72d000102c440,2026洋葱学院初高中小学英语文数化学生物理视频解题课网课,low,商品已下架/冻结,62,0.0,WATCH,6665a25a97b6e20001a82412,学姐资料库的店,2026-06-18 13:42:34,web_full,,1
69d999f947a2e20001a77e55,158页【深度学习绘图模板】PPT+Visio模型结构图模板,low,商品已下架/冻结,62,0.0,WATCH,6914685009464b0014753f71,云朵的电子资料分享的店,2026-06-18 14:13:03,web_full,,1
69fb452364eb410001fe1100,26初会实务经济法考前冲刺押题题库名师密训网课电子资料包,low,商品已下架/冻结,62,0.0,WATCH,69171b3f28a60a0015dac4af,小希学姐要上岸的店,2026-06-18 14:30:58,web_full,,1
68f83a86e0f3b20001c0a17f,25秋1-6年级数学《53天天练+测评卷》【PDF可打印】,low,商品已下架/冻结,62,0.0,WATCH,68edd453407dfd00158f0c1b,方老师的小学资料库的店,2026-06-18 14:34:51,web_full,,1
692e3b9a1b3cbb00151d0cd3,新人教版高中地理必修一二三选择必修123课件教案PPT试题电子资料,low,商品已下架/冻结,62,0.0,WATCH,6458ce99ebbcb2000136485f,源泉资料巷的店,2026-06-18 14:36:16,web_full,,1
66f8b396ffb1ce000168c195,天下姚李·2026湖南土建工程专业初中级职称考试真题库在线模拟试卷刷题备考,low,商品已下架/冻结,61,0.0,WATCH,66ea3296d1b4c200150394ae,天下姚李旗舰店,2026-06-18 13:40:27,web_full,,1
69db35f05ec0880001d14655,27红宝书词汇默写本-英译中-高清无水印PDF,low,商品已下架/冻结,61,0.0,WATCH,696700dd9f9331001562555d,五更的英语小屋的店,2026-06-18 14:01:14,web_full,,1
692d4717956aac00153d2dc6,线描电子版素材少儿童画美术创意线描课件彩色基础画写生教程PPT,low,商品已下架/冻结,61,0.0,WATCH,68eb26832e2fd900159d2769,王老师备课小站的店,2026-06-18 14:08:05,web_full,,1
685582df4096550016faac35,CAD批量打印插件转换pdf导出高清图片多文件自动识别图框代转导图,low,商品已下架/冻结,61,0.0,WATCH,677f58eeb2441a00153ed2bf,汇贤教育的店,2026-06-18 14:08:26,web_full,,1
6940c246913801001564e114,大气简约公司简介简报企业商务介绍海报word单页模板A4,low,商品已下架/冻结,61,0.0,WATCH,68eb2506b969df001503dc19,胡图图资料的店,2026-06-18 14:12:01,web_full,,1
695ba8f9d0c58a00010031f6,25秋123456年级语数英期末高频复习资料15天满分备考/PDF电子版,low,商品已下架/冻结,61,0.0,WATCH,673a856c8ffb8200154644c5,乐乐妈妈资料的店,2026-06-18 14:30:26,web_full,,1
69c5ee9ee6196b000134edfe,jane中小学生学英语口语英语听力提高英语启蒙学习资料整理,low,商品已下架/冻结,61,0.0,WATCH,6804c1063e8d02001547a4ff,Mia宝藏英语的店,2026-06-18 14:30:55,web_full,,1
693cc68b91380100153fa59f,A4网格座标纸电子版模板工程方格绘图纸1mm间距高清打印草稿刻度,low,商品已下架/冻结,61,0.0,WATCH,6458ce99ebbcb2000136485f,源泉资料巷的店,2026-06-18 14:36:17,web_full,,1
68887764e019f2000134ede4,蓝色科技商务风企业文化宣传公司简介展架易拉宝模板psd素材a083,low,商品已下架/冻结,60,0.0,WATCH,673cb33b2ab06500156a726b,彼方设计素材的店,2026-06-18 13:38:16,web_full,,1
699d37dd880da20001fedbf6,科普版初中英语初一二三789年级上下册书教科课件本电子版打印PDF,low,商品已下架/冻结,60,0.0,WATCH,6915517e27d04f00159570f5,成语小全的店,2026-06-18 13:39:08,web_full,,1
6932b3ef040ad400159501b2,大学日语四级六级真题答案词汇听力音频原文4级6级电子版PDF考试,low,商品已下架/冻结,60,0.0,WATCH,68eb279057134c0015b6f8e3,学霸规划局的店,2026-06-18 13:47:10,web_full,,1
6a01584a3788440001214562,WPS超级会员一天1天ai大会员pdf格式转换个人简历模版,low,商品已下架/冻结,60,0.0,WATCH,667ea2af4d44b6000116f955,大学生自用宝藏的店,2026-06-18 13:51:11,web_full,,1
69c258a620b4e20001a15b14,电商运营实操全流程课程60节~,low,商品已下架/冻结,60,0.0,WATCH,6461e1f8ebbcb200018052b5,维c爱好市民的店,2026-06-18 13:55:28,web_full,,1
6a01584a378844000121455c,WPS超级会员一天1天ai大会员pdf格式转换个人简历模版,low,商品已下架/冻结,60,0.0,WATCH,667ea2af4d44b6000116f955,大学生自用宝藏的店,2026-06-18 13:57:07,web_full,,1
68d258d14daabe000138878a,公需课速通快速学习法,low,商品已下架/冻结,60,0.0,WATCH,68c92d28626f440015b84bdd,小徐学姐s8p的店,2026-06-18 13:59:36,web_full,,1
68b1591c82bd710001358a07,文艺复兴欧式复古拼贴艺术海报手帐模版AI矢量设计素材,low,商品已下架/冻结,60,0.0,WATCH,67332bfc7f3e1d0015aaab29,东东桃设计的店,2026-06-18 14:00:17,web_full,,1
69a7b603dd2f4400015b2e4d,2026春小学实验班提优训练语文数学科学英语电子版,low,商品已下架/冻结,60,0.0,WATCH,684e73fa33342700152c4e31,星冉学姐的店,2026-06-18 14:15:11,web_full,,1
67a044855ed727000132f292,海绵宝宝和派大星恋爱主题ppt模板周年纪念日素材通用女朋友,low,商品已下架/冻结,60,0.0,WATCH,6773936432ecec00152675d3,墨笺逸阁素材的店,2026-06-18 14:24:31,web_full,,1
68fc3a1cad046d00019e60b7,大学生活动中心建筑学方案设计SU模型CAD图纸平面图效果图素材,low,商品已下架/冻结,59,0.0,WATCH,68ad167db7c4980015fe65b6,桃芝芝素材的店,2026-06-18 13:43:39,web_full,,1
69cc775e5dab9a000118d58d,3分钟非遗国风传统文化手机app展示动画ui展示视频ae模板可编辑,low,商品已下架/冻结,59,0.0,WATCH,657ac07ea02cc10001f17f13,鲸人视频制作的店,2026-06-18 14:24:57,web_full,,1
69f9d2fb213e270001ce3bf3,原创可商用可爱精致蕾丝美工装饰花边分割线边框PS/Procreate笔刷,low,商品已下架/冻结,59,0.0,WATCH,65e8aaf87916650001e18c5c,老橙子素材🍊的店,2026-06-18 14:27:44,web_full,,1
674c4feb74731000015f225a,企业周年庆红色大气山水乘风破浪高端异形kt板舞台背景设计素材ai,low,商品已下架/冻结,58,0.0,WATCH,6748eb4f98b9910015391754,齐迹视界有点意思的店,2026-06-18 13:59:58,web_full,,1
694cea130270070015475126,车尔尼练习曲中文版带指法 299/599/740/849整本高清电子版无视频,low,商品已下架/冻结,58,0.0,WATCH,68eb2506b969df001503dc19,胡图图资料的店,2026-06-18 14:08:07,web_full,,1
69f7002a213e2700018e5245,2026年~ 980+ 大合集 网盘发货持续更新！,low,商品已下架/冻结,58,0.0,WATCH,69cf7f5b238a3a00157cd8f7,快乐美味加载中的店,2026-06-18 14:12:07,web_full,,1
692867062cf0ca0001fa06d7,口袋公园市政广场街头小游园街角沿街城市公园绿地现代景观su模型,low,商品已下架/冻结,58,0.0,WATCH,6908b1dca0f8db001598a4a0,小欣素材店的店,2026-06-18 14:25:23,web_full,,1
69ee23850511b50001686a1a,《太子他夫凭子贵》by银律 包更TXT电子版PPT教案模版,low,商品已下架/冻结,58,0.0,WATCH,69d8dfe7ff4a75001571b919,学长素材小铺的店,2026-06-18 14:35:11,web_full,,1
695110a3be1ced0015b53bbc,全套sai2笔刷包目前有三千多个笔刷超全超多的笔刷画画网盘电子版,low,商品已下架/冻结,58,0.0,WATCH,68eb26832e2fd900159d2769,王老师备课小站的店,2026-06-18 14:36:12,web_full,,1
69d662f08a7da800019de953,26年下教资笔试中小幼教师资格证笔试【电子版资料】可打印,low,商品已下架/冻结,57,0.0,WATCH,68cfde13ce83500015c3bbd4,学海上岸资料的店,2026-06-18 13:34:38,web_full,,1
68d2773c0f6c7f0001661d85,古风字体procreate/ps/wps/word中文毛笔书法字体包win/mac通用,low,商品已下架/冻结,57,0.0,WATCH,6724f91245465d00159e69f0,不晚设计资源的店,2026-06-18 13:43:14,web_full,,1
686a19d67565060001a8bd93,26上教资笔试科目三简答题主观题汇总｜科三教资简答题备考资料包,low,商品已下架/冻结,57,0.0,WATCH,684cf9335c987e0015e16771,九月学姐的店,2026-06-18 13:46:56,web_full,,1
6899412ae019f20001e6e249,软管牙膏包装盒智能贴图样机PS模板VI展示产品效果图PSD分层素材,low,商品已下架/冻结,57,0.0,WATCH,686b718ececd550015889740,拾光素材库的店的店,2026-06-18 14:05:06,web_full,,1
69ba8645ec66640001a1ddb4,2026春小学笔记同款资料66电子版,low,商品已下架/冻结,57,0.0,WATCH,68e624127e9f850015a9f601,UU学姐的店,2026-06-18 14:12:44,web_full,,1
69592e1bd96c45000176e259,新概念英语书电子版资料（1-4册练习+答案+笔记+语法）,low,商品已下架/冻结,57,0.0,WATCH,687776a45278550015a56d08,学习罐头的店,2026-06-18 14:17:03,web_full,,1
69ba8645ec66640001a1dd7e,2026春小学笔记同款资料66电子版,low,商品已下架/冻结,57,0.0,WATCH,68e624127e9f850015a9f601,UU学姐的店,2026-06-18 14:20:06,web_full,,1
68c53465f9d8290001d2fc6d,中国风黑白线条线描山脉云纹水波纹封面海报背景AI矢量设计素材,low,商品已下架/冻结,56,0.0,WATCH,66111c5cf641fa0001901853,叶子素材的店,2026-06-18 13:34:19,web_full,,1
69d7721c61bf490001753bbd,【其他文创】【秒发】《十日终焉》完整版,low,商品已下架/冻结,56,0.0,WATCH,686a83ca9cd85f0015ac5641,爱看书的木木的店,2026-06-18 13:43:57,web_full,,1
669b42a23813ca00014f2c46,现代loft跃层单身公寓SU模型奶油风原木风简约风小户型草图大师,low,商品已下架/冻结,56,0.0,WATCH,65e4271e0d7eaa000186d8b0,i素材管家的店,2026-06-18 13:59:29,web_full,,1
6927fa7dec5b4300151ac0e1,意林小小姐电子资料设计素材电子杂志110+期PDF花与守梦人全套,low,商品已下架/冻结,56,0.0,WATCH,68eb2506b969df001503dc19,胡图图资料的店,2026-06-18 14:05:31,web_full,,1
69bfa14115bd7400016d8459,【秒发2款】不耐烦 双款 自带体型｜逆水寒手油捏脸男,low,商品已下架/冻结,56,0.0,WATCH,6783a9a53685c100154090b5,小野捏脸(接定制)的店,2026-06-18 14:11:31,web_full,,1
69cf5d83450d0600012b5167,笔记同款 沟通课全套课程合集 拍下后即发 超清视频完整版,low,商品已下架/冻结,56,0.0,WATCH,68889d1b9d378c0015611509,小汤课堂的店,2026-06-18 14:16:04,web_full,,1
69faddfc0283e200010c047d,2026春小学1-6年级下册15天期末冲刺卷PDF电子版可打印不可编辑,low,商品已下架/冻结,56,0.0,WATCH,65e6a8e6dbd5d90001ec969b,霞宝（小学学习资料）的店,2026-06-18 14:17:35,web_full,,1
677790d3365be400015adf6c,PS & illustrator 学习教程（包含设计源文件，配套素材）,low,商品已下架/冻结,56,0.0,WATCH,6672d61a5d874700016fd5d5,绿小逗的店,2026-06-18 14:29:31,web_full,,1
692ac71bc16548001521d39e,社会主义发展史期末考试复习知识点总结题库资料PDF电子版,low,商品已下架/冻结,56,0.0,WATCH,68eb26832e2fd900159d2769,王老师备课小站的店,2026-06-18 14:36:10,web_full,,1
692e5c75173e880015a2c1cb,湘艺版小学音乐教案课件ppt音频包新课标一二三四五六年级上下册,low,商品已下架/冻结,56,0.0,WATCH,68c93a25157e370015f0d1b0,小李资料馆的店,2026-06-18 14:36:16,web_full,,1
69b18c7e9b4aae0001d3711b,3ds Max+VRay三维动画完全实战技术手册 完全学习手册 3ds Max 入,low,商品已下架/冻结,55,0.0,WATCH,692944b9e3ea240015006834,自由树书社的店,2026-06-18 13:35:40,web_full,,1
6953c6a97bbc820015ceb7e5,素材对外汉语汉语语法教学课件100例电子版PPT课件可编辑素材,low,商品已下架/冻结,55,0.0,WATCH,68eb2506b969df001503dc19,胡图图资料的店,2026-06-18 14:05:33,web_full,,1
67385866ef36300001c3de3a,蛇年春节除夕2025新年元旦推文活动营销海报排版设计素材模版,low,商品已下架/冻结,55,0.0,WATCH,63b40e89540b790001a2d62e,KKAY DESIGN的店,2026-06-18 14:09:08,web_full,,1
69b77fcde95b340001a8a38b,26春小学数学1-6年级下册《必刷题练习册》（PDF高清可打印）,low,商品已下架/冻结,55,0.0,WATCH,67c2ace71b597e0015ea4c0c,欧阳老师的资料库的店,2026-06-18 14:17:03,web_full,,1
6a017b3364eb410001339ec2,2026辽宁名师堂中考冲刺密卷电子资料PDF,low,商品已下架/冻结,55,0.0,WATCH,65432f06bffe73000155d3dd,吉吉小叽叽的店,2026-06-18 14:20:47,web_full,,1
6919bae0b51a38000110ce00,25页紫色渐变现代科技感商业项目产品提案数据介绍ppt排版模版,low,商品已下架/冻结,55,0.0,WATCH,63b40e89540b790001a2d62e,KKAY DESIGN的店,2026-06-18 14:25:04,web_full,,1
6853715fea2a81000196f229,N237蜡笔小新png免抠图片ai矢量素材eps高清卡通可爱动漫印染图案,low,商品已下架/冻结,55,0.0,WATCH,67dd0a9e3f01910015cb9514,张小幺的店,2026-06-18 14:25:25,web_full,,1
67a4866475ca3a00016a5f1e,130款中国传统纹样边框AI矢量PNG免扣图设计素材,low,商品已下架/冻结,54,0.0,WATCH,67332bfc7f3e1d0015aaab29,东东桃设计的店,2026-06-18 13:34:30,web_full,,1
69e2f17e57d5bd000136558f,26税务师多机构名师网课【电子讲义，教材，笔记，题本，押题】,low,商品已下架/冻结,54,0.0,WATCH,6908ca40d481a0001529e41a,逢考必胜hh的店,2026-06-18 13:47:04,web_full,,1
6791f3ca75ca3a00013d58e2,【三本全套电子版+音频】日语口语影子跟读：轻松练流利口语发音,low,商品已下架/冻结,54,0.0,WATCH,6786271ee7a9bf001592fdec,吉吉日语和IT小屋的店,2026-06-18 13:47:09,web_full,,1
6876d8724485460001c226f3,【21款纹理背景】科幻霓虹赛博朋克网格海报背景底纹Ps设计素材,low,商品已下架/冻结,54,0.0,WATCH,670d30e6282b4400154c9795,贝捷精选素材的店,2026-06-18 14:00:17,web_full,,1
693fcade3770740015a2a170,新视野大学英语视听教程PDF电子版阅读插画素材,low,商品已下架/冻结,54,0.0,WATCH,68eb2506b969df001503dc19,胡图图资料的店,2026-06-18 14:05:32,web_full,,1
69cba9595dab9a0001fd1e8c,ui界面展示视频动画手机app交互动效古风非遗ae模板素材文件编辑,low,商品已下架/冻结,54,0.0,WATCH,657ac07ea02cc10001f17f13,鲸人视频制作的店,2026-06-18 14:15:19,web_full,,1
69e74e9c294caa0001658920,小学笔记同款期末辅导练习,low,商品已下架/冻结,54,0.0,WATCH,6953c917c401630015c337e8,小粥周儿的店,2026-06-18 14:17:04,web_full,,1
69e0a7248c762b00015fd19a,398/笔记同款电子资料/MJ平单元测试卷,low,商品已下架/冻结,54,0.0,WATCH,694d0cd89e186a0015daf7d5,贝壳家小学电子资料的店,2026-06-18 14:17:30,web_full,,1
69e74e9c294caa000165892c,小学笔记同款期末辅导练习,low,商品已下架/冻结,54,0.0,WATCH,6953c917c401630015c337e8,小粥周儿的店,2026-06-18 14:19:59,web_full,,1
69d3d936ecf0210001adc999,2026春笔记同款同步测控优化设计小学语文数学英语电子资料,low,商品已下架/冻结,54,0.0,WATCH,6842f13e36835a0015712d8a,智诚教辅的店,2026-06-18 14:20:01,web_full,,1
68aef0d982bd710001277d0c,2026新版（笔记同款小升初3）招生真题超详解语文数学英语电子版,low,商品已下架/冻结,54,0.0,WATCH,67616e8f5163890015dc9a81,提分电子资料馆的店,2026-06-18 14:31:02,web_full,,1
694a37b4470eed0015b34e1e,走遍美国电子版教材78集视频讲解英语口语MP3音频剧本磨耳朵神器,low,商品已下架/冻结,54,0.0,WATCH,68c93a25157e370015f0d1b0,小李资料馆的店,2026-06-18 14:36:19,web_full,,1
6919459193e3a600012e58d9,新加坡创意英语写作教材G1-G6（电子版，有答案）,low,商品已下架/冻结,53,0.0,WATCH,66d10a31d550aa0015e25629,Taylor英语的店,2026-06-18 13:56:18,web_full,,1
6762a1a5b1267e0001999608,公司企业校园人才招聘海报广告X展架易拉宝设计图宣传模板PSD素材,low,商品已下架/冻结,53,0.0,WATCH,6719bc7c7f3e1d0015a3e46b,八方素材的店,2026-06-18 13:59:47,web_full,,1
6942ad3d110a7f0001efe4e3,屋顶花园露台阳台别墅自建房院子庭院商业办公楼草图大师su模型,low,商品已下架/冻结,53,0.0,WATCH,6908b1dca0f8db001598a4a0,小欣素材店的店,2026-06-18 14:07:57,web_full,,1
67232a4e1f5d4f00013e5d80,cad快速标注插件 设计师作图神器 绘图效率封神,low,商品已下架/冻结,53,0.0,WATCH,66ca322502383e001535d654,设计匠的店,2026-06-18 14:08:19,web_full,,1
64f3414dcea7fa0001523e1d,现代简约VI品牌商业设计全案规范指导手册排版ppt模版素材,low,商品已下架/冻结,53,0.0,WATCH,63b40e89540b790001a2d62e,KKAY DESIGN的店,2026-06-18 14:09:06,web_full,,1
660cc6ec88aa5c0001c3fdd6,phone1213手机app界面作品动态展示UI交互动效动画样机视频AE模板,low,商品已下架/冻结,53,0.0,WATCH,657ac07ea02cc10001f17f13,鲸人视频制作的店,2026-06-18 14:24:50,web_full,,1
67d957f929b9f700019fb3c1,复古弥散梦幻散光梦境高光写真照片后期ps滤镜效果模版素材,low,商品已下架/冻结,53,0.0,WATCH,63b40e89540b790001a2d62e,KKAY DESIGN的店,2026-06-18 14:25:01,web_full,,1
692fdbcd581ea200157b202d,高等教育学、心理学、教育法规资料与题库!高校教师1,low,商品已下架/冻结,53,0.0,WATCH,68eb26832e2fd900159d2769,王老师备课小站的店,2026-06-18 14:36:11,web_full,,1
6855967ce6b46400155abfed,procreate笔刷景观园林设计合集ipad 总平平面树立面植物手绘铺装,low,商品已下架/冻结,52,0.0,WATCH,677f58eeb2441a00153ed2bf,汇贤教育的店,2026-06-18 14:16:49,web_full,,1
69c3500346fe2a000124d40d,26春笔记同款小学《单元归类复习》123456年级 pdf电子版,low,商品已下架/冻结,52,0.0,WATCH,694a486fb1c2c30015b7053c,Lucky🍀老师吖的店,2026-06-18 14:20:06,web_full,,1
66ad9de55ef6bc00012300d9,潮牌街头复古水洗做旧印染短袖T恤印花图案设计贴图ps样机模板,low,商品已下架/冻结,52,0.0,WATCH,63b40e89540b790001a2d62e,KKAY DESIGN的店,2026-06-18 14:25:00,web_full,,1
697c5ef18dc4b300016dfb6b,四川公文写作大赛优秀作品集2017-2021 2023-2025电子版,low,商品已下架/冻结,52,0.0,WATCH,68a003edc70e980015021a95,小余材料库的店,2026-06-18 14:34:52,web_full,,1
67d3c99ee15c91000116a062,意大利语零基础自学网课新视线意大利语A1A2/B1/B2C1全套自学课程,low,商品已下架/冻结,51,0.0,WATCH,677f58eeb2441a00153ed2bf,汇贤教育的店,2026-06-18 13:38:03,web_full,,1
66e2ec024288a1000194fbad,免费可商用ps字体包无版权创意中文艺术字procreate字体设计素材,low,商品已下架/冻结,51,0.0,WATCH,66d449da02383e00153669e0,灵感designmart的店,2026-06-18 13:43:14,web_full,,1
69ef02553aa96f0001803093,冰之城墙｜1-113话绘画定制持续更,low,商品已下架/冻结,51,0.0,WATCH,683162169cf8ac001501a654,奇迹小漫画的店,2026-06-18 14:15:14,web_full,,1
698611753067f400019e00d4,2026春3-6年级英语下册《拔尖特训》外研版 | 电子版资料,low,商品已下架/冻结,51,0.0,WATCH,69460c835f0fca00151e8b77,魏老师资料的店,2026-06-18 14:16:29,web_full,,1
698611753067f400019e00ce,2026春3-6年级英语下册《拔尖特训》外研版 | 电子版资料,low,商品已下架/冻结,51,0.0,WATCH,69460c835f0fca00151e8b77,魏老师资料的店,2026-06-18 14:19:31,web_full,,1
69cdc444a4db7c000143e46e,2026春小学数学教辅资料苏教大试卷,low,商品已下架/冻结,51,0.0,WATCH,6902df28f0f6930015995f2b,智识补给站的店,2026-06-18 14:19:37,web_full,,1
691c0addd4669a0001f51412,药学资料1-4部PDF版,low,商品已下架/冻结,50,0.0,WATCH,6847c84b91ea6a0015ddcfd9,实验室大师姐的店,2026-06-18 13:47:26,web_full,,1
6929c632c165480015176a57,普通生物学 第5五版pdf电子课后题答案试题库重点复习没有教案,low,商品已下架/冻结,50,0.0,WATCH,68eb2506b969df001503dc19,胡图图资料的店,2026-06-18 13:53:32,web_full,,1
69a840221aad900001b616ff,26春小学数学1-6年级下册《课后小练习》（PDF高清电子版）,low,商品已下架/冻结,50,0.0,WATCH,67c2ace71b597e0015ea4c0c,欧阳老师的资料库的店,2026-06-18 13:56:07,web_full,,1
694392eb7bbc820015d3be45,世界pro笔刷立体奶油自带颜色水滴商用直播写字接稿怪兽素材,low,商品已下架/冻结,50,0.0,WATCH,68eb2506b969df001503dc19,胡图图资料的店,2026-06-18 14:05:32,web_full,,1
69b7a1564cdf2e0001945179,26春小学语文1-6年级下册《基础句式训练大全》（PDF高清可打印）,low,商品已下架/冻结,50,0.0,WATCH,67c2ace71b597e0015ea4c0c,欧阳老师的资料库的店,2026-06-18 14:12:36,web_full,,1
694393ab2571080015566ac5,数字电子技术基础阎石第6六版学习辅导题库笔记课后答案PDF电子版,low,商品已下架/冻结,50,0.0,WATCH,68eb2506b969df001503dc19,胡图图资料的店,2026-06-18 14:12:42,web_full,,1
6950194291380100157fbafd,deepseek文游指令200+合集,low,商品已下架/冻结,50,0.0,WATCH,69269befcc062e00155ec966,小气派徕的店,2026-06-18 14:15:13,web_full,,1
69db8a69cfc3750001b9c9df,2026春小学电子版资料（笔记同款67）,low,商品已下架/冻结,50,0.0,WATCH,68219df404d7b4001537d87f,青卷教育研习（秒回秒发）的店,2026-06-18 14:16:05,web_full,,1
67b0b578c3cf0a0001a8ac70,25页高级现代团队创意项目策划设计作品集展示排版ppt模版素材,low,商品已下架/冻结,50,0.0,WATCH,63b40e89540b790001a2d62e,KKAY DESIGN的店,2026-06-18 14:25:01,web_full,,1
69624f283db79c000137abe5,时尚千禧Y2K卡通可爱海报装饰标题设计艺术英文西文字母字体包,low,商品已下架/冻结,50,0.0,WATCH,63b40e89540b790001a2d62e,KKAY DESIGN的店,2026-06-18 14:25:05,web_full,,1
685d001fa0660200012e3df6,阿虎医考 · 执业医师实践技能题库、vip题库、历年真题 永久有效,low,商品已下架/冻结,49,0.0,WATCH,665c4afca2758800013581f4,上岸题库灬的店,2026-06-18 13:34:37,web_full,,1
69c3a8b5a20c210001320786,安徽省中考一二三模拟卷试题语文数学英语物化生历史道法word素材,low,商品已下架/冻结,49,0.0,WATCH,680f1e2cb5fcb90016eaaab8,小初高素材库的店,2026-06-18 13:43:07,web_full,,1
694b54a3ef36880001412ece,5x5正方形圆角拼图印花效果图展示VI智能贴图PSD样机提案设计素材,low,商品已下架/冻结,49,0.0,WATCH,68ad167db7c4980015fe65b6,桃芝芝素材的店,2026-06-18 13:44:01,web_full,,1
681cb4553ca81b00018a32cf,新中式国风复古茶饮展板主视觉宣传海报psd/ai设计素材模板,low,商品已下架/冻结,49,0.0,WATCH,6724f91245465d00159e69f0,不晚设计资源的店,2026-06-18 13:52:05,web_full,,1
69f38d9f8c2c2300018ba5b5,1181/母亲节海报模板手绘创意素材,low,商品已下架/冻结,49,0.0,WATCH,695f4ddeca5d6a0015e2642e,蒙蒙素材铺,2026-06-18 13:52:14,web_full,,1
69b55e59ab6d1e0001d9bab8,超级单词表·生成器 (永久使用/支持下载Word/PDF),low,商品已下架/冻结,49,0.0,WATCH,681cb201aa3a5100153c3ef6,BingoAI的店,2026-06-18 14:11:38,web_full,,1
693bbfba470eed00150ff46e,北京市期中期末真题试卷小学一二三四五六年语文数学英语word素材,low,商品已下架/冻结,49,0.0,WATCH,68c93a25157e370015f0d1b0,小李资料馆的店,2026-06-18 14:15:25,web_full,,1
6811d15d0e004a0001dc69e9,河南郑州城市剪影郑州AI设计素材地标建筑郑州标志背景郑州旅游,low,商品已下架/冻结,49,0.0,WATCH,6773936432ecec00152675d3,墨笺逸阁素材的店,2026-06-18 14:24:32,web_full,,1
68884577ebefca000162322c,10页红色现代创意艺术品牌作品集Portfolio简介展示排版ppt模版,low,商品已下架/冻结,49,0.0,WATCH,63b40e89540b790001a2d62e,KKAY DESIGN的店,2026-06-18 14:25:03,web_full,,1
67c9a8c375422f0001e24a92,Y2K千禧少女蓝色牛仔布料边框照片人生四宫格拍立得装饰设计素材,low,商品已下架/冻结,49,0.0,WATCH,65e8aaf87916650001e18c5c,老橙子素材🍊的店,2026-06-18 14:27:43,web_full,,1
6931a21f81eded0001a02a1b,310|园林景观公园小游园滨水湿地公园广场设计方案平面cad规划图,low,商品已下架/冻结,48,0.0,WATCH,6634ee13a275880001dc0270,好好设计天天搬砖的店,2026-06-18 13:34:22,web_full,,1
691c9bf295624300010da432,居住区小区规划PSD彩平图总平面图住宅园林景观效果图PS设计素材,low,商品已下架/冻结,48,0.0,WATCH,6908b1dca0f8db001598a4a0,小欣素材店的店,2026-06-18 14:09:11,web_full,,1
69c4f9a528de7400152a9c75,2026春新版小学电子版资料（笔记同款4）,low,商品已下架/冻结,48,0.0,WATCH,68218f8023029100157066a8,博学资料库的店,2026-06-18 14:12:45,web_full,,1
69d9cf41130dde000199a1b6,26春小学数1-6年级下册《期末冲刺试卷》（PDF高清可打印）,low,商品已下架/冻结,48,0.0,WATCH,67c2ace71b597e0015ea4c0c,欧阳老师的资料库的店,2026-06-18 14:19:55,web_full,,1
69ec42fef9b6f100019dc805,26春小学辅导笔记同款期末卷电子版试卷,low,商品已下架/冻结,48,0.0,WATCH,688ca10e4be99c0015dcc5ff,邹邹-的店,2026-06-18 14:20:11,web_full,,1
69848e1dab9b880001959793,26春八下英语外研版全练练习题PDF电子素材G320,low,商品已下架/冻结,48,0.0,WATCH,66cc6380a6e9d1001658bba2,津门鱼儿上岸的店,2026-06-18 14:20:18,web_full,,1
68983739e019f20001de7fe1,被问爆的手写字体！轻松写出ins风松弛标题 字体搭配,low,商品已下架/冻结,47,0.0,WATCH,682e8d40f09fd00015328f2b,早哇早哇早的店,2026-06-18 13:40:33,web_full,,1
69d672cf076df800012aa3ac,26年6月英语四六级刘晓艳全程班含急救保命班大学英语四六级网课,low,商品已下架/冻结,47,0.0,WATCH,68949c6a40b2920015ed6475,拾光上岸屋的店,2026-06-18 13:55:45,web_full,,1
66991ee94895030001599790,北京协和医学院2012-2026年药学综合349考研真题及答案,low,商品已下架/冻结,47,0.0,WATCH,6631e384821c840001120267,医学狗药学考研在线的店,2026-06-18 13:57:29,web_full,,1
69f74c979dea2d0001bab945,2026最新注册会计师cpa课程资料,low,商品已下架/冻结,47,0.0,WATCH,693ff7fe12c10d0015eb0b13,菲菲是菲菲的店,2026-06-18 14:00:37,web_full,,1
697b267e5b50a30001acd2fb,七大套美甲课程美甲教学老烟嗓美甲大全科全套网课资料,low,商品已下架/冻结,47,0.0,WATCH,69708223c857a00016306bab,一家补给站的店,2026-06-18 14:07:40,web_full,,1
69e02eff56ab450001c321ee,广东省教师招聘广州教招真题电子版！,low,商品已下架/冻结,47,0.0,WATCH,6914685009464b0014753f71,云朵的电子资料分享的店,2026-06-18 14:11:14,web_full,,1
69c5f5aad6abc60001569f14,2026春新版小学电子资料(笔记同款8),low,商品已下架/冻结,47,0.0,WATCH,68218f8023029100157066a8,博学资料库的店,2026-06-18 14:17:13,web_full,,1
69c5f5aad6abc60001569f1a,2026春新版小学电子资料(笔记同款8),low,商品已下架/冻结,47,0.0,WATCH,68218f8023029100157066a8,博学资料库的店,2026-06-18 14:17:23,web_full,,1
69dc507249c41d000111411e,2026春小学电子版资料（笔记同款2）,low,商品已下架/冻结,47,0.0,WATCH,68219df404d7b4001537d87f,青卷教育研习（秒回秒发）的店,2026-06-18 14:20:01,web_full,,1
68b56a4cae2af10001d38c80,10页高级简约创意化妆护肤轻奢品简报品牌画册宣传排版ppt模版,low,商品已下架/冻结,47,0.0,WATCH,63b40e89540b790001a2d62e,KKAY DESIGN的店,2026-06-18 14:25:03,web_full,,1
6953e95f08cd90000155cf7f,滨水公园生态湿地景观全套方案设计文本成品CAD平面SU模型源文件,low,商品已下架/冻结,47,0.0,WATCH,6908b1dca0f8db001598a4a0,小欣素材店的店,2026-06-18 14:25:24,web_full,,1
690864859de01f00013881e7,纺织百科大全(textilepedia)，pdf格式。 中文版+英文版,low,商品已下架/冻结,47,0.0,WATCH,6874cea6d9638f0015fd7c16,西文集的店,2026-06-18 14:30:17,web_full,,1
693f5d1764c86a001566de9b,企业产品手册VI办公品牌样机LOGO宣传排版模板AI/PSD/CDR设计素材,low,商品已下架/冻结,47,0.0,WATCH,6458ce99ebbcb2000136485f,源泉资料巷的店,2026-06-18 14:36:17,web_full,,1
6853d592b93d4100016f8ef9,新店开业海报模板盛大开业店铺开业活动素材促销广告图片分层,low,商品已下架/冻结,46,0.0,WATCH,67ab320c2302820015ffebda,小雨资料库的店,2026-06-18 13:34:17,web_full,,1
6579d02378de430001c04be8,备考2026年二级建造师2026版二建教材五大专业建筑水利市政机电教,low,商品已下架/冻结,46,0.0,WATCH,64ddcd61146c1c00013cfd89,小鱼儿点点点的店,2026-06-18 13:35:54,web_full,,1
677fce75509bdf0001d19e94,2026年初级护师题库护资护师主管护师副高正高题库软件刷题APP,low,商品已下架/冻结,46,0.0,WATCH,635f233b83f0d000019db665,考证小助手的店,2026-06-18 13:46:16,web_full,,1
6a00bf8e304f4600012d9031,2026黑白卷子黑白卷子中考复习押题冲刺卷模拟卷电子版,low,商品已下架/冻结,46,0.0,WATCH,69784e9fdab0240015672f9a,天天学资料库的店,2026-06-18 13:46:18,web_full,,1
68c545260201ec00014f5345,复古西方中世纪欧式宫廷风巴洛克手账png免抠美工设计素材,low,商品已下架/冻结,46,0.0,WATCH,6724f91245465d00159e69f0,不晚设计资源的店,2026-06-18 13:46:23,web_full,,1
69395f04266b9500010a4513,生物学考研择校课程,low,商品已下架/冻结,46,0.0,WATCH,691d2790cda0b5001554cf58,小白学姐生物学考研的店,2026-06-18 13:57:28,web_full,,1
69d52a0f1153580015c725ff,2026天星高考金考卷测评卷预测卷领航卷语数英物化生全国电子版,low,商品已下架/冻结,46,0.0,WATCH,697afc5d7d730300150a9b53,小张资料包的店,2026-06-18 14:00:59,web_full,,1
685259d2a89f4f0001f91ff1,明代明朝传统纹样纹饰装饰图案矢量图高清PNG免扣设计素材 B419,low,商品已下架/冻结,46,0.0,WATCH,640ef98d3ce59d00010c70c1,一颗菜菜花的店,2026-06-18 14:03:16,web_full,,1
6921cc7e9562430001497055,室内家装设计家具电器厨房卫浴CAD图块图库冰箱空调电视机平立面,low,商品已下架/冻结,46,0.0,WATCH,6908b1dca0f8db001598a4a0,小欣素材店的店,2026-06-18 14:07:57,web_full,,1
691d8fc399f01700151caaed,住宅居住小区规划设计方案总平面图cad施工su模型psd文本景观建筑,low,商品已下架/冻结,46,0.0,WATCH,68eb26832e2fd900159d2769,王老师备课小站的店,2026-06-18 14:08:05,web_full,,1
6a03298837884400014f09b2,26基金从业资格证备考网课+资料,low,商品已下架/冻结,46,0.0,WATCH,69de53895677ef0015c62dab,是小海螺吖的店,2026-06-18 14:12:30,web_full,,1
691d8fc399f01700151caaeb,住宅居住小区规划设计方案总平面图cad施工su模型psd文本景观建筑,low,商品已下架/冻结,46,0.0,WATCH,68eb26832e2fd900159d2769,王老师备课小站的店,2026-06-18 14:12:53,web_full,,1
69d106c09bbf24000182d335,苏州小学语文数学英语期中期末真题试卷含答案,low,商品已下架/冻结,46,0.0,WATCH,65bb02155848410001055146,桃李先生资料库的店,2026-06-18 14:16:43,web_full,,1
69da35b58bd1990001b0db50,2026春小学资料笔记同款4,low,商品已下架/冻结,46,0.0,WATCH,68e624127e9f850015a9f601,UU学姐的店,2026-06-18 14:17:14,web_full,,1
648dd61077a8ad0001967cd1,50款时尚抽象艺术迷幻花卉扭曲故障风失真潮流插图插画ai设计素材,low,商品已下架/冻结,46,0.0,WATCH,63b40e89540b790001a2d62e,KKAY DESIGN的店,2026-06-18 14:25:00,web_full,,1
69dddcb3ddd1650001bb1ff4,【自动发货】医学基础知识题库分科目分章节训练“5000题”带答案,low,商品已下架/冻结,46,0.0,WATCH,6914685009464b0014753f71,云朵的电子资料分享的店,2026-06-18 14:34:36,web_full,,1
69ac5a92f209ba0001c0b800,26年6月四六级备考大全,low,商品已下架/冻结,45,0.0,WATCH,69233490084ee900151986cb,小渔学姐的店,2026-06-18 13:34:25,web_full,,1
6948a61de40d4300012df96e,初中物理教材全解笔记全本电子版,low,商品已下架/冻结,45,0.0,WATCH,66cc6380a6e9d1001658bba2,津门鱼儿上岸的店,2026-06-18 13:53:12,web_full,,1
69c25ce09c14650001e24272,行者创业系统读书电子资料包,low,商品已下架/冻结,45,0.0,WATCH,694ce665e3ea240015008795,努力冲冲鸭的店,2026-06-18 14:03:21,web_full,,1
697c237330ddb100011a12ef,2026马年新年企业年会横幅条幅设计素材PS春节开门红年会挂布扁平,low,商品已下架/冻结,45,0.0,WATCH,6748eb4f98b9910015391754,齐迹视界有点意思的店,2026-06-18 14:04:10,web_full,,1
684fe91a8a6cef0001ca9e31,下雨天效果叠加溶图元素jpg雨水暴雨大雨细雨笔刷特效素材png免扣,low,商品已下架/冻结,45,0.0,WATCH,67dd0a9e3f01910015cb9514,张小幺的店,2026-06-18 14:08:58,web_full,,1
677cb71f3cf48c00010bf298,学而北师大版初中数学双班型敏学勤思四季讲义暑秋寒春PDF电子版,low,商品已下架/冻结,45,0.0,WATCH,67317b0291ee7d001485aff1,苏木老师的店,2026-06-18 14:35:43,web_full,,1
695f22d39799e500159c5182,word排版文件A5设计模板现代诗文集文艺简约书籍排版版式源文件,low,商品已下架/冻结,45,0.0,WATCH,68eb2506b969df001503dc19,胡图图资料的店,2026-06-18 14:35:45,web_full,,1
69454a8df17edd000198a078,guares爻笔刷5套打包 合集procreate笔刷 素材,low,商品已下架/冻结,45,0.0,WATCH,68fdde5a8b5e4500153ea260,雅美素材库的店,2026-06-18 14:36:30,web_full,,1
667a74e8ad064e000124b8b1,享做笔记模板想做笔记云字体电子手帐2022goodnotes模板贴纸素材,low,商品已下架/冻结,44,0.0,WATCH,6639d4ee821c8400011245cc,牛教授游戏的店,2026-06-18 13:46:23,web_full,,1
688c9782b1b9df000136dbd6,中式黑8台球厅活动宣传海报展板主视觉kv背景板灯箱设计素材模板,low,商品已下架/冻结,44,0.0,WATCH,671a5897ef81e60015a363be,齐迹视界资源设计的店,2026-06-18 13:52:06,web_full,,1
68b5c2398f53130001af55f3,可爱手绘猫咪各种动态姿势插画PNG免抠图贴纸Ai矢量美工设计素材,low,商品已下架/冻结,44,0.0,WATCH,663c4539c7b2730001d90edb,ViVi素材的店,2026-06-18 14:00:57,web_full,,1
6a03298837884400014f09af,26基金从业资格证备考网课+资料,low,商品已下架/冻结,44,0.0,WATCH,69de53895677ef0015c62dab,是小海螺吖的店,2026-06-18 14:03:40,web_full,,1
68905e346d60540001054a57,Blender Fbx Obj C4d假山石头太湖石景观石模型素材设计模板A410,low,商品已下架/冻结,44,0.0,WATCH,640ef98d3ce59d00010c70c1,一颗菜菜花的店,2026-06-18 14:04:43,web_full,,1
6910bc2962d5c400011c5471,美丽乡村新农村农场观光农业田园景观稻田农田野餐露营公园su模型,low,商品已下架/冻结,44,0.0,WATCH,6908b1dca0f8db001598a4a0,小欣素材店的店,2026-06-18 14:07:57,web_full,,1
685581ca02b98c001546f19d,procreate古风字体ps/wps/word/pr/fcpx中文毛笔书法字体win/mac,low,商品已下架/冻结,44,0.0,WATCH,677f58eeb2441a00153ed2bf,汇贤教育的店,2026-06-18 14:12:24,web_full,,1
69d9cf41130dde000199a1bc,26春小学数1-6年级下册《期末冲刺试卷》（PDF高清可打印）,low,商品已下架/冻结,44,0.0,WATCH,67c2ace71b597e0015ea4c0c,欧阳老师的资料库的店,2026-06-18 14:15:28,web_full,,1
69ddf1c47926620001f4f79c,口算题库小学1-6年级上下册小学数学口算题专项练习题,low,商品已下架/冻结,44,0.0,WATCH,6914685009464b0014753f71,云朵的电子资料分享的店,2026-06-18 14:19:42,web_full,,1
6753076cd79d33000138ca1c,25页高级黑色商务公司团队品牌市场战略计划业务数据分析ppt素材,low,商品已下架/冻结,44,0.0,WATCH,63b40e89540b790001a2d62e,KKAY DESIGN的店,2026-06-18 14:25:01,web_full,,1
69d9cfacc586eb0001518af1,26春小学语1-6年级下册《期末冲刺试卷》（PDF高清可打印）,low,商品已下架/冻结,44,0.0,WATCH,67c2ace71b597e0015ea4c0c,欧阳老师的资料库的店,2026-06-18 14:35:30,web_full,,1
698748b5a60bac000115214b,复古邮票边框邮戳门票镭射票根PNG免扣图片原创可商文游美工素材,low,商品已下架/冻结,44,0.0,WATCH,68fdde5a8b5e4500153ea260,雅美素材库的店,2026-06-18 14:36:31,web_full,,1
69bd599223faf800019d1dc5,四级英语备考资料,low,商品已下架/冻结,43,0.0,WATCH,6939711d5f67980015fa1fbd,嵩嵩要努力的店,2026-06-18 13:34:25,web_full,,1
682ae0b247f0f10001684131,中国风中式传统古典敦煌壁画火焰元素纹样图案AI矢量PNG设计素材,low,商品已下架/冻结,43,0.0,WATCH,66d449da02383e00153669e0,灵感designmart的店,2026-06-18 13:34:36,web_full,,1
69adaa4dc3771c0015ce11ae,catti日语网课视频课程三级笔译真题翻译资格二三笔译口译教材 ·,low,商品已下架/冻结,43,0.0,WATCH,692695529b93c500154bd8d7,Mo资料库的店,2026-06-18 14:01:13,web_full,,1
69afae57f6806b00013c3661,国家地理电子版资料合集,low,商品已下架/冻结,43,0.0,WATCH,69aa29c29b8ca90015e6c1ed,看风景的桥上看你的店,2026-06-18 14:03:42,web_full,,1
6927fb3b3da2360015dee323,全职法师精校版全本txt电子版设计素材全职法师精校版没有头像,low,商品已下架/冻结,43,0.0,WATCH,68eb2506b969df001503dc19,胡图图资料的店,2026-06-18 14:05:31,web_full,,1
67264947b43c000001dfa956,Red Giant红巨人红巨星2024插件合集官方中文汉化版本兼容Win/Mac,low,商品已下架/冻结,43,0.0,WATCH,662f52bd7d1a500001039e92,噢谢特的店,2026-06-18 14:08:00,web_full,,1
693bbf96fe4ff500159c8619,2025秋新改版外研新交际小学英语一年级二年级上册下册课件ppt教,low,商品已下架/冻结,43,0.0,WATCH,68c93a25157e370015f0d1b0,小李资料馆的店,2026-06-18 14:08:09,web_full,,1
66ec24fc1930270001d1f644,CAD改色插件 线形颜色快速修改 绘图效率神器,low,商品已下架/冻结,43,0.0,WATCH,66ca322502383e001535d654,设计匠的店,2026-06-18 14:08:18,web_full,,1
69a104b687daa00001952a8b,2026春版小学电子版资料PDF（笔记同款51A）,low,商品已下架/冻结,43,0.0,WATCH,684e7a10b47d530015d659d5,拾卷小书房的店,2026-06-18 14:12:44,web_full,,1
66062b549384470001158f10,UI界面作品集动态展示phone1112样机手机APP交互演示动画AE模板,low,商品已下架/冻结,43,0.0,WATCH,657ac07ea02cc10001f17f13,鲸人视频制作的店,2026-06-18 14:24:49,web_full,,1
682a92e3709421000173fa87,安全认证图标质量环保能效绿色标准标志国家警示AI/CDR设计素材,low,商品已下架/冻结,43,0.0,WATCH,67dd0a9e3f01910015cb9514,张小幺的店,2026-06-18 14:25:25,web_full,,1
67264947b43c000001dfa959,Red Giant红巨人红巨星2024插件合集官方中文汉化版本兼容Win/Mac,low,商品已下架/冻结,43,0.0,WATCH,662f52bd7d1a500001039e92,噢谢特的店,2026-06-18 14:25:35,web_full,,1
69d5d3b910b42d0001742799,跟着电影学英语｜300期教材配套课程实时特价精讲,low,商品已下架/冻结,43,0.0,WATCH,69902724020fd10015af03f0,简爱英语的店,2026-06-18 14:30:30,web_full,,1
69a104b687daa00001952a94,2026春版小学电子版资料PDF（笔记同款51A）,low,商品已下架/冻结,43,0.0,WATCH,684e7a10b47d530015d659d5,拾卷小书房的店,2026-06-18 14:30:36,web_full,,1
69bb83be58e96300016a9d86,2026版JKJ中考45套 PDF电孖版资料,low,商品已下架/冻结,42,0.0,WATCH,67ee288843c86f0015b30d30,一一爱心的店,2026-06-18 13:34:31,web_full,,1
69ae94f2dd2f4400015b0826,2026辽宁专版中考名师押题卷电子版,low,商品已下架/冻结,42,0.0,WATCH,68b26175a90d6e00150e1cff,图图初高中资料的店,2026-06-18 13:34:38,web_full,,1
6976d61639c80000010f5802,ps ai字体包库cdr毛笔书法艺术卡通中文ppt字体下载pr设计素材mac,low,商品已下架/冻结,42,0.0,WATCH,68ad167db7c4980015fe65b6,桃芝芝素材的店,2026-06-18 13:43:15,web_full,,1
67dabf5829b9f70001b01686,高端企业办公文具名片卡片品牌VI提案光影场景展示样机ps设计素材,low,商品已下架/冻结,42,0.0,WATCH,64cf4dc2f58f8b000152f4a5,起山素材的店,2026-06-18 14:04:40,web_full,,1
68e4ae1a7d3b3f0001ef64da,长方形圆形鼠标垫图案设计VI效果图展示文创产品PSD样机素材模板,low,商品已下架/冻结,42,0.0,WATCH,68e25277407dfd00158f03bc,晚意素材的店,2026-06-18 14:05:06,web_full,,1
692b162547579d0001622944,活动中心游客驿站老年青少年社区建筑大学生服务中心场馆SU模型,low,商品已下架/冻结,42,0.0,WATCH,6908b1dca0f8db001598a4a0,小欣素材店的店,2026-06-18 14:07:57,web_full,,1
69c8d4de46fe2a0001855c7e,2026年   800+    大合集   网盘发货   持续更新,low,商品已下架/冻结,42,0.0,WATCH,69afabb7b5ee130015631a19,果冻美味书社的店,2026-06-18 14:12:07,web_full,,1
69ddfb18b7a2ed000127b96d,2026新版学霸小升初真题精选语文数学英语电子资料,low,商品已下架/冻结,42,0.0,WATCH,69c7ea98be825200151eed0f,学习资料加油站的店,2026-06-18 14:20:36,web_full,,1
67e3019c95c3450001019068,10页粉色时尚创意求职设计师作品集portfolio排版个人简介ppt模版,low,商品已下架/冻结,42,0.0,WATCH,63b40e89540b790001a2d62e,KKAY DESIGN的店,2026-06-18 14:25:01,web_full,,1
65e98320b83ef100011e34d7,自动发货/复古蝴蝶肌理插画手绘水彩合成电子手账PNG免扣图PS素材,low,商品已下架/冻结,42,0.0,WATCH,65e8aaf87916650001e18c5c,老橙子素材🍊的店,2026-06-18 14:27:42,web_full,,1
68dcbdd6e0f3b20001dc3d87,电子书-发酵酵素圣经，中文PDF 一本（无水印）,low,商品已下架/冻结,42,0.0,WATCH,6873cd692610ec001552f8c1,小叶子素材的店,2026-06-18 14:30:17,web_full,,1
69cb5f28b113e400159982b7,2026春小学电子版资料（笔记同款58）,low,商品已下架/冻结,42,0.0,WATCH,68219df404d7b4001537d87f,青卷教育研习（秒回秒发）的店,2026-06-18 14:30:38,web_full,,1
6961f59bc0b0790015be2e13,24班36班48班60班小学初高中学建筑设计文本SU模型CAD平面施工图,low,商品已下架/冻结,42,0.0,WATCH,68eb26832e2fd900159d2769,王老师备课小站的店,2026-06-18 14:36:12,web_full,,1
