商品ID,标题,风险等级,风险类型,销量,日增量,池,店铺ID,店铺名,发现时间,来源,品类,是否今日新发现
69e1d14f4dd26e00017eef3f,证件照换底色p图修图证件照换衣服换发型去刘海加耳朵证件照精修,high,商品已下架/冻结,0,74.23260808035779,ACCEL,,,2026-06-19 16:57:29,web_detail,,1
6a0d825b43375f00012c1b56,C盘清理精灵专业一键深度清理系统垃圾释放存储空间优化电脑服务,high,商品已下架/冻结,1536,57.14686810184611,WATCH,677e2785921a680015716438,青禾科技的店,2026-06-19 14:14:05,web_full,,1
6a0d825b43375f00012c1b53,C盘清理精灵专业一键深度清理系统垃圾释放存储空间优化电脑服务,high,商品已下架/冻结,1458,54.84097207204727,WATCH,677e2785921a680015716438,青禾科技的店,2026-06-19 14:35:44,web_full,,1
6a1c1d3b40788700011238e8,第五吧唧本园丁专属【逐浪拾光】,high,商品已下架/冻结,1415,50.204109264878134,WATCH,69dedb7e7e033a00150f654b,酱油周边的店,2026-06-19 15:38:22,web_full,,1
6a14f158df36740001c1c3a0,全新第五人格吧唧包邮信封,high,商品已下架/冻结,2557,50.0217878274282,WATCH,,小汐的游戏天地的店,2026-06-19 16:57:30,web_detail,,1
69f1a5a52f72a600151328e4,2026新款巨型红包送闺蜜生日礼物结婚乔迁新年金榜题名礼物拍照sh,high,商品已下架/冻结,1149,26.86733284520128,WATCH,,,2026-06-19 16:57:33,web_detail,,1
69dafa4c47a2e20001c9df5e,证件照换底色p图修图证件照换衣服换发型去刘海加耳朵证件照精修,high,商品已下架/冻结,3649,24.663841468780515,WATCH,,,2026-06-19 16:57:31,web_detail,,1
69d9bacd98fb930001c1b212,证件照换底色p图修图证件照换衣服换发型去刘海加耳朵证件照精修,high,商品已下架/冻结,3633,22.939097310124534,WATCH,,小沐子设计的店,2026-06-19 16:57:31,web_detail,,1
6a09842504b18d0001646096,铲+铲币号教案电子本,high,商品已下架/冻结,997,20.26878559170755,WATCH,68d1c8723490500015a49a93,只只zizi(发货联系店铺客服)的店,2026-06-19 16:57:30,web_detail,,1
6a0f38859a4ddf0001632540,光遇测•生•槁PPT,high,商品已下架/冻结,912,20.003571788378753,WATCH,6741c678b63e700015756b35,小俞酒儿的店,2026-06-19 16:57:30,web_detail,,1
69e59a82d5ed9c00016b8cfc,拍下即可好物 高效必备同款 1翻译校队,high,商品已下架/冻结,1555,17.11011001740204,WATCH,690b1c9970532b00157acf7c,绛绛绛绛绛的店,2026-06-19 14:05:44,web_full,,1
6a01e7890511b50001e20452,同款好物     同款好物  翻译,high,商品已下架/冻结,938,16.992187619943348,WATCH,696720974f533a00153545b9,文写写1的店,2026-06-19 16:57:30,web_detail,,1
69eb2f18f9b6f1000185379c,考研英语单词整理线圈本 彩色内页 单词翻译练习笔记本,high,商品已下架/冻结,1455,15.457776028844785,WATCH,679d9046d0ac5b0015e4518b,十年资料铺的店,2026-06-19 14:37:14,web_full,,1
69f421c781bc010001c9cf59,【自动秒发货】Word Excel PPT 模板,high,商品已下架/冻结,1611,14.978155287415909,WATCH,676e40c3d0a2240015b4e51a,珑悦工作室的店,2026-06-19 13:57:01,web_full,,1
6a0c3ce73c8e6e0001900900,同款商品 自动发货,high,商品已下架/冻结,508,14.889491948075046,WATCH,69159bf5f480c60015e0507c,向着太阳晒屁股的店,2026-06-19 16:57:31,web_detail,,1
6a18fb0ac40951000133276c,RQ牌男设女设拼拼乐oc人设盲盒纯拼改色空壳设随机设定,high,商品已下架/冻结,330,14.884379350944773,WATCH,69d9b1157fc1200015bbc817,诗鸽鸽的小鸽窝的店,2026-06-19 16:57:31,web_detail,,1
6a0ec13535725f0001ecbeef,全新蛋仔派对小羊小蓝帽天火麒麟凤闪电阿存法莉塔百变羽翼模版,high,商品已下架/冻结,349,13.232253546838663,WATCH,69e6f3d935441e001514801e,coko的店,2026-06-19 16:57:31,web_detail,,1
69cce513a4db7c0001292356,图片转拼豆图纸/带色号/无限使用次数,high,商品已下架/冻结,993,12.612683146652238,WATCH,65df255928471e000159ce82,约翰爱学习的店,2026-06-19 16:57:31,web_detail,,1
6a16e4199a00d300012f814a,视频同款官方玩偶,high,商品已下架/冻结,271,12.459381216869925,WATCH,,,2026-06-19 16:57:33,web_detail,,1
6a0fe135e6d02a000129b366,【AI豆仓】高级会员权益 - 拼豆效率神器,high,商品已下架/冻结,811,12.391408003728515,WATCH,6983e2901e1c83001559d6f0,AI豆仓的店,2026-06-19 16:57:31,web_detail,,1
6a0d825b43375f00012c1b50,C盘清理精灵专业一键深度清理系统垃圾释放存储空间优化电脑服务,high,商品已下架/冻结,1489,11.607822957315364,WATCH,677e2785921a680015716438,青禾科技的店,2026-06-19 14:29:53,web_full,,1
6a0bdf4ea32a970001e68f91,26年6月英语四六级刘晓艳急救班网课四六级备考网课,high,商品已下架/冻结,517,11.550562460618364,WATCH,68949c6a40b2920015ed6475,拾光上岸屋的店,2026-06-19 16:57:31,web_detail,,1
6a22361e1c308e000114ed24,Lightroom手机版高级功能调色模版安卓/苹果/ipad调色预设模版,high,商品已下架/冻结,181,11.32990929831676,WATCH,,,2026-06-19 16:57:40,web_detail,,1
6a23ec19461097000157c034,个人兴趣光遇兴趣特色教育,high,商品已下架/冻结,532,10.733803409741551,WATCH,69a1924a151b330015a1a8f7,风与煦陪玩团的店,2026-06-19 16:57:35,web_detail,,1
6a0eb7aa88ed2e00011474a9,WPS超级会资源员素材简历其作模板,high,商品已下架/冻结,624,10.665465797683023,WATCH,69243693d481a0001529fd37,学习工作会员的店,2026-06-19 16:57:31,web_detail,,1
68dcffe89176f50001f41bc7,2026国家能源集团校招春招笔试面试资料包企业文化真题预测卷,high,商品已下架/冻结,914,10.31142543925371,WATCH,68a03af22c156200155b7076,上岸接着卷的店,2026-06-19 16:57:31,web_detail,,1
6a17cfc048fd3d0001ae1c5c,浙江专用BP吧期末,high,商品已下架/冻结,221,10.153136152195822,WATCH,,,2026-06-19 16:57:39,web_detail,,1
69a927a1befcbd00018a1efe,27考研张宇基础30讲高数线代概率1000题电子版,high,商品已下架/冻结,0,4.161476524721975,ACCEL,67d94c5494b4e00015dac44b,南征学长的店,2026-06-19 16:57:30,web_detail,,1
6a05dc5d377d170001a6d8f8,26注会官方教材全套6科PDF电子版,high,商品已下架/冻结,0,3.474257645090497,ACCEL,,,2026-06-19 16:57:29,web_detail,,1
69478e7fe935e900016f892c,成都初一初二初三数学英语文物化生地史政月考期中期末真题试卷,high,商品已下架/冻结,0,3.0953972722327157,ACCEL,,,2026-06-19 16:57:30,web_detail,,1
694aa53aa3be010001ec8027,2026年深圳市初中数学英语语文物化生地史政月考期中期末真题试卷,high,商品已下架/冻结,0,2.8962021439115855,ACCEL,,桃李先生资料库的店,2026-06-19 16:57:30,web_detail,,1
69eb1efbe4ac6100019e96dd,小学数学《北京同步真题试卷》1-6年级下册（PDF电子版）,high,商品已下架/冻结,0,2.1108409938892025,ACCEL,6949ecb41b172300155d9a92,纳兰学长资料库的店,2026-06-19 16:57:30,web_detail,,1
69eb1d5221e0870001f75b93,小学语文《北京同步真题试卷》1-6年级下册（PDF电子版）,high,商品已下架/冻结,0,2.109209205697354,ACCEL,6949ecb41b172300155d9a92,纳兰学长资料库的店,2026-06-19 16:57:30,web_detail,,1
69abd6047c9c8f000161e85a,26春1-6年级语数英多版本高频考点易错题（附答案）,high,商品已下架/冻结,0,2.0,ACCEL,67d1804b3e21140015126796,芝士柒柒的店,2026-06-19 16:57:30,web_detail,,1
69ef22cc933b030001825b87,长春小学语文数学英语期末真题试卷含答案,high,商品已下架/冻结,0,1.8730221099002593,ACCEL,,,2026-06-19 16:57:30,web_detail,,1
6a1d1ecd6114660001df0c40,2026辽宁中考临考预测卷电子资料PDF天星,high,商品已下架/冻结,0,1.8379809687098405,ACCEL,,,2026-06-19 16:57:30,web_detail,,1
69478e7fe935e900016f8944,成都初一初二初三数学英语文物化生地史政月考期中期末真题试卷,high,商品已下架/冻结,0,1.55482987105754,ACCEL,65bb02155848410001055146,桃李先生资料库的店,2026-06-19 16:57:30,web_detail,,1
6756bc316e529e0001ec82b1,合肥市初中语文数学英语外物化生地史政月考期中期末真题试卷,high,商品已下架/冻结,0,1.4420090250757556,ACCEL,,,2026-06-19 16:57:30,web_detail,,1
675022ee317fb100013acc3e,济南市初中数学英语文外物化生地史政月考期中期末真题试卷,high,商品已下架/冻结,0,1.3134259382654747,ACCEL,65bb02155848410001055146,桃李先生资料库的店,2026-06-19 16:57:30,web_detail,,1
694ea6596fadb7000140f97b,北京初中语文数学英语物理化学生生物地史政月考期中期末真题试卷,high,商品已下架/冻结,1689,0.8966382340300477,ACCEL,,,2026-06-19 13:27:24,web_full,,1
694ea135e7d6bb0001ca1154,北京初中语文数学英语物理化学生生物地史政月考期中期末真题试卷,high,商品已下架/冻结,1689,0.8713970031181756,ACCEL,,,2026-06-19 13:27:23,web_full,,1
679b2edc96b36c000107b777,阿虎医考初，中，副高，正高刷题上岸题库（笔记同款）,high,商品已下架/冻结,1663,0.7909560725226025,ACCEL,,医药护学习圈的店,2026-06-19 13:40:48,web_full,,1
694aa53aa3be010001ec8078,2026年深圳市初中数学英语语文物化生地史政月考期中期末真题试卷,high,商品已下架/冻结,1675,0.44433146547811525,ACCEL,65bb02155848410001055146,桃李先生资料库的店,2026-06-19 13:29:28,web_full,,1
6963bcb8ce1e9f0001cb225d,2026年天津市各区初中语数外物化生地史政期末电子真题试卷电子版,high,商品已下架/冻结,1475,0.38706145367922457,ACCEL,65bb02155848410001055146,桃李先生资料库的店,2026-06-19 14:32:50,web_full,,1
694ea135e7d6bb0001ca1112,北京初中语文数学英语物理化学生生物地史政月考期中期末真题试卷,high,商品已下架/冻结,1689,0.38268074787288353,ACCEL,65bb02155848410001055146,桃李先生资料库的店,2026-06-19 13:27:22,web_full,,1
694ea135e7d6bb0001ca1109,北京初中语文数学英语物理化学生生物地史政月考期中期末真题试卷,high,商品已下架/冻结,1689,0.37789214748002886,ACCEL,65bb02155848410001055146,桃李先生资料库的店,2026-06-19 13:27:22,web_full,,1
694ea135e7d6bb0001ca114e,北京初中语文数学英语物理化学生生物地史政月考期中期末真题试卷,high,商品已下架/冻结,1689,0.37782604678734627,ACCEL,,,2026-06-19 13:27:24,web_full,,1
694ea135e7d6bb0001ca1118,北京初中语文数学英语物理化学生生物地史政月考期中期末真题试卷,high,商品已下架/冻结,1689,0.3717349535992941,ACCEL,65bb02155848410001055146,桃李先生资料库的店,2026-06-19 13:27:23,web_full,,1
694ea135e7d6bb0001ca114b,北京初中语文数学英语物理化学生生物地史政月考期中期末真题试卷,high,商品已下架/冻结,1689,0.36979389243213706,ACCEL,,,2026-06-19 13:27:23,web_full,,1
694ea6596fadb7000140f978,北京初中语文数学英语物理化学生生物地史政月考期中期末真题试卷,high,商品已下架/冻结,1696,0.369722683478885,ACCEL,,桃李先生资料库的店,2026-06-19 13:27:23,web_full,,1
694ea135e7d6bb0001ca1199,北京初中语文数学英语物理化学生生物地史政月考期中期末真题试卷,high,商品已下架/冻结,1697,0.36932757704697355,ACCEL,,桃李先生资料库的店,2026-06-19 13:27:23,web_full,,1
67f22b4584d56b00015ed4b7,25春考试宝典｜小学1-6年级下单元测试、期中期末测试卷合集+答案,high,商品已下架/冻结,1819,0.3628882682076066,ACCEL,67ea63f5d90d8200154009f5,Duffy老师教辅站的店,2026-06-19 13:03:58,web_full,,1
694ea135e7d6bb0001ca1196,北京初中语文数学英语物理化学生生物地史政月考期中期末真题试卷,high,商品已下架/冻结,1689,0.3607234547443342,ACCEL,,桃李先生资料库的店,2026-06-19 13:27:23,web_full,,1
694ea135e7d6bb0001ca1106,北京初中语文数学英语物理化学生生物地史政月考期中期末真题试卷,high,商品已下架/冻结,1689,0.3593850560389398,ACCEL,65bb02155848410001055146,桃李先生资料库的店,2026-06-19 13:27:23,web_full,,1
694ea135e7d6bb0001ca1190,北京初中语文数学英语物理化学生生物地史政月考期中期末真题试卷,high,商品已下架/冻结,1689,0.35937758179516816,ACCEL,65bb02155848410001055146,桃李先生资料库的店,2026-06-19 13:27:23,web_full,,1
691d1d2b603b4e0001c2945d,初中英语电子版PDF虚拟教材  人教版,high,商品已下架/冻结,2039,0.26876969036420484,ACCEL,68e29831eeeb370015bed03b,丰狐文豹的店,2026-06-19 12:15:48,web_full,,1
69fdadf715602900013a5f44,2027国考省考事业单位备考资料，百度+夸克双网盘群・持续更新,high,商品已下架/冻结,1674,0.2660994485941943,ACCEL,69c8b1c755c17a0015d85876,佳佳学姐呀的店,2026-06-19 13:29:31,web_full,,1
691d1d2b603b4e0001c2946f,初中英语电子版PDF虚拟教材  人教版,high,商品已下架/冻结,2038,0.2615393495660768,ACCEL,68e29831eeeb370015bed03b,丰狐文豹的店,2026-06-19 12:15:57,web_full,,1
69679508adb6840001f619c8,2026杭州市各区初中语数外科学社会月考期中期末真题试卷含答案,high,商品已下架/冻结,1412,0.2441812359932006,ACCEL,65bb02155848410001055146,桃李先生资料库的店,2026-06-19 15:38:47,web_full,,1
696377b7e25fce00018bc37b,26湖北农教综合+语数英fb系统班包更新【赠26时政冲刺课+讲义】,high,商品已下架/冻结,1732,0.1579581372701114,ACCEL,69368234813698001593ad01,锦鲤搭档的店,2026-06-19 13:19:23,web_full,,1
694956d64d11d70001db0f8a,重庆初中语数外物化生地史政月考期中期末真题试卷七龙珠试卷,high,商品已下架/冻结,1805,0.15603665932790015,ACCEL,,桃李先生资料库的店,2026-06-19 13:06:37,web_full,,1
694956d64d11d70001db0ee7,重庆初中语数外物化生地史政月考期中期末真题试卷七龙珠试卷,high,商品已下架/冻结,1812,0.15472833874679895,ACCEL,65bb02155848410001055146,桃李先生资料库的店,2026-06-19 13:06:35,web_full,,1
69f1ea37294caa0001ddae32,考研政治89｜27考研政治全年规划带学！,medium,商品已下架/冻结,7447,9.771652847540121,WATCH,66cef18014bb61001536667c,怂怂学姐的店,2026-06-19 16:57:37,web_detail,,1
6a23d09b9a18cb001527bd4e,26新款 法式氛围少女感【蝴蝶结中跟鞋】意大利真皮底 跟高：4cm,medium,商品已下架/冻结,628,9.588946846737164,WATCH,69ec855b4ed4030015979169,嘉益集团臻选女鞋的店,2026-06-19 16:57:36,web_detail,,1
6a23ec19461097000157bff8,个人兴趣光遇兴趣特色教育,medium,商品已下架/冻结,519,9.58748300772809,WATCH,69a1924a151b330015a1a8f7,风与煦陪玩团的店,2026-06-19 16:57:36,web_detail,,1
6a23ec19461097000157c02b,个人兴趣光遇兴趣特色教育,medium,商品已下架/冻结,519,9.48327123590496,WATCH,69a1924a151b330015a1a8f7,风与煦陪玩团的店,2026-06-19 16:57:36,web_detail,,1
6a23ec19461097000157c016,个人兴趣光遇兴趣特色教育,medium,商品已下架/冻结,519,9.379059464081827,WATCH,69a1924a151b330015a1a8f7,风与煦陪玩团的店,2026-06-19 16:57:37,web_detail,,1
6a23ec19461097000157c00d,个人兴趣光遇兴趣特色教育,medium,商品已下架/冻结,519,9.379059464081827,WATCH,69a1924a151b330015a1a8f7,风与煦陪玩团的店,2026-06-19 16:57:37,web_detail,,1
69cce513a4db7c000129235c,图片转拼豆图纸/带色号/无限使用次数,medium,商品已下架/冻结,992,9.075631249067143,WATCH,65df255928471e000159ce82,约翰爱学习的店,2026-06-19 16:57:32,web_detail,,1
6a200a1f65795a00011042fc,光遇游戏数据咨询｜角色体型参考测算服务头像壁纸,medium,商品已下架/冻结,410,9.060163843395328,WATCH,,,2026-06-19 16:57:36,web_detail,,1
6a003a50ca011e000141b3cb,手工定制服务产品,medium,商品已下架/冻结,107,8.968737580855674,WATCH,,,2026-06-19 16:57:35,web_detail,,1
69de63c9837001000184a24b,超高回购率 笔记同-同款好物,medium,商品已下架/冻结,1635,8.862813779536042,WATCH,696871dd92b18e00158c70d3,Trouvaille Semiternal的店,2026-06-19 13:52:06,web_full,,1
6a04a1857b710e0001222a43,Lightroom手机版高级功能调色课程安卓/苹果/ipad调色教程,medium,商品已下架/冻结,322,8.762498871125471,WATCH,6a02f2d92300910015e846c1,艺青资源库的店,2026-06-19 16:57:32,web_detail,,1
69be2a8f0ac79f0001baae16,女向声音模板  上百个  模板,medium,商品已下架/冻结,738,8.593759125898027,WATCH,68f89d11abd6590015d294c5,星星素材盒的店,2026-06-19 16:57:32,web_detail,,1
6a1797e56bc69c0001d6e4ea,闪  贝勾荭 包 【全 国 通 用小吃零食教程】,medium,商品已下架/冻结,1117,8.592741615079884,WATCH,67861cfc8134900015a66ba0,sg食光的店,2026-06-19 16:57:33,web_detail,,1
69bc88cc11534f0001deb30d,27公考备考资料课件汇总最新版本整理，持续更新,medium,商品已下架/冻结,960,8.58546051483305,WATCH,68f05d1ee7b5be0015c87778,徐徐说加油的店,2026-06-19 16:57:32,web_detail,,1
69faeda41560290001f7502d,2027年考研英语政治数学123网课资料全年更新赠26年完整版,medium,商品已下架/冻结,163,7.953586594545877,WATCH,697b1a80926da3001597d386,温柔的温度（已上岸版）的店,2026-06-19 16:57:33,web_detail,,1
6a134164017ffc0001005fe5,飞木级芭乐现摘红心芭乐软糯香甜水果补水,medium,商品已下架/冻结,198,7.940068355626437,WATCH,,,2026-06-19 16:57:35,web_detail,,1
69f421c781bc010001c9cf5f,【自动秒发货】Word Excel PPT 模板,medium,商品已下架/冻结,1451,7.87740064316122,WATCH,676e40c3d0a2240015b4e51a,珑悦工作室的店,2026-06-19 14:37:30,web_full,,1
69f19d21a54aee00012e874c,【秒发】《维他命韩国语》英韩双语 1-6册全套（含听力）,medium,商品已下架/冻结,510,7.744635463782099,WATCH,69285a0012c10d0015eaf4c6,小知的韩语笔记的店,2026-06-19 16:57:32,web_detail,,1
69eeedf90511b500017a595d,相机复古胶片滤镜教学课程教学 氛围感学生人像一键出片教案,medium,商品已下架/冻结,335,7.744635463782099,WATCH,69da50454c282800152c8125,菠萝包包kww的店,2026-06-19 16:57:32,web_detail,,1
69c21008e6196b000142d677,26春1-6年级下册 笔记同款《考点梳理/shi习卷》pdf电子版 可打印,medium,商品已下架/冻结,1119,7.5938982261177586,WATCH,694a486fb1c2c30015b7053c,Lucky🍀老师吖的店,2026-06-19 16:57:32,web_detail,,1
69e266704545510001fe624e,个人使用卡通水豚噜噜玩具〖专享〗新老客户专拍,medium,商品已下架/冻结,801,7.501890362555069,WATCH,68b42379fdc24400151291f5,旭轩定制的店,2026-06-19 16:57:32,web_detail,,1
6a17b6bfc4095100011464d6,摄影图片运输全国可发物流快递大件小件都能寄跨省搬家摄影作品图,medium,商品已下架/冻结,192,7.30400788929273,WATCH,,小小卡卷的店,2026-06-19 16:57:36,web_detail,,1
6a084d9f9f495c0001f1c3d0,27考研政治英语数学全名师课程｜持续更新不跑路电子版资料,medium,商品已下架/冻结,436,6.9481890813599385,WATCH,68a1e4b5f07d210015c3fdf2,蛋蛋学姐🎓,2026-06-19 16:57:32,web_detail,,1
69c4c42ad6abc600014f7f35,新款创意卡通抱抱桶花束玩具生日惊喜礼盒送女友闺蜜男友礼物,medium,商品已下架/冻结,1823,6.6384785837909055,WATCH,,美美桑那🐽的店,2026-06-19 13:03:43,web_full,,1
69ecc039e4ac610001c9c9ba,查询低分战力精品手工周边定制服务 下单详情咨询客服,medium,商品已下架/冻结,254,6.550250096227976,WATCH,69d1fdc2d059030015cce53b,柚子代练工作室的店,2026-06-19 16:57:33,web_detail,,1
69ca56818423ad0001a93154,【现货包邮】Cortis迷你2辑【GreenGreen】全新未拆正品,medium,商品已下架/冻结,619,6.452210729514678,WATCH,6604d4247455790001a70979,kpopXIXI的店,2026-06-19 16:57:43,web_detail,,1
6a1fcb3bb9717f00015c4805,微信读书会员书籍永久阅读千万书籍持续更新书架自由无需书币添加,medium,商品已下架/冻结,141,6.381619188957868,WATCH,,多多的六月的店,2026-06-19 16:57:38,web_detail,,1
69d76cd5b4722c0001b35400,plus科技学习分析文件写作不降智新老客户专享,medium,商品已下架/冻结,837,6.311820196108043,WATCH,690ae6e1f763f00015f0516a,团子科技的店,2026-06-19 16:57:33,web_detail,,1
6a1fda8d9ca7220001243658,出 行驾 驶 教程笔记-【荭 包技能教程】,medium,商品已下架/冻结,283,6.271930336990861,WATCH,,,2026-06-19 16:57:38,web_detail,,1
6a133c78ca8f4100018e2393,神木级金钻凤梨黑金级水果削皮即食无损提拉果肉,medium,商品已下架/冻结,200,6.253715560965213,WATCH,699c4501c08d9e001571e422,麦谷手作烘焙的店,2026-06-19 16:57:40,web_detail,,1
69e5e984a8edd10001c21be0,小鼻嘎qq人Q版手绘头像定制游戏明星周边物料可爱饭圈OC约稿设计,medium,商品已下架/冻结,651,6.151924076862762,WATCH,6926a2cdec9d9a001545f337,这是一家手绘的店,2026-06-19 16:57:33,web_detail,,1
6a02099a8e60b70001047a09,锈湖系列20款主图同款壁纸 支持 苹果安卓 高清,medium,商品已下架/冻结,932,6.063407183670492,WATCH,6a000839014b2400151248e4,笙歌云上的店,2026-06-19 16:57:33,web_detail,,1
69e032d602be3200016b60be,绘画图纸咨询订制,medium,商品已下架/冻结,639,5.716195260155548,WATCH,,TT爱玩游戏的店,2026-06-19 16:57:38,web_detail,,1
69d87dba10b42d0001e1bd96,OC约稿小鼻嘎qq人Q版手绘头像定制游戏明星可爱饭圈卡通动漫设计,medium,商品已下架/冻结,1144,5.708904940715389,WATCH,6926a2cdec9d9a001545f337,这是一家手绘的店,2026-06-19 16:57:33,web_detail,,1
69d8ba38953e44000113150a,newmasus代画手绘头像定制卡通形象设计油画棒蜡笔情侣照片转漫画,medium,商品已下架/冻结,719,5.576142834754243,WATCH,6926a2cdec9d9a001545f337,这是一家手绘的店,2026-06-19 16:57:34,web_detail,,1
68b53e8a11843c0001ea32a0,27考研在阅读中背单词逐词翻译本通用本英一英二彩色定制线圈本,medium,商品已下架/冻结,797,5.377423968210424,WATCH,68380f6f65d7cf0015263b52,喵喵考研资料铺的店,2026-06-19 16:57:35,web_detail,,1
69cb32b5a1221500016f0aaa,峰阅万卷【初中提分笔记】2026版中考预复习知识清单全国通用,medium,商品已下架/冻结,445,5.324994906256865,WATCH,65eed9b40d7eaa000120e1a8,张老师升学笔记的店,2026-06-19 16:57:34,web_detail,,1
6a23d09b9a18cb001527bd56,26新款 法式氛围少女感【蝴蝶结中跟鞋】意大利真皮底 跟高：4cm,medium,商品已下架/冻结,675,5.315692136690286,WATCH,,,2026-06-19 16:57:42,web_detail,,1
6a19040c61fef90001814190,【24 小时自动发货】萍果app( 艾迪)装饰DIY教程PPT 模板,medium,商品已下架/冻结,245,5.30239792594443,WATCH,6a182ff573a02f00151c0be3,小萍果的美好时光的店,2026-06-19 16:57:37,web_detail,,1
69fd3f62273c7d000100d161,新生宝宝AI个性化定制服务【限拍】,medium,商品已下架/冻结,1165,5.285893653444332,WATCH,68e7529eb2cf350015cdb985,AI宝宝起名服务的店,2026-06-19 16:57:41,web_detail,,1
6a084d9f9f495c0001f1c3cd,27考研政治英语数学全名师网课课程｜持续更新不跑路电子版资料,medium,商品已下架/冻结,436,5.266357121712341,WATCH,68a1e4b5f07d210015c3fdf2,蛋蛋学姐🎓的店,2026-06-19 16:57:34,web_detail,,1
69ee1eba3a4daf0001c5b93f,电子版手机电脑制作工具 一键生成 带模板 图片个性化设计,medium,商品已下架/冻结,488,5.222102019849212,WATCH,69704b7691a9cf00153f64a6,小福宝资料的店,2026-06-19 16:57:34,web_detail,,1
69e057d4933b030001375a50,【水果id】appstore应用游戏更新下载虚拟产品&一次性共享模板,medium,商品已下架/冻结,200,5.222102019849212,WATCH,695ddbaaaffe580015000043,美区Apple自助零纳米游戏的店,2026-06-19 16:57:34,web_detail,,1
6a0d36f0efd40a0001c99916,2026中考复习卷子7科+5科+生地电子版（百度网盘发货）,medium,商品已下架/冻结,129,5.222102019849212,WATCH,69784e9fdab0240015672f9a,天天学资料库的店,2026-06-19 16:57:34,web_detail,,1
69f8692781bc010001293bb9,Labubu 拉布布世界杯欧冠足球一三代娃衣 潮玩公仔换装 球衣套装,medium,商品已下架/冻结,818,5.182422124203828,WATCH,68ac29a9a90d6e00152fc0a2,布卡木卡的店,2026-06-19 16:57:37,web_detail,,1
6a0d8b1843375f00012d317b,26招招医考合集7本PDF百度,medium,商品已下架/冻结,255,5.177846917986083,WATCH,667e672ae87bc4000181d025,医研精析资料馆的店,2026-06-19 16:57:34,web_detail,,1
6a0f38859a4ddf000163253d,光遇测•生•槁PPT,medium,商品已下架/冻结,904,5.054778530117799,WATCH,6741c678b63e700015756b35,小俞酒儿的店,2026-06-19 16:57:36,web_detail,,1
6a0b28db002a6200010a1212,宣传页/海报/电子海报,medium,商品已下架/冻结,182,5.001826801406279,WATCH,,草莓老师教画画的店,2026-06-19 16:57:41,web_detail,,1
69e59a82d5ed9c00016b8d08,拍下即可好物 高效必备同款 1翻译校队,medium,商品已下架/冻结,1335,5.000906768827195,WATCH,690b1c9970532b00157acf7c,绛绛绛绛绛的店,2026-06-19 16:57:35,web_detail,,1
6a1fdba619f8df001542a977,26初级/中级银行从业压题LK+MS,medium,商品已下架/冻结,83,4.9222899943000895,WATCH,,,2026-06-19 16:57:40,web_detail,,1
69f89a858c2c230001fb2c11,笔记同款，简历pdf,medium,商品已下架/冻结,1314,4.912316306807309,WATCH,6905a0c2d481a0001529e1b3,应你所需的店,2026-06-19 16:57:34,web_detail,,1
690c5061b4ade00015b6f64b,一年级上下册读音选择人教版同步生字词注音训练拼音音节专项练习,medium,商品已下架/冻结,947,4.8428982201984745,WATCH,,,2026-06-19 16:57:40,web_detail,,1
6a200c61cd75c30001ebbc8c,艺术品定制熊大玩偶斗攒,medium,商品已下架/冻结,78,4.829620333222501,WATCH,,柚子宝宝nh6的店,2026-06-19 16:57:41,web_detail,,1
6a1006d23d3e4d0001d9b4ce,27考研政治英语数学全名师网课课程｜持续更新不跑路电子版资料,medium,商品已下架/冻结,439,4.8238061030810515,WATCH,68a1e4b5f07d210015c3fdf2,蛋蛋学姐🎓的店,2026-06-19 16:57:34,web_detail,,1
69ba9c681ea1a80001451cf3,新老客户专拍～个人工作学习咨询,medium,商品已下架/冻结,906,4.806696797222255,WATCH,6931a9f92795220015a599ad,G虔虔plus服务的店,2026-06-19 16:57:36,web_detail,,1
69fdadf715602900013a5f4a,2027国考+省考+事业单位备考资料，百度+夸克双网盘群更新,medium,商品已下架/冻结,1672,4.798304785043548,WATCH,69c8b1c755c17a0015d85876,Soleil小太阳的店,2026-06-19 13:29:39,web_full,,1
6a23ec19461097000157c025,个人兴趣光遇兴趣特色教育,medium,商品已下架/冻结,565,4.793810612879332,WATCH,,,2026-06-19 16:57:44,web_detail,,1
6a0f38859a4ddf0001632546,光遇测•生•槁PPT,medium,商品已下架/冻结,512,4.779551001217922,WATCH,6741c678b63e700015756b35,小俞酒儿的店,2026-06-19 16:57:34,web_detail,,1
69d0d48c7dd4a10001863e89,新版暑假语文1~8年级读写X课优Y体系课件课本练习教案｜爱上学习,medium,商品已下架/冻结,196,4.723038960332176,WATCH,6943a09cbe65740015538b9b,爱学习的S老师的店,2026-06-19 16:57:35,web_detail,,1
6a1589c9bd63a30001b4002b,第五人格×海底捞联名拉拉队员吧唧周边透卡徽章时装碎片各种都有,medium,商品已下架/冻结,913,4.7191604000222185,WATCH,,,2026-06-19 16:57:43,web_detail,,1
69b251844cdf2e0001d651c2,【秒发】《维他命韩国语》英韩双语 1-6册全套（含听力）,medium,商品已下架/冻结,477,4.6910455940823805,WATCH,69285a0012c10d0015eaf4c6,小知的韩语笔记的店,2026-06-19 16:57:35,web_detail,,1
6a27c0682055620001a401c3,26W汇总数据整理表｜看说明,medium,商品已下架/冻结,84,4.683254402327723,WATCH,,,2026-06-19 16:57:52,web_detail,,1
69db51b88ca4f40001500eee,个人使用卡通龙玩具【独享】新老客户专拍,medium,商品已下架/冻结,550,4.676973514257444,WATCH,691963791372a40015fbb92c,砂糖橘人工智能的店,2026-06-19 16:57:35,web_detail,,1
69f9bb8130d0860001789eaf,初中资料电子版资料合集手抄报,medium,商品已下架/冻结,652,4.646790446968396,WATCH,6895bb3c11cd5b0015f5651a,阿焱焱的店,2026-06-19 16:57:35,web_detail,,1
69fca77298ac430001fc5334,【果果id】应用游戏更新一次性-长期共享-独享虚拟共享PPT排版模,medium,商品已下架/冻结,347,4.571079127438962,WATCH,69e8b3e56ad7ba0015367094,潇飞云端工具小站的店,2026-06-19 16:57:33,web_detail,,1
6833da4e05b7000015e6bdfd,【正版 出版社直发】零基础日语入门漫画图解发音词汇句子日本语,medium,商品已下架/冻结,1909,4.482934298119674,WATCH,,,2026-06-19 12:35:46,web_full,,1
6a2095846b46a300011fb384,铲‘铲币号课件教案,medium,商品已下架/冻结,439,4.4811707903002445,WATCH,,,2026-06-19 16:57:45,web_detail,,1
6a291e909799e500159a3d11,JUNJUN原野漫山花，高级大气！浪漫性感法式斜裁连衣裙,medium,商品已下架/冻结,89,4.473449657054802,WATCH,,,2026-06-19 16:58:32,web_detail,,1
69db57f349c41d0001f85d5f,新老客户专拍（三人拼）卡通龙玩具,medium,商品已下架/冻结,574,4.469983471624227,WATCH,691963791372a40015fbb92c,砂糖橘人工智能的店,2026-06-19 16:57:35,web_detail,,1
6a2278552c7daf00015c3b41,26年6月四六级冲刺资料,medium,商品已下架/冻结,132,4.376961901816781,WATCH,67cecf8aff29ec0015533f3f,上岸Kitty的店,2026-06-19 16:57:45,web_detail,,1
68ecfe9e53446d00011cfaf0,《中国文化GK》批注+精读+详解+习题答案四六级翻译必备pdf电子版,medium,商品已下架/冻结,853,4.369708030117641,WATCH,67e11d2b87fc0b001527d8dd,Mila学姐四六级的店,2026-06-19 16:57:37,web_detail,,1
6a1eeb7c18376c0001ab45e1,哔哩哔哩大会员周卡/月卡/季卡/年卡,medium,商品已下架/冻结,97,4.367224986087286,WATCH,,,2026-06-19 16:57:55,web_detail,,1
68d0c49dfe61200001964a39,母题清单小程序，教师招聘专项题库，下单后24小时内不合适可退,medium,商品已下架/冻结,846,4.335731070590058,WATCH,68af3121433a5f0015a4cc15,小晋上岸的店,2026-06-19 16:57:32,web_detail,,1
68cbb1ccd1f7b800015a30ce,【电子社】无界形塑+梦的诞生+挽云鬓＋重塑的魅力 BJD娃娘读物,medium,商品已下架/冻结,1610,4.290442466085,WATCH,648409baac730a0001542786,书纪优选的店,2026-06-19 13:57:03,web_full,,1
66b98f016bf36b000187ec2c,有中文翻译 老式雷诺曼 Old Style 现货  英文定制桌游卡牌,medium,商品已下架/冻结,3144,4.2783553815007735,WATCH,66a777116aba980015fcccb8,黎明之星的店,2026-06-19 16:57:39,web_detail,,1
6850beaeea2a8100017f5e68,2027浙江大学出版社初高中数学思想方法导引张金良主编辅导资料书,medium,商品已下架/冻结,5143,4.1526291456447035,WATCH,,提分书屋的店,2026-06-19 16:57:44,web_detail,,1
6a1340212d684c00019114d0,飞木级芭乐现摘红心芭乐软糯香甜水果补水,medium,商品已下架/冻结,198,4.068143991359913,WATCH,69c13e7422661000156c45e4,踮脚k8f的店,2026-06-19 16:57:56,web_detail,,1
6a1949de4078870001d29cf9,摄影指导教学课件分享,medium,商品已下架/冻结,73,4.042138686985298,WATCH,69004bd3cc9304001564e2b6,卖苹果lD的芝士的店,2026-06-19 16:57:41,web_detail,,1
69d26be0d528ea0015de9c02,正版·全20本幼儿英语启蒙绘本幼儿园英语0-3-6岁英语图画书,medium,商品已下架/冻结,2189,4.032654141424091,WATCH,629865960ba859000139a7c1,Kara爱学习的店,2026-06-19 16:57:57,web_detail,,1
6a0817919f495c0001e96e83,吉林省版2026年新版-七、八年级下【名校调研系列卷-期末小综合】,medium,商品已下架/冻结,133,4.027219851228647,WATCH,68e121734383a000156cd22e,金日课堂的店,2026-06-19 16:57:36,web_detail,,1
6a004ae2721fd30001fea64f,26税务师多机构课程+资料+讲义｜持续更新｜附赠25全套,medium,商品已下架/冻结,403,3.981310471785822,WATCH,69ce5a79400b7a0015b3f161,努力上岸452的店,2026-06-19 16:57:38,web_detail,,1
68b53e8a11843c0001ea329d,27考研在阅读中背单词逐词翻译本通用本英一英二彩色定制线圈本,medium,商品已下架/冻结,673,3.938896326480754,WATCH,68380f6f65d7cf0015263b52,喵喵考研资料铺的店,2026-06-19 16:57:37,web_detail,,1
6a105919017ffc0001b731cc,花是诱饵 诱饵之花 人工精翻,medium,商品已下架/冻结,128,3.9387095248280177,WATCH,69095d6c980cae00155f40d1,小z爱分享的店,2026-06-19 16:57:37,web_detail,,1
69fb57e964eb410001ff99a1,《雪域来信》沈潋 仁泽嘉木.txt,medium,商品已下架/冻结,116,3.9387095248280177,WATCH,690cb17c28a60a0015dabbd7,懒洋洋的太阳🌞的店,2026-06-19 16:57:37,web_detail,,1
69aa76a127134200013c88ec,首都机场快轨票15一张,medium,商品已下架/冻结,2201,3.8842053383276314,WATCH,66d7ff5102383e0015369dda,大兴机场首都机场福利官的店,2026-06-19 16:57:38,web_detail,,1
69dc97428c82130001775858,阿虎医考·26阿虎初中高级卫生职称考前题库,medium,商品已下架/冻结,384,3.843262766582951,WATCH,663c2d3551bdb10001623d83,北溟鱼鲲的店,2026-06-19 16:57:37,web_detail,,1
6a0bdf4ea32a970001e68f8e,26年6月英语四六级刘晓艳急救班四六级备考网课赠四六级模拟卷,medium,商品已下架/冻结,595,3.8179774473290204,WATCH,68949c6a40b2920015ed6475,拾光上岸屋的店,2026-06-19 16:57:39,web_detail,,1
6a18f7584747720001963040,餐饮小吃笔记-【荭 包技能教程】,medium,商品已下架/冻结,211,3.718846611616414,WATCH,697db39eb71ebf001590387c,拾焰卡券的店,2026-06-19 16:57:41,web_detail,,1
6a1a50a77e71ab000163b4c9,【不发快递】蔡老师载望志愿 普通类考生志愿填报,medium,商品已下架/冻结,57,3.6995845609695954,WATCH,64b6849418fb45000191957d,如山教育小店的店,2026-06-19 16:57:42,web_detail,,1
69c69054c6fcf5000134094b,26春1-6年级语数英多版本高频考点易错题（附答案）,medium,商品已下架/冻结,1322,3.6685114151290024,WATCH,,,2026-06-19 16:57:55,web_detail,,1
69b699d7fbb3a40001131de3,王者荣耀低分战区咨询查改服务台澳皆可,medium,商品已下架/冻结,138,3.6152781353984067,WATCH,69b3e00bd149a40015bb4ecd,手游执行官 KK的店,2026-06-19 16:57:40,web_detail,,1
69f6310f30d0860001298e80,商品链接 开箱即用,medium,商品已下架/冻结,675,3.592889937953059,WATCH,67c804b5ca0ed50015d077a7,小多莉的店,2026-06-19 16:57:38,web_detail,,1
69ba9e02a20c2100012d5669,新老客户专拍～三人拼工作学习咨询,medium,商品已下架/冻结,930,3.5443373712239636,WATCH,6931a9f92795220015a599ad,G虔虔plus服务的店,2026-06-19 16:57:38,web_detail,,1
69bc32a6d95b5a0001805348,个人学习生产力指导服务（进阶版）,medium,商品已下架/冻结,313,3.495333115678625,WATCH,67e5588982e85200153860c5,升级plus订阅的店,2026-06-19 16:57:39,web_detail,,1
6a16b22961fef9000148e0bb,26英语四六级备考-预侧,medium,商品已下架/冻结,199,3.494770712552928,WATCH,6854c1344db8540015f4322a,青云熙的店,2026-06-19 16:57:41,web_detail,,1
6a179b7e6bc69c0001d78543,闪  勾荭 包 【全 国 通 用小吃零食教程】,medium,商品已下架/冻结,458,3.4921599622743025,WATCH,6957ae97fc10320015b2bba2,券券大本营的店,2026-06-19 16:57:47,web_detail,,1
6a0fe135e6d02a000129b360,【AI豆仓】高级会员权益 - 拼豆效率神器,medium,商品已下架/冻结,611,3.4519040705174064,WATCH,6983e2901e1c83001559d6f0,AI豆仓的店,2026-06-19 16:57:38,web_detail,,1
6a07060567d59500019a1f6b,26英语四六级备考-预侧,medium,商品已下架/冻结,204,3.37426137763731,WATCH,6854c1344db8540015f4322a,青云熙的店,2026-06-19 16:57:41,web_detail,,1
6963ba40fb672a00159ad0a7,加量悬挂式底部抽纸巾家用实惠整箱装擦手纸卫生纸,medium,商品已下架/冻结,1444,3.363488296519838,WATCH,,,2026-06-19 14:37:56,web_full,,1
6a23ec19461097000157c055,个人兴趣光遇兴趣特色教育,medium,商品已下架/冻结,501,3.3348461972749024,WATCH,,,2026-06-19 16:57:49,web_detail,,1
6a0e6598a32a970001a942e5,2026春 小学少年素质教育报15天满分备考语文数学英语1-6年级下册,medium,商品已下架/冻结,73,3.3032439494139707,WATCH,,,2026-06-19 16:57:47,web_detail,,1
6a0730b42f72a60015a7948d,正版全8册 宝宝认知藏猫猫游戏书双语版儿童专注力全脑开发训练书,medium,商品已下架/冻结,51,3.2840540981875153,WATCH,,,2026-06-19 16:57:58,web_detail,,1
6a2278552c7daf00015c3b44,26年6月四六级冲刺资料,medium,商品已下架/冻结,212,3.2574678619941233,WATCH,,,2026-06-19 16:57:50,web_detail,,1
6a0e6598a32a970001a94291,2026春 小学少年素质教育报15天满分备考语文数学英语1-6年级下册,medium,商品已下架/冻结,73,3.2088690007562453,WATCH,,,2026-06-19 16:57:48,web_detail,,1
682c0f48dc7a6b001570640a,进口原版Curious Library of Questions and Answers好奇问与问答,medium,商品已下架/冻结,338,3.1951601236016205,WATCH,65f2d30908dad2000111f4a8,环球进口原版书店的店,2026-06-19 16:57:39,web_detail,,1
6a17be954078870001c3d223,抖音私藏直播钻石风头像壁纸推荐互动道具定制特惠,medium,商品已下架/冻结,248,3.114663198785933,WATCH,,,2026-06-19 16:57:48,web_detail,,1
68c03d33ed4dcf00152dc862,【全彩加厚纸质】幼儿园中大班数学练习册幼升小5/10/20/以内加减,medium,商品已下架/冻结,783,3.1092208245025685,WATCH,660d0f94f0b53500014280f4,启迪图书智慧书屋的店,2026-06-19 16:58:03,web_detail,,1
6a0d76ff90bd1b00017f8abe,Q版手绘头像定制真人照片漫画人物绘画卡通形象设计约稿情侣画像,medium,商品已下架/冻结,212,3.097863985617332,WATCH,6926a2cdec9d9a001545f337,这是一家手绘的店,2026-06-19 16:57:39,web_detail,,1
69f34e240511b500012cabc4,DAZZ会员 复古CCD胶片感复古模板滤镜预设模板全套 下单自动发,medium,商品已下架/冻结,256,3.053608785822799,WATCH,66d049c8dc38c500153cddd7,富兴资源铺的店,2026-06-19 16:57:39,web_detail,,1
6a0f02589a4ddf00015dfceb,2026吉林省专版-书立方-七年级下/八年级下【期末大考卷】电子版,medium,商品已下架/冻结,80,3.053608785822799,WATCH,68e121734383a000156cd22e,金日课堂的店,2026-06-19 16:57:39,web_detail,,1
69ad7430970f000001fbe35d,常州市初一初二初三数学英语文物化生地史政月考期中期末真题试卷,medium,商品已下架/冻结,247,3.0201146031569146,WATCH,65bb02155848410001055146,桃李先生资料库的店,2026-06-19 16:57:49,web_detail,,1
69ad7430970f000001fbe384,常州市初一初二初三数学英语文物化生地史政月考期中期末真题试卷,medium,商品已下架/冻结,246,3.0201146031569146,WATCH,,桃李先生资料库的店,2026-06-19 16:57:49,web_detail,,1
6a0b0b5090bd1b00014232cb,PDF文档处理工具 文档编辑转换格式 支持Win/Mac系统,medium,商品已下架/冻结,161,3.0093535860282654,WATCH,69704b7691a9cf00153f64a6,小福宝资料的店,2026-06-19 16:57:39,web_detail,,1
68ca6132f9d8290001f2b06c,2026执业药师跟课学习笔记《一本通笔记》适配润德教育基础考点课,medium,商品已下架/冻结,199,2.9534498453625684,WATCH,,,2026-06-19 16:58:04,web_detail,,1
6a01e7890511b50001e2045e,同款好物     同款好物  翻译,medium,商品已下架/冻结,930,2.9494336047659164,WATCH,696720974f533a00153545b9,文写写1的店,2026-06-19 16:57:44,web_detail,,1
69f3061881bc010001b144b4,瑞幸咖啡 · 瑞幸新人专享1.1。。,medium,商品已下架/冻结,415,2.9209792982890987,WATCH,69f0896d15a0fe00156687ef,小红薯69F49186的店,2026-06-19 16:57:39,web_detail,,1
6a031b49dd034c000173fc74,个人使用卡通小牛牛毛绒抱枕【冲自己的】新老客户专拍,medium,商品已下架/冻结,324,2.8767220361938093,WATCH,68b42379fdc24400151291f5,旭轩定制的店,2026-06-19 16:57:40,web_detail,,1
6a0298e6d500200001774a32,【自动秒发】5元神券手抄报使用模版,medium,商品已下架/冻结,120,2.853092011070486,WATCH,6824884b85f39f001590fbd7,鑫子的百宝箱的店,2026-06-19 16:57:36,web_detail,,1
6a22d53d0cf4d700014b482e,自动发货（果果号）一次性 · 长期可用·演示PPT模版,medium,商品已下架/冻结,98,2.792122429677878,WATCH,,水果工作室的店,2026-06-19 16:57:53,web_detail,,1
69ad7c571aad90000148b003,27武忠祥高数基础篇及严选题PDF,medium,商品已下架/冻结,1099,2.743806968657985,WATCH,67d94c5494b4e00015dac44b,南征学长的店,2026-06-19 16:57:40,web_detail,,1
69ccb13c7dd4a100018923b6,【极速到账】即梦AI积分手机电脑通用生图做视频绘画壁纸头像通用,medium,商品已下架/冻结,526,2.7384050644829214,WATCH,65f3b2c87916650001e1f3f6,花海🌸的店,2026-06-19 16:57:36,web_detail,,1
680f3a24c883af00010b30ce,设计师专属阅读计划｜一年时间搭建科班知识体系｜全球书目PDF版,medium,商品已下架/冻结,494,2.731962299730285,WATCH,67bb2d3bd0786800154f2982,刘sir的大厂设计库的店,2026-06-19 16:57:40,web_detail,,1
6a17f292f9c57a0001d3f128,26年下教资笔试中小幼教师资格证笔试科目一二电子版资料包,medium,商品已下架/冻结,438,2.7214663845315443,WATCH,68a483e95e5720001595cef5,意嘉嘉的店,2026-06-19 16:57:47,web_detail,,1
6a10fc2eca8f4100014ddb04,老钱风香槟色醋酸裙裤 大码女装夏季薄款冰丝阔腿裤,medium,商品已下架/冻结,1642,2.70567145542146,WATCH,,呆呆n51的店,2026-06-19 13:49:44,web_full,,1
69f421c781bc010001c9cf6e,【自动秒发货】Word Excel PPT 模板,medium,商品已下架/冻结,1334,2.69956913850243,WATCH,676e40c3d0a2240015b4e51a,珑悦工作室的店,2026-06-19 16:57:40,web_detail,,1
6a193a1a6bc69c000103e21e,三角洲行动技术护教学培训,medium,商品已下架/冻结,63,2.673427566636937,WATCH,,,2026-06-19 16:57:49,web_detail,,1
69c0ffc6ec6664000142dfc9,2.5寸3.1寸24小时在线API,medium,商品已下架/冻结,447,2.6710314797157304,WATCH,69ae65ecad53d900152f9350,薯薯嘉的模型🍠的店,2026-06-19 16:57:44,web_detail,,1
69ca005a040ad40015c15807,2026新版小学数学画图法玩转应用题天天练2-6年级数学思维训练,medium,商品已下架/冻结,360,2.670530117969605,WATCH,660d0f94f0b53500014280f4,启迪图书智慧书屋的店,2026-06-19 16:57:42,web_detail,,1
69d8486b3550840001e23f81,萌宠电子无实物摄影作品,medium,商品已下架/冻结,270,2.670530117969605,WATCH,67f681a4920e190015465122,福宁流浪动物基地的店,2026-06-19 16:57:42,web_detail,,1
69fb47617894410001607c6a,黑白卷全国各地区中考模拟卷,medium,商品已下架/冻结,86,2.614201022700502,WATCH,690dfe4bcd9ff30015240ee2,苏苏老师7d4的店,2026-06-19 16:57:44,web_detail,,1
6a1edc65c409510001cbf881,预设素材模板胶片滤镜|手机dazz 素材滤镜,medium,商品已下架/冻结,34,2.577475409429596,WATCH,,,2026-06-19 16:58:00,web_detail,,1
6a16a3f27c565500011e03b6,闪 勾荭 包-【全国通用小吃零食教程】,medium,商品已下架/冻结,195,2.564898036290046,WATCH,6954bae468c5d50015c04a8b,米奇券券屋的店,2026-06-19 16:57:46,web_detail,,1
69f072c116b37a0015c3d9ea,2号【各种大牌断码集成链接】品牌适用苹果13-16系列手机壳防摔保,medium,商品已下架/冻结,982,2.561472210719489,WATCH,,,2026-06-19 16:58:08,web_detail,,1
6a242db5fad5a400016572cb,【一次性果果id】水果store艾迪3D建模Blender教程PPT模板,medium,商品已下架/冻结,76,2.5594486519546678,WATCH,,小萍果的美好时光的店,2026-06-19 16:57:54,web_detail,,1
69d87dba10b42d0001e1bd99,OC约稿小鼻嘎qq人Q版手绘头像定制游戏明星可爱饭圈卡通动漫设计,medium,商品已下架/冻结,1046,2.478292979608788,WATCH,6926a2cdec9d9a001545f337,这是一家手绘的店,2026-06-19 16:57:42,web_detail,,1
6827d73ef4a06d000117516d,W朝x各类资料包（可打印）,medium,商品已下架/冻结,972,2.478292979608788,WATCH,6804b35086048c0015267af7,小屿麻麻的店,2026-06-19 16:57:41,web_detail,,1
69f4bfc39dea2d000181d215,2026版王H熊高考预测试卷全国各地专版PDF-垫子版,medium,商品已下架/冻结,505,2.466395624030207,WATCH,687df4c130520f001585e024,懒人学习搭子的店,2026-06-19 16:57:47,web_detail,,1
69c0a84323faf80001d38368,【学前600字】幼小衔接点阵控笔练字帖孩子认字识字敏感期3-8岁,medium,商品已下架/冻结,281,2.461178449054219,WATCH,,,2026-06-19 16:57:49,web_detail,,1
6a1ac5bcc409510001107f6e,2026春六下小学语数英科,medium,商品已下架/冻结,62,2.461178449054219,WATCH,,tinguq0的店,2026-06-19 16:57:49,web_detail,,1
6a1d7e2f06b18e0001c64e5e,2026春小学语数英科1-6下册期末试卷,medium,商品已下架/冻结,59,2.461178449054219,WATCH,,,2026-06-19 16:57:49,web_detail,,1
69c0a374b8ecfa001516cedf,【学前600字】幼小衔接点阵控笔练字帖孩子认字识字敏感期3-8岁,medium,商品已下架/冻结,283,2.4385665277856887,WATCH,660d0f94f0b53500014280f4,启迪图书智慧书屋的店,2026-06-19 16:58:08,web_detail,,1
6a0b608a234d2b0001eeb791,2026版ww黑白卷湖南地区试卷带答案,medium,商品已下架/冻结,119,2.3980549420481645,WATCH,674c14f9b1479f0015feef17,布丁作业本的店,2026-06-19 16:57:47,web_detail,,1
6a22c14634cb02000116a0fb,复古文艺森系ins风小鸟长款抽拉项链 手工天然石项链 小众高级感,medium,商品已下架/冻结,149,2.3970777502750003,WATCH,,,2026-06-19 16:57:54,web_detail,,1
69ce43e67dd4a10001c68352,木仓考研考研政治专业课教育学法硕考研刷题小程序持续更新,medium,商品已下架/冻结,367,2.3898466389175224,WATCH,673c674c84bcda0015e6b422,研友根据地🌈的店,2026-06-19 16:57:42,web_detail,,1
69f039fb3a4daf0001f77ae4,2026春人教版七年级英语下册《初中53试卷》单元卷和期中期末卷,medium,商品已下架/冻结,207,2.389783988523151,WATCH,64f3e50fc0583a000131d141,小锦资料库的店,2026-06-19 16:57:42,web_detail,,1
6a1027876e3731000147b11d,第五人格吧唧联名周边徽章挂件,medium,商品已下架/冻结,717,2.3870198161527654,WATCH,69ec73551815e8001572beb4,新标游戏的店,2026-06-19 16:57:45,web_detail,,1
69f41bd98c2c2300019628cc,寄快递运输全国可发物流快递大件小件都能寄跨省搬家摄影作品,medium,商品已下架/冻结,143,2.3723751101045982,WATCH,683ed662bff2f4001506ab7f,哩哩巴的店,2026-06-19 16:57:47,web_detail,,1
69d20b02afbcbb0001d69fc4,四六级听力提分计划！完整功能辅助高效备考,medium,商品已下架/冻结,330,2.361593032519469,WATCH,692ea43be3ea240015006ce8,小海绵吖的店,2026-06-19 16:57:42,web_detail,,1
6a0abbc6e80a7b00011e9a9f,欢迎光临｜下单即发｜10044｜各位老板需要请下单,medium,商品已下架/冻结,71,2.361528256102974,WATCH,69c4ad60e2e625001541d1c6,医学Med E-File的店,2026-06-19 16:57:43,web_detail,,1
690c531e1b7879000106ac98,一年级上下册读音选择人教版同步生字词注音训练拼音音节专项练习,medium,商品已下架/冻结,917,2.3284745909265796,WATCH,,启迪图书智慧书屋的店,2026-06-19 16:57:50,web_detail,,1
69d73c4f0fb9470001bbff13,笔记同款修图pro版解锁教程课件,medium,商品已下架/冻结,556,2.31230228557986,WATCH,66168649af2daa0001627d5a,IOS软件订阅的店,2026-06-19 16:57:45,web_detail,,1
69ae9605f6806b00011bdd8b,国家博物馆预约游学 深度游丨含讲解丨国博预约,medium,商品已下架/冻结,193,2.2927236489467706,WATCH,696ce676cc48350015caf2f5,北京岚泰旅行社的店,2026-06-19 16:57:55,web_detail,,1
69f5e0fe30d086000121fc2f,母题清单小程序，教师编刷题题库，下单24小时内不合适可退,medium,商品已下架/冻结,325,2.262161642912074,WATCH,667d620605ea1e000133a8f7,发光学姐一枚的店,2026-06-19 16:57:38,web_detail,,1
69f421c781bc010001c9cf68,【自动秒发货】Word Excel PPT 模板,medium,商品已下架/冻结,1380,2.257018211382976,WATCH,676e40c3d0a2240015b4e51a,珑悦工作室的店,2026-06-19 16:57:42,web_detail,,1
6a17b841df36740001a9610a,steam热门单机一键入库 40000+含教学可自选 中文版一键使用,medium,商品已下架/冻结,27,2.2519746469111768,WATCH,,芋头游戏仓库blq的店,2026-06-19 16:58:08,web_detail,,1
69df26d3cfc3750001c80c4e,2026初级会计资料包+网课+题库【持续更新】,medium,商品已下架/冻结,110,2.237965642476035,WATCH,692f9bff58732c00152b2488,喵喵学姐资料的店,2026-06-19 16:58:00,web_detail,,1
69dc97428c82130001775852,26阿虎初中高级卫生职称考前题库,medium,商品已下架/冻结,412,2.2230030526754523,WATCH,,北溟鱼鲲的店,2026-06-19 16:57:50,web_detail,,1
698ffb0de49faa0001fc610b,发光音乐元素贴纸创意艺术装饰,medium,商品已下架/冻结,598,2.2128631047644687,WATCH,683d9ba57dd7890015060034,醉桃的店,2026-06-19 16:57:43,web_detail,,1
69dc3b4ff1fe0f001532e963,2026新版不一样的九九乘除法数学专项训练表内乘法表内除法二年级,medium,商品已下架/冻结,145,2.2113745081710747,WATCH,,启迪图书智慧书屋的店,2026-06-19 16:58:10,web_detail,,1
6a237de1b2a4ab0001d93098,【水果id】appstore应用游戏更新下载虚拟产品&一次性共享,medium,商品已下架/冻结,32,2.1886382998397216,WATCH,,,2026-06-19 16:57:55,web_detail,,1
6a17b841df36740001a9610d,steam热门单机一键入库 40000+含教学可自选 中文版一键使用,medium,商品已下架/冻结,27,2.1881989981445837,WATCH,,,2026-06-19 16:58:08,web_detail,,1
6a17bede474772000179b25d,2026春武汉小学语文数学英语各地期末试卷精选3456年级下册期末卷,medium,商品已下架/冻结,51,2.1707211894228378,WATCH,,,2026-06-19 16:57:54,web_detail,,1
69b6e01505ddcd000161f8a6,作品集ppt模板高级感创意艺术展服装平面摄影设计师极简求职面试,medium,商品已下架/冻结,548,2.1685097098829083,WATCH,68ef90f2e7b5be0015c87709,尼卡jcz的店,2026-06-19 16:57:43,web_detail,,1
6961c8ae93c7460001ff87bc,2026新版快捷英语时文阅读第30期小学初中高中通用电子版PDF,medium,商品已下架/冻结,467,2.1685097098829083,WATCH,66fa758aa9bf3400163b464c,满分资料铺的店,2026-06-19 16:57:43,web_detail,,1
69c77817fb75bf00013ad37d,笔记同款(两拼）最新联系客服,medium,商品已下架/冻结,393,2.1685097098829083,WATCH,6932dfaf020fd10015249c93,薅券小能手的店,2026-06-19 16:57:43,web_detail,,1
69cb60eb8e770e000176c49c,2026新人教版英语九年级上册电子教材,medium,商品已下架/冻结,360,2.1685097098829083,WATCH,67e49ddb617788001506d48b,英语杰西老师的店,2026-06-19 16:57:43,web_detail,,1
69be0c13d6abc600017f3ccb,OPD牛津图解词典最新第3版 高清PDF/音频/视频 （百度网盘发货）,medium,商品已下架/冻结,224,2.1685097098829083,WATCH,66b21bfa68165d0016697ac5,Honey英语练习社的店,2026-06-19 16:57:43,web_detail,,1
6950bbd5b113e4001543a5c6,超萌小黑猫挂件创意蜜蜂挎包小黑猫公仔陪伴玩偶吱吱叫玩偶挂饰,medium,商品已下架/冻结,248,2.1560971037858336,WATCH,,是清漪呀～的店,2026-06-19 16:57:52,web_detail,,1
68ca6132f9d8290001f2b06f,2026执业药师跟课学习笔记《一本通笔记》适配润德教育基础考点课,medium,商品已下架/冻结,196,2.1412102321064,WATCH,6663d73897b6e20001a81587,药学智汇的店,2026-06-19 16:58:12,web_detail,,1
69c78276c675dc0001bb461b,五年经验剪辑师，效率高，服务好，沟通快,medium,商品已下架/冻结,188,2.1342211263265516,WATCH,69baa20203e2c700157298c2,剪辑师橙子的店,2026-06-19 16:58:13,web_detail,,1
69d965b398fb930001bb0710,新款苹果微信多IOS威信分两个开vx多手机双分身其他服务定制-7,medium,商品已下架/冻结,155,2.1331317030411308,WATCH,68ca914b5927c500158379ca,iOS泡泡定制分身的店,2026-06-19 16:57:50,web_detail,,1
6a0d76ff90bd1b00017f8a7c,Q版手绘头像定制真人照片漫画人物绘画卡通形象设计约稿情侣画像,medium,商品已下架/冻结,212,2.1300079505619416,WATCH,6926a2cdec9d9a001545f337,这是一家手绘的店,2026-06-19 16:57:44,web_detail,,1
69f4bfc39dea2d000181d089,2026版王H熊高考预测试卷全国各地专版PDF-垫子版,medium,商品已下架/冻结,505,2.1238457596587663,WATCH,687df4c130520f001585e024,懒人学习搭子的店,2026-06-19 16:57:49,web_detail,,1
6a0941d058e1b10001bab392,【笔记同款】 不繁忙  学习PPT 手机 电脑通用1,medium,商品已下架/冻结,107,2.079999109479524,WATCH,6936c9a49e186a0015dae459,桃桃喵呀的店,2026-06-19 16:57:43,web_detail,,1
6a03f12f37884400015d3f42,全新的第五周边亚克力砖徽章头像框涂鸦,medium,商品已下架/冻结,229,2.0643071235231574,WATCH,,,2026-06-19 16:57:51,web_detail,,1
69b75dee32508300018c26b3,W朝x各类资料包（可打印）,medium,商品已下架/冻结,839,2.0538059340670545,WATCH,6804b35086048c0015267af7,小屿麻麻的店,2026-06-19 16:57:39,web_detail,,1
69f98c62213e270001c4473d,【618限量现货福利】飞社长热门毛绒挂件吉伊小八乌萨奇玩偶公仔,medium,商品已下架/冻结,652,2.0081922883878893,WATCH,,,2026-06-19 16:58:13,web_detail,,1
69f22987213e2700012081fe,砖砖原创热门55个文创卡片 题材丰富,medium,商品已下架/冻结,275,1.9914892576873815,WATCH,68c2de65581bf80015e88270,搬砖小甜心的店,2026-06-19 16:57:44,web_detail,,1
69ccb4761e3a1a0001dec843,《中国主要大学地图》共2大幅,medium,商品已下架/冻结,145,1.9908189724887981,WATCH,65968b6469a8470001e504c8,深柳学堂的店,2026-06-19 16:58:04,web_detail,,1
68af1dab5ce8aa00014b5ad0,【限时1天特惠】刘震云硬壳一句顶一万句一地鸡毛一日三秋矛盾奖,medium,商品已下架/冻结,2707,1.9906628177716075,WATCH,6875db34fdeb0900153db498,知溯图书的店,2026-06-19 16:57:45,web_detail,,1
65af69e1c4fe9f0001542f90,学而思·初中英语语法中考考频分区速学词汇语法单词考点复习,medium,商品已下架/冻结,4622,1.9890709048427178,WATCH,64fc14bcdace090001ca6080,张学姐的店,2026-06-19 16:57:47,web_detail,,1
6a0cb2b21153580015f168f4,"第五人格网名原创定制,无特殊符号设计2.0",medium,商品已下架/冻结,50,1.9819714304739,WATCH,,欧气爆棚的店,2026-06-19 16:57:55,web_detail,,1
69ad7430970f000001fbe36c,常州市初一初二初三数学英语文物化生地史政月考期中期末真题试卷,medium,商品已下架/冻结,247,1.9743055587173266,WATCH,,,2026-06-19 16:58:04,web_detail,,1
685e056a62138500016160f7,大葱老师歌曲精讲,medium,商品已下架/冻结,615,1.9447906328126086,WATCH,659654a469a8470001e500f0,大葱老师图书店的店,2026-06-19 16:57:45,web_detail,,1
6966648a9d3b310001d5e791,2027考研教育学KC311全程班333全程班持续更新不加密百度夸克,medium,商品已下架/冻结,90,1.9183134153800538,WATCH,68f6f13d429ad7001506a052,云舒学姐的店,2026-06-19 16:57:50,web_detail,,1
6a24ef65b2a4ab0001ffb273,【时代断音】百度输入法（自动发货/不退不换）,medium,商品已下架/冻结,70,1.9076859450832535,WATCH,6a0c3d1cbf261b0015ef7a10,小岛（百度输入法）的店,2026-06-19 16:58:10,web_detail,,1
6a0bf6ca88ed2e0001315400,2026年中考黑白卷,medium,商品已下架/冻结,251,1.905444153348494,WATCH,,,2026-06-19 16:57:53,web_detail,,1
6a1d744f42db80000114feeb,2026秋小学一本预备新年级语文数学英语新123456年级,medium,商品已下架/冻结,25,1.905444153348494,WATCH,,满分学习社的店,2026-06-19 16:57:54,web_detail,,1
69a0285336a3d80001aaa61a,任天堂switch联机一起玩全新,medium,商品已下架/冻结,760,1.9029786240123867,WATCH,65b36c5b5206830001b631fa,Kirby电玩的店,2026-06-19 16:57:45,web_detail,,1
69e5b2a021dc630001f5f435,醒图手机版软件不限次导出使用教程,medium,商品已下架/冻结,293,1.8935573144656752,WATCH,699d9a7d7d730300150aaf1c,打工人小贵o的店,2026-06-19 16:57:46,web_detail,,1
69f94d408c2c230001054963,AI【童装】图文带货口令提示词大合集！高转化场景指令，一键生图,medium,商品已下架/冻结,178,1.8769185815306222,WATCH,69c5f40e4381e90015738b63,至诚专业团队的店,2026-06-19 17:22:19,web_detail,,1
69d77259953e440001dfadd6,笔记同款定制教程指导包教包会,medium,商品已下架/冻结,298,1.8587241377717256,WATCH,69bb62b4fd689000157d2c9e,左柚为澜的店,2026-06-19 16:57:45,web_detail,,1
661faf796e7b190001579d0e,【小红书新人0.1购】8大包抽纸家用4层卫生纸平价纸巾厕纸加厚纸,medium,商品已下架/冻结,1018,1.8499298140319218,WATCH,65d163cb275f9b0001873b88,华伟纸业的店,2026-06-19 16:57:51,web_detail,,1
6a11db71e6d02a000161160e,彩色个签生成器/卡头/修改彩签·课件,medium,商品已下架/冻结,88,1.8498035016407377,WATCH,68e9d3a9307d960015ce18f3,nine超自然个签卡头看主页的店,2026-06-19 16:57:51,web_detail,,1
6a1873c14078870001d8d5a1,2026春WZ霞期末真题精编七八123456年级河南郑州湖北武汉,medium,商品已下架/冻结,35,1.8498035016407377,WATCH,685aaa03a8202d001511bbeb,小瑾老师在线的店,2026-06-19 16:57:51,web_detail,,1
69cb7a228423ad0001d1b94e,【HEJA原创】水晶草药蜡烛香薰蜡烛纯手工草药植物蜡烛,medium,商品已下架/冻结,143,1.8149746920377083,WATCH,,,2026-06-19 16:58:16,web_detail,,1
6a200d7718376c0001c5a841,Tarot唯美风和日丽78张卡牌高颜值艺术画风初学者塔罗学习全套卡,medium,商品已下架/冻结,123,1.81105357990634,WATCH,,,2026-06-19 16:57:56,web_detail,,1
69fd8cb19dea2d00014e10af,护理学护理实践学习指导资料电子版,medium,商品已下架/冻结,133,1.8058778605317929,WATCH,68ca679eec61bf0015c5306c,小蒋同学的资料库的店,2026-06-19 16:57:46,web_detail,,1
6a1ffebe44bec000012b759c,超～自然全集摆件,medium,商品已下架/冻结,64,1.7933022774579532,WATCH,,,2026-06-19 16:57:57,web_detail,,1
69158223cba79f0001c1085b,事业单位招聘考试题裤事业编ABCDE职测综应公基真题电子资料课件,medium,商品已下架/冻结,283,1.781292260839229,WATCH,68bd2909234b1600152f6b68,墨沫学姐的店,2026-06-19 16:57:51,web_detail,,1
68ffa1db42726100016eceaa,剑雅真题4－20全套电子版PDF 雅思真题音频答案解析(秒发货),medium,商品已下架/冻结,413,1.7702134645445007,WATCH,68f4dc81f19d7800158dfd4d,BLUE鱼鱼物料库的店,2026-06-19 16:57:46,web_detail,,1
69fa9c852f72a600154d8961,幼小衔接天天练幼儿园中大班衔接一年级拼音数学汉字语文专项训练,medium,商品已下架/冻结,114,1.7631906850499623,WATCH,,,2026-06-19 16:58:13,web_detail,,1
6a10089f249d510001e38d71,（推荐）研究生导师过往评析7.5w+（选导的参考）,medium,商品已下架/冻结,37,1.7466665601024494,WATCH,,,2026-06-19 16:57:54,web_detail,,1
69a3b56b90695300019d1107,运动步数绘画虚拟定制,medium,商品已下架/冻结,1731,1.7384571246658442,WATCH,630985ed97e4ef000161d947,贝壳学长的店,2026-06-19 13:19:32,web_full,,1
69dd316547a2e200010aeea4,pycharm专业版官方激活码，激活ppt教程,medium,商品已下架/冻结,519,1.7179945702809019,WATCH,693f6a6d723274001522e8f1,软件分享的店,2026-06-19 16:57:41,web_detail,,1
699e5b6136a3d800017e581f,【精品】【秒发】《中国上乘内功》内功·道家·结丹| 电子书籍PDF,medium,商品已下架/冻结,156,1.7132687394788804,WATCH,6971bea71309530015efb433,博优学堂的店,2026-06-19 16:57:47,web_detail,,1
6a1e2e5d40788700014015bc,第五人格ok了老铁鼠标垫周边吧唧,medium,商品已下架/冻结,340,1.6989179470654292,WATCH,,,2026-06-19 16:57:58,web_detail,,1
682d2ba0beccb100156f6627,小巴掌童话一年级注音版张秋生正版小学生一二年级课外书阅读经典,medium,商品已下架/冻结,2422,1.698847139036642,WATCH,,,2026-06-19 16:57:58,web_detail,,1
682d2ba0beccb100156f65e7,小巴掌童话一年级注音版张秋生正版小学生一二年级课外书阅读经典,medium,商品已下架/冻结,2422,1.698847139036642,WATCH,,,2026-06-19 16:57:58,web_detail,,1
6a1054cb48fd3d0001e18707,各类述职报告ppt模版500套电子版资料【可编辑版】,medium,商品已下架/冻结,161,1.6817027913172755,WATCH,698a7cbae1cf2f0015340386,什么都有来选的店,2026-06-19 16:57:47,web_detail,,1
676149b979f3cb000161c6cb,青岛市初中语文数学英语外物化生地史政月考期中期末真题试卷,medium,商品已下架/冻结,1163,1.6719320841693146,WATCH,65bb02155848410001055146,桃李先生资料库的店,2026-06-19 16:58:20,web_detail,,1
6a13c22c00127100010c38b0,原创文游指令  全5000+   自动发货,medium,商品已下架/冻结,90,1.6674620780765996,WATCH,69be036e519c600015db2cd4,疏影落清欢的店,2026-06-19 16:58:02,web_detail,,1
69ecc1886eeaf70001f5c3fb,查询低分战力绘制精品手工周边定制服务 下单详情咨询客服,medium,商品已下架/冻结,88,1.6673273665745758,WATCH,,,2026-06-19 16:57:56,web_detail,,1
69185f31c57d9c0001a4a624,2026版金考卷中考45套汇编全国版河南福建安徽辽宁山西河北湖北,medium,商品已下架/冻结,168,1.6672742043485682,WATCH,,,2026-06-19 16:57:56,web_detail,,1
69e58a998c762b0001e43eaf,【仅娃衣】2026美加墨世界杯拉布布一二三代dimoo娃衣（不含娃）,medium,商品已下架/冻结,2185,1.667272625552338,WATCH,,,2026-06-19 16:57:56,web_detail,,1
6a1bad6942db800001e60db4,新人教版小学语文一二年级同步生字练字帖上下册一类字点阵控笔,medium,商品已下架/冻结,222,1.6671851708088439,WATCH,660d0f94f0b53500014280f4,启迪图书智慧书屋的店,2026-06-19 16:57:51,web_detail,,1
694aa53aa3be010001ec80a2,2026年深圳市初中数学英语语文物化生地史政月考期中期末真题试卷,medium,商品已下架/冻结,1689,1.64647629652996,WATCH,,,2026-06-19 13:27:24,web_full,,1
6a1a982ac4095100010bba2a,2026春河北各地期末试卷精选数学冀教版123456年级下册河北专版,medium,商品已下架/冻结,55,1.6044685485357164,WATCH,,布丁作业本的店,2026-06-19 16:58:00,web_detail,,1
6a112a94bd63a3000139e7e3,古风精致动漫角色卡头卡脸娃娃修改,medium,商品已下架/冻结,48,1.6029602259990579,WATCH,6a07eecec0a758001554f0a6,延安超自然陪玩（8点到24点营业）的店,2026-06-19 16:57:52,web_detail,,1
69f1c6c23a4daf000122d326,日语专四/专八历年真题+答案（NSS4/8）,medium,商品已下架/冻结,56,1.5931928274659652,WATCH,6761aa7d9986df001522bd19,张小小上岸,2026-06-19 16:57:48,web_detail,,1
6a0da157e6d02a000188844b,虚拟壁纸定制创意DIY艺术周边黑白定心电子版定制,medium,商品已下架/冻结,61,1.5743557913471269,WATCH,69fa43f8fcdd9d001585f204,逢考就过资料库的店,2026-06-19 16:57:48,web_detail,,1
688387858fe347000167d51d,2026天一成考专升本复习资料成考考试成人高考专升本教材政治自学,medium,商品已下架/冻结,2290,1.5693499803874047,WATCH,6679272a900b160001be34fc,胜宇教育图书的店,2026-06-19 16:58:10,web_detail,,1
69fdadf715602900013a5f47,2027国考+省考+事业单位备考资料，百度+夸克双网盘群更新,medium,商品已下架/冻结,1673,1.5646114121992598,WATCH,69c8b1c755c17a0015d85876,佳佳学姐呀的店,2026-06-19 13:29:35,web_full,,1
67f7386dbeccb10015409910,幼儿黄金期全脑开发全套四册早教书宝宝一岁了婴儿童睡前故事绘本,medium,商品已下架/冻结,1331,1.5523998005283746,WATCH,,,2026-06-19 16:57:58,web_detail,,1
69f86d9f0283e20001d4b5b2,2026春小学53天天练语文数学英语五三天天练,medium,商品已下架/冻结,911,1.528051209248682,WATCH,686e16a2409b630015c8b6ec,Teacher的店,2026-06-19 16:57:48,web_detail,,1
682c195927596b00159ecc67,进口英文原版自然科普大书The Big Book 艺术熏陶启蒙大绘本6册,medium,商品已下架/冻结,249,1.5101569303299807,WATCH,,,2026-06-19 16:58:02,web_detail,,1
688387858fe347000167d514,2026天一成考专升本复习资料成考考试成人高考专升本教材政治自学,medium,商品已下架/冻结,2279,1.510093275973018,WATCH,,,2026-06-19 16:58:02,web_detail,,1
6a1a98cfa30a660001fe5fc2,2026春河北各地期末试卷精选英语冀教版3456年级下册河北专版,medium,商品已下架/冻结,56,1.510093275973018,WATCH,,,2026-06-19 16:58:02,web_detail,,1
68b92d8595220f0001eeed4e,6月夜间预定-釜山游艇体验 | Yacht豪华出海之旅,medium,商品已下架/冻结,1277,1.5085376462344484,WATCH,,釜山游艇YachtGuy的店,2026-06-19 16:57:57,web_detail,,1
6a15447369ff6a0001cdbf2f,新版资料3637笔记本学习资料,medium,商品已下架/冻结,134,1.508490580001791,WATCH,,,2026-06-19 16:57:57,web_detail,,1
66ae3a7b42e3e900013c5818,怀孕每周吃什么 孕妇食谱营养三餐 孕期食谱菜谱 孕妇书籍大全 怀,medium,商品已下架/冻结,1912,1.508243855876228,WATCH,,,2026-06-19 12:33:19,web_full,,1
691f0901f2c0f50001744c90,2026春高中必刷题电子版PDF语数英理化生政史地选择性必修123,medium,商品已下架/冻结,203,1.5072483365699092,WATCH,68c7c2f52fa1bd0015661f29,学霸智慧园的店,2026-06-19 16:57:54,web_detail,,1
69f0af5b294caa000158fe16,手工定制无痕ps图片处理合影修换批图抠图头部脸修图换背景全家福,medium,商品已下架/冻结,83,1.5063748396228667,WATCH,69ce824d57a7d00015ee9b38,绵绵人像融合的店,2026-06-19 16:57:52,web_detail,,1
67b32c3cacc82c00019a7453,原版绘本《Usborne尤斯伯恩初探系列》科学/动物/历史·YXBB,medium,商品已下架/冻结,1377,1.50520887407458,WATCH,657a68f3514ce90001427337,美珵书坊的店,2026-06-19 16:57:49,web_detail,,1
69dc687c8bd1990001e694f2,中级实务Z了马老师课程：25年全+26年更新中，百度网盘，电子资源,medium,商品已下架/冻结,385,1.5046821148289673,WATCH,668a5dffc9bc0800010aa570,拥抱阳光的店,2026-06-19 16:57:48,web_detail,,1
69a57c67ca73c200011a9b1a,穿越成韩团新成员模拟器文游指令 虚拟商品不退不换,medium,商品已下架/冻结,203,1.5046821148289673,WATCH,683aefb39ac6560015451ecd,晓晓的AI铺子的店,2026-06-19 16:57:48,web_detail,,1
69e057d4933b030001375a53,【水果id】appstore应用游戏更新下载虚拟产品&一次性共享模板,medium,商品已下架/冻结,116,1.5046821148289673,WATCH,695ddbaaaffe580015000043,美区Apple自助零纳米游戏的店,2026-06-19 16:57:48,web_detail,,1
68e340ea7c1a030001490864,材料写作实用宝典（电子版）,medium,商品已下架/冻结,117,1.4811620121817097,WATCH,68bb9cea2b95bb0015b52d80,橙子姐写作的店,2026-06-19 16:58:25,web_detail,,1
69ba0cf019f8df0015717c83,幼儿园中大班数学练习册幼小衔接5/10/20/100以内加减法启蒙训练,medium,商品已下架/冻结,261,1.471685367707328,WATCH,,,2026-06-19 16:58:25,web_detail,,1
6a0d9705f843b400016f34e7,医学教材配套习题课件10版百度网盘送9版,medium,商品已下架/冻结,44,1.4604267585104682,WATCH,667e672ae87bc4000181d025,医研精析资料馆的店,2026-06-19 16:57:48,web_detail,,1
6a1e39600b81e100010568c2,正版·SSS英文儿歌发声书音乐书100首·幼儿英语启蒙,medium,商品已下架/冻结,817,1.4591118010595119,WATCH,,,2026-06-19 16:58:04,web_detail,,1
6a13c8002d684c00019c65a4,2026版天X中考押题卷临考预测密封卷全国各地区专版PDF-垫子版,medium,商品已下架/冻结,202,1.4387370485440043,WATCH,687df4c130520f001585e024,懒人学习搭子的店,2026-06-19 16:57:56,web_detail,,1
6a1ad0867e71ab000172fb06,玛丽 笔记同款27个课件资源,medium,商品已下架/冻结,49,1.4290988167511196,WATCH,,,2026-06-19 16:57:59,web_detail,,1
6a1f89d118376c0001b3c8c3,26年6月初级银行从业LK+天一压题,medium,商品已下架/冻结,23,1.4290988167511196,WATCH,,,2026-06-19 16:57:59,web_detail,,1
688387858fe347000167d52f,2026天一成考专升本复习资料成考考试成人高考专升本教材政治自学,medium,商品已下架/冻结,2290,1.4277774734976338,WATCH,6679272a900b160001be34fc,胜宇教育图书的店,2026-06-19 16:58:20,web_detail,,1
6756bc316e529e0001ec826c,合肥市初中语文数学英语外物化生地史政月考期中期末真题试卷,medium,商品已下架/冻结,838,1.4197074680731139,WATCH,,桃李先生资料库的店,2026-06-19 16:58:25,web_detail,,1
6a0adf3a09bd620001d2d085,26中级会计多机构网课｜讲义｜资料｜教材｜持续更新｜附赠25,medium,商品已下架/冻结,373,1.4161719943332596,WATCH,69a797c65aeaa900152a1e14,我不是漫神的店,2026-06-19 16:57:49,web_detail,,1
6a0c3d62e80a7b0001ea159d,WPS超级会员PDF文件编辑制作 个人简历 PPT模板制作,medium,商品已下架/冻结,85,1.4161719943332596,WATCH,691647ed97f1210015473cef,麦麦云资源的店,2026-06-19 16:57:49,web_detail,,1
688387858fe347000167d51a,2026天一成考专升本复习资料成考考试成人高考专升本教材政治自学,medium,商品已下架/冻结,2278,1.4156117831460855,WATCH,6679272a900b160001be34fc,胜宇教育图书的店,2026-06-19 16:58:03,web_detail,,1
69b93e39180bf400018e1f4e,9.9/抽的踩数字～,medium,商品已下架/冻结,399,1.4106067633973218,WATCH,69b52c3f2ee9ff0015bff5ea,镜辞月的店,2026-06-19 16:57:55,web_detail,,1
6a0bf40b234d2b0001fb6aea,2026最新黑白定心卷,medium,商品已下架/冻结,130,1.398140710122331,WATCH,6512d452effd830001ca9e4f,林思亦的店,2026-06-19 16:57:51,web_detail,,1
688387858fe347000167d565,2026天一成考专升本复习资料成考考试成人高考专升本教材政治自学,medium,商品已下架/冻结,2279,1.379870200437994,WATCH,,,2026-06-19 16:58:02,web_detail,,1
6a0c49aee80a7b0001eb48f4,Dazz相机全部pro滤镜 有底片实况 胶片教学教案课件一键出片神器,medium,商品已下架/冻结,59,1.379771209842567,WATCH,685683aa5c02210015bee9d0,咔咔的丨胶片相机的店,2026-06-19 16:58:02,web_detail,,1
69f971ff78944100012e5972,下厨防 A5无删减 现货速发装订一本 文件打印纸记事本,medium,商品已下架/冻结,58,1.3719759469538206,WATCH,64ec962200efc80001c58d91,无删减同人小说店的店,2026-06-19 16:57:49,web_detail,,1
6a0d76ff90bd1b00017f8ac1,Q版手绘头像定制真人照片漫画人物绘画卡通形象设计约稿情侣画像,medium,商品已下架/冻结,142,1.3719166195103452,WATCH,6926a2cdec9d9a001545f337,这是一家手绘的店,2026-06-19 16:57:50,web_detail,,1
69b954c15e5f05000106aa08,徐琦外科学资料9版和10版 百度夸克网盘发货,medium,商品已下架/冻结,575,1.3719034843289926,WATCH,68e233e0616017001509b6c4,月光的合金的店,2026-06-19 16:57:50,web_detail,,1
69ce2ac2a4db7c000155bd09,【笔记同款 | 自动发货】音合集 2026全新整理,medium,商品已下架/冻结,51,1.3639366296490514,WATCH,68af00f8d2ebe30015c4c883,薇薇的设卡收藏的店,2026-06-19 16:57:53,web_detail,,1
6a16a9f19a00d3000127f27a,2026春小学过课本期末复习导航语文数学英语123456年级下册试卷,medium,商品已下架/冻结,61,1.3497105062875978,WATCH,,,2026-06-19 16:58:00,web_detail,,1
6a0562733eb97c000185605b,27考研英语五大题型｜笔记+方法论+配套真题讲解重点合集一套解决,medium,商品已下架/冻结,75,1.3256106135301875,WATCH,659763fc3b5537000110f42a,胡涂考研的店,2026-06-19 16:57:55,web_detail,,1
69f75679213e27000194b9e9,重庆小学语文数学英语期中期末真题试卷含答案,medium,商品已下架/冻结,46,1.3256106135301875,WATCH,65bb02155848410001055146,桃李先生资料库的店,2026-06-19 16:57:55,web_detail,,1
69fc54fca5715f000110575b,2026吉林专用中考考前冲刺卷电子版,medium,商品已下架/冻结,67,1.3213430421197299,WATCH,,电子资料v的店,2026-06-19 16:58:04,web_detail,,1
69df0d13282cc20001bdc7d5,26春小学语文/数学/英语 考点梳理时习卷,medium,商品已下架/冻结,316,1.3017153150925715,WATCH,6961c01ad3c74200150768ce,小涵Teacher的店,2026-06-19 16:57:57,web_detail,,1
69d8675c79e41000152e593c,新款印花可爱兔子单肩包女学生韩版帆布包大容量手拎包通勤包,medium,商品已下架/冻结,84,1.2936746511112047,WATCH,,小奶酪嗷的店,2026-06-19 16:58:03,web_detail,,1
69b546654cdf2e0001438771,2026新版万唯中考试题研究  全国各地区专版试题资料！,medium,商品已下架/冻结,297,1.2834066014687404,WATCH,694fe62279d6130015339f5f,皮皮鲁爱学习的店,2026-06-19 16:57:50,web_detail,,1
69d752d83550840001bf9ca9,2027高中资料大一轮笔记同款19语文数学英语物理化学生物政史地,medium,商品已下架/冻结,71,1.2807610396674995,WATCH,685aaa03a8202d001511bbeb,小瑾老师在线的店,2026-06-19 16:58:25,web_detail,,1
6a25327a20d7240001db944e,2026春小学语文期末活页卷数学英语123456年级下册期末试卷,medium,商品已下架/冻结,60,1.2797737425089182,WATCH,,,2026-06-19 16:58:10,web_detail,,1
69db26f947a2e20001cf951c,2026春版语数英期末活H页,medium,商品已下架/冻结,177,1.2703182106816122,WATCH,,,2026-06-19 16:58:02,web_detail,,1
67d28f632af7ec001584b3b5,【作文必备】小学词语积累满分作文金句归类素材写作方法与技巧,medium,商品已下架/冻结,658,1.269569977089178,WATCH,658bef15076cd80001878ba5,小吟心书坊的店,2026-06-19 16:58:32,web_detail,,1
6a13e44fbd63a30001838689,笔记同款电子资料合集可直接使用,medium,商品已下架/冻结,68,1.2605616945731306,WATCH,68cbcaf0e5fca80015f5cc6c,空序的店,2026-06-19 16:58:26,web_detail,,1
6a1e4e14cd75c30001789b5c,2026新整理导师指南表 7万+可筛选excel表格模板,medium,商品已下架/冻结,151,1.2504349554040497,WATCH,,,2026-06-19 16:58:01,web_detail,,1
6a04357f0511b50001184501,飞书个人版代注册开通,medium,商品已下架/冻结,63,1.2502761590845857,WATCH,69788a735cae4a0015bc06e5,泡泡结局屋的店,2026-06-19 16:57:55,web_detail,,1
6a0bdb08002a62000117de5a,q版手绘头像定制作卡通形象设计动漫画人物绘画头像情侣照片约稿,medium,商品已下架/冻结,271,1.2391512014180943,WATCH,6926a2cdec9d9a001545f337,这是一家手绘的店,2026-06-19 16:57:50,web_detail,,1
6a16834e6e37310001eb6dfe,摄影姿势参考模板合集,medium,商品已下架/冻结,121,1.2332050710067446,WATCH,684ff6395c987e0015e16925,鑫琦精选的店,2026-06-19 16:57:59,web_detail,,1
6a16b166cfe5750001670495,（SWTMFBK）PDF电子资料汇总课件,medium,商品已下架/冻结,22,1.2332050710067446,WATCH,69a6c17da786a000159ef5fb,海文老师吖的店,2026-06-19 16:57:59,web_detail,,1
663869ba5ef5e30001edc9a8,幼儿园学前早教启蒙认字书识字大王3000字儿童看图入门识字大王书,medium,商品已下架/冻结,310,1.2269626748974103,WATCH,,,2026-06-19 16:58:06,web_detail,,1
663869b6adcece00014f9ef3,幼儿园学前早教启蒙认字书识字大王3000字儿童看图入门识字大王书,medium,商品已下架/冻结,310,1.2269626748974103,WATCH,,,2026-06-19 16:58:06,web_detail,,1
69f0af5b294caa000158fe1f,手工定制无痕ps图片处理合影修换批图抠图头部脸修图换背景全家福,medium,商品已下架/冻结,81,1.2269626748974103,WATCH,,绵绵人像融合的店,2026-06-19 16:58:06,web_detail,,1
68fc95a4c4f8910001d34f3c,ppt·【秒发】时事热点PPT：拼豆热爆火思政课件PPT带演讲稿,medium,商品已下架/冻结,711,1.2268650367983336,WATCH,67b6ca7e6d87470015dcef16,小小呗PPT原创课件的店,2026-06-19 16:58:06,web_detail,,1
6909bc9f84cf42000182cb87,金融考试题库-银从题库、证券、基金题库/课程（试用3天）,medium,商品已下架/冻结,422,1.2073922747894976,WATCH,,优题宝线上教育的店,2026-06-19 16:58:05,web_detail,,1
69ef2a7f15602900013db305,平果 APP软件应用下载更新指导 稳定安全！,medium,商品已下架/冻结,139,1.2051014930803314,WATCH,69c555bc017bd50015bad0b1,山月随记的店,2026-06-19 16:57:57,web_detail,,1
6897700686c0df000198bf42,AI写小说Deepseek全套指令【赠Deepseek学习资料/kimi学习资料】,medium,商品已下架/冻结,723,1.194896761267247,WATCH,64db6bda6bd5b60001e8ab7b,邓友京的店,2026-06-19 16:57:51,web_detail,,1
697997ea0270070015390ec8,其他·高颜值少女心生日礼物小猪杯子送男女朋友情侣姐妹儿童礼品伴手礼,medium,商品已下架/冻结,585,1.1909347655218863,WATCH,69489b0e5383a40015f58998,是清漪呀～的店,2026-06-19 16:58:03,web_detail,,1
69ad7430970f000001fbe36f,常州市初一初二初三数学英语文物化生地史政月考期中期末真题试卷,medium,商品已下架/冻结,246,1.174269730217695,WATCH,,,2026-06-19 16:58:26,web_detail,,1
69c0ffc6ec6664000142dfc6,2.5寸3.1寸24小时在线API,medium,商品已下架/冻结,448,1.1646951266256804,WATCH,69ae65ecad53d900152f9350,薯薯嘉的模型🍠的店,2026-06-19 16:58:01,web_detail,,1
69b6acac4cdf2e000176e8c7,哈利波特模拟器高自由度版AI文游,medium,商品已下架/冻结,182,1.1506413256647563,WATCH,683aefb39ac6560015451ecd,晓晓的AI铺子的店,2026-06-19 16:57:51,web_detail,,1
68527771f89aa50001740a55,存子同款手工红绳手绳红红火火心想事成,medium,商品已下架/冻结,3532,1.1464036585883894,WATCH,,Coco猫匠银的店,2026-06-19 16:58:11,web_detail,,1
6a000983304f46000118ec0c,bubbly&moly币数字艺术.高端设计课程,medium,商品已下架/冻结,81,1.1366165285317622,WATCH,68cb6690f2457c00150b77e1,今晚月亮打烊了的店,2026-06-19 16:57:57,web_detail,,1
69fc05fd294caa0001c253aa,第五人格×海底捞联名拉拉队员吧唧周边透卡徽章时装,medium,商品已下架/冻结,760,1.1326266195512553,WATCH,,,2026-06-19 16:58:08,web_detail,,1
6850beaeea2a8100017f5e6b,2027浙江大学出版社初高中数学思想方法导引张金良主编辅导资料书,medium,商品已下架/冻结,5111,1.1325857669264585,WATCH,,,2026-06-19 16:58:08,web_detail,,1
68d3ce2f8aa5760001e58011,2026中学JC全解全析高一高二必修一二三四选修一二三四,medium,商品已下架/冻结,63,1.1325857669264585,WATCH,,,2026-06-19 16:58:08,web_detail,,1
695b5489bd92f500019549e0,P图改字无痕修图图片编辑文字修改照片处理,medium,商品已下架/冻结,293,1.1320906035975944,WATCH,64abdd1fb20aa10001e61db0,Summer(修图版)的店,2026-06-19 16:58:32,web_detail,,1
6a1fcd6944bec00001247ee0,2026初中电子资料（笔记同款3）,medium,商品已下架/冻结,17,1.1184232704065253,WATCH,,,2026-06-19 16:58:32,web_detail,,1
6a0c59e5a32a970001f68c06,笔记同款 合集模板链接,medium,商品已下架/冻结,25,1.1115337019587699,WATCH,,,2026-06-19 16:58:05,web_detail,,1
69ee038ff9b6f10001cc74ff,2026春小学数1-6年级下册《XB同步大试卷》（PDF高清电子版）,medium,商品已下架/冻结,133,1.111312583975692,WATCH,66fa758aa9bf3400163b464c,满分资料铺的店,2026-06-19 16:57:53,web_detail,,1
68c6871abf5d360001d1492d,新版3D宝可梦游戏丨安卓IOS PC三端丨1~9全世代,medium,商品已下架/冻结,718,1.1064322152853392,WATCH,6896dbbf2aa7600016359be6,皮老板皮卡皮的店,2026-06-19 16:57:52,web_detail,,1
6a031e48273c7d0001171fd4,WPS 大会1天 AI PPT制作 个人简历  一键生成 24小时自动发货,medium,商品已下架/冻结,284,1.106386394836301,WATCH,69c3f1234ae1400015303f60,彼飞网络的店,2026-06-19 16:57:53,web_detail,,1
6a01a9b6f3ef8300012cc3ce,2026中级会计多机构网课+讲义+教材,medium,商品已下架/冻结,82,1.106386394836301,WATCH,693c3aa349561b0015bdfd0b,小雅老师呀的店,2026-06-19 16:57:53,web_detail,,1
6a0b45f83c8e6e000176d9d2,【秒发货】大学英语四六级高频词汇历年真题备考重点电子版,medium,商品已下架/冻结,34,1.106386394836301,WATCH,69c69347305633001423a2b3,锦鲤锦鲤爱学习的店,2026-06-19 16:57:53,web_detail,,1
69fc1d05a5715f000107c79b,三角洲绝密单护60/h,medium,商品已下架/冻结,30,1.106386394836301,WATCH,69edfeba945dfa00152cd540,雨霆电竞的店,2026-06-19 16:57:53,web_detail,,1
69f8ab8e49fb5f001622a063,26初级会计新735押题卷经济实务押题卷已出电子资料PDF打印,medium,商品已下架/冻结,1358,1.1044271426693526,WATCH,69c1e79c04e5ae0015261d14,温老师资料馆的店,2026-06-19 16:57:47,web_detail,,1
6a1be1f294d5830001df4946,校园之外Off Campus，未打4k，,medium,商品已下架/冻结,324,1.103258843827445,WATCH,6893307a718bdf001530b573,快乐追剧机的店,2026-06-19 16:58:04,web_detail,,1
6968e7cb16b37a0015f41678,洁柔·C&S国际版抽纸3层110抽卫生纸蓝面子家用面巾纸,medium,商品已下架/冻结,149,1.096184422819818,WATCH,68f7829675bcb10015819c3a,我乃天之饺子的店,2026-06-19 16:58:02,web_detail,,1
6a093d6be80a7b0001f97d00,2026年中考复习押题万V黑白卷电子版,medium,商品已下架/冻结,53,1.0797871125521965,WATCH,6856ddad5f0e360015795dd2,优学干货社的店,2026-06-19 16:57:58,web_detail,,1
68f5eb79c8f8b800015c5ff5,睡前5分钟日语语法课：日语语法总结归纳怎么记怎么学语法书推荐,medium,商品已下架/冻结,212,1.0650607414725641,WATCH,,秋元梓学日语的店,2026-06-19 17:01:27,web_detail,,1
69f4798a9dea2d00017e69c9,笔记后续~在这 950+ 大合集 网盘发货持续更新！,medium,商品已下架/冻结,502,1.0621320194314328,WATCH,69cf7f5b238a3a00157cd8f7,快乐美味加载中的店,2026-06-19 16:57:53,web_detail,,1
69f86c51f888bb0001fec355,2026春小学同步阅读同款资料1-6年级电子版,medium,商品已下架/冻结,409,1.0621320194314328,WATCH,686e16a2409b630015c8b6ec,Teacher的店,2026-06-19 16:57:53,web_detail,,1
69e5e9608c762b0001f6db15,三角洲自由接单派单群 | 电子资源,medium,商品已下架/冻结,136,1.0621320194314328,WATCH,688ef60e5dc0270015484a74,Luck资料库的店,2026-06-19 16:57:53,web_detail,,1
6a04226bdd034c00018b7cd7,奇洛李wsdhx  电子版 ppt模版,medium,商品已下架/冻结,72,1.0621320194314328,WATCH,696b915a8978730015a535d8,扬扬寻鹿的店,2026-06-19 16:57:54,web_detail,,1
69f23f3cc0b0790015241902,50套VI手册矢量文件素材ai矢量格式模板,medium,商品已下架/冻结,41,1.0621320194314328,WATCH,692aed8a813698001593a318,咚咚资料君的店,2026-06-19 16:57:54,web_detail,,1
69cb32b5a1221500016f0acb,峰阅万卷【初中提分笔记】2026版中考预复习知识清单全国通用,medium,商品已下架/冻结,467,1.0533073999146036,WATCH,65eed9b40d7eaa000120e1a8,张老师升学笔记的店,2026-06-19 16:58:20,web_detail,,1
6a23ec19461097000157c010,个人兴趣光遇兴趣特色教育,medium,商品已下架/冻结,573,1.0470969149510472,WATCH,,,2026-06-19 16:58:17,web_detail,,1
6a192d5606b18e00019446b9,manwa 漫 必 倍 |蛙蛙大王,medium,商品已下架/冻结,108,1.0470969149510472,WATCH,,蛙蛙大王的店,2026-06-19 16:58:16,web_detail,,1
6a0b6d5c4d102c00010ee1fb,2026版ww黑白卷新疆地区试卷带答案,medium,商品已下架/冻结,72,1.0422324581578968,WATCH,674c14f9b1479f0015feef17,布丁作业本的店,2026-06-19 16:58:13,web_detail,,1
676149b979f3cb000161c6a7,青岛市初中语文数学英语外物化生地史政月考期中期末真题试卷,medium,商品已下架/冻结,1159,1.041642222946954,WATCH,65bb02155848410001055146,桃李先生资料库的店,2026-06-19 16:58:33,web_detail,,1
694fc02323d3ce0001cbb6d1,宇宙爱我原创｜感恩正念调频日记本｜治愈系礼物手账,medium,商品已下架/冻结,188,1.0382084546894252,WATCH,,,2026-06-19 16:58:11,web_detail,,1
69a7079fd2bf800001bb28fa,大理环海包车七座车定金-游玩包车,medium,商品已下架/冻结,67,1.0382084546894252,WATCH,,,2026-06-19 16:58:11,web_detail,,1
6a139d6961fef90001d7b730,2026宝宝个性化定制,medium,商品已下架/冻结,147,1.0381216098473736,WATCH,696706928e17730015f4ebe1,晓语AI定制起名的店,2026-06-19 16:58:11,web_detail,,1
6a0daabbf843b400017124f2,26年初级银行从业资料笔试电子版三色笔记 历年真题,medium,商品已下架/冻结,125,1.0381216098473736,WATCH,68e8a258bc91ab0015c6d0f9,清洒学长的店,2026-06-19 16:58:11,web_detail,,1
69e9d700faf00200017dd3c5,猛男双护绿指导教育,medium,商品已下架/冻结,132,1.0349132516823925,WATCH,,,2026-06-19 16:58:09,web_detail,,1
6a20b4711978d90001d5aa9c,2026最新研究生导师过往评析Excel模板黑红榜信息差评价,medium,商品已下架/冻结,109,1.0349132516823925,WATCH,,,2026-06-19 16:58:09,web_detail,,1
6a19c62d06b18e00016ef157,【24小时自动发货】水果store艾迪手工下栽PPT模板,medium,商品已下架/冻结,77,1.0243405111502422,WATCH,6a182ff573a02f00151c0be3,小萍果的美好时光的店,2026-06-19 16:58:01,web_detail,,1
68c783b30201ec00015b0e8c,招商银行26届校招笔试备考资料,medium,商品已下架/冻结,53,1.0229572166203882,WATCH,686235e4f0f6610016e8b3fa,校招offer来的店,2026-06-19 16:57:59,web_detail,,1
699c77a8d5afea000144e7b2,人教版小学数学123456年级书教科课件本上下册第学期电子打印PDF,medium,商品已下架/冻结,397,1.0178772971413774,WATCH,6915517e27d04f00159570f5,成语小全的店,2026-06-19 16:57:54,web_detail,,1
69ad7430970f000001fbe3b1,常州市初一初二初三数学英语文物化生地史政月考期中期末真题试卷,medium,商品已下架/冻结,247,1.0141128402194886,WATCH,,桃李先生资料库的店,2026-06-19 17:01:38,web_detail,,1
676149b979f3cb000161c6da,青岛市初中语文数学英语外物化生地史政月考期中期末真题试卷,medium,商品已下架/冻结,1159,1.0088741267935712,WATCH,,桃李先生资料库的店,2026-06-19 17:01:40,web_detail,,1
673334caec68d700015a232b,福州初中名校真题语数外物化生地史政月考期中期末真题试卷,medium,商品已下架/冻结,746,1.0011538037997292,WATCH,,,2026-06-19 16:58:26,web_detail,,1
661fabf52f163900016fddc5,【小红书新人0.1购】10包*360张抽纸面巾纸大包装卫生纸餐巾纸4层,medium,商品已下架/冻结,1834,1.0,WATCH,65d163cb275f9b0001873b88,华伟纸业的店,2026-06-19 13:01:10,web_full,,1
667d068678eadb00015b0cf5,【口袋书】应急图解旅游日语口语入门手指口袋书韩语自学日本韩国,medium,商品已下架/冻结,1438,1.0,WATCH,,,2026-06-19 14:40:02,web_full,,1
699bacde5f567d000189c365,自学英语必入！新概念1教材+笔记本 胶囊助学计划Leo老师三件套,medium,商品已下架/冻结,145,0.974358935802662,WATCH,64d372936bd5b600012b2b92,缘分正版精品书店的店,2026-06-19 16:58:26,web_detail,,1
69ef2c33eee1ab0001758acb,平果APP软件应用更新下载指导 稳定安全！,medium,商品已下架/冻结,151,0.9736603494510986,WATCH,69c555bc017bd50015bad0b1,山月随记的店,2026-06-19 16:57:55,web_detail,,1
6a0c62053c8e6e0001936307,2026金考典题库app一建二建经济师银从初快刷题做题历年真题解锁,medium,商品已下架/冻结,58,0.9722687904327845,WATCH,67961bb0c946220015f953ee,金榜智汇的店,2026-06-19 16:57:56,web_detail,,1
68678d99756506000186a821,邵鑫读书·邵鑫精读《古文观止》视频+音频,medium,商品已下架/冻结,1181,0.9709225476007319,WATCH,64f9564d5b50f70001d92ee0,邵鑫读书星成旷野专卖店,2026-06-19 16:57:57,web_detail,,1
69e43c05a1dd780001af7daf,人际交往、自我成长、人情世故合集【电子版】,medium,商品已下架/冻结,256,0.9677957658990494,WATCH,690706d5ad9a9b0015f7a494,是聪明瓜的店,2026-06-19 16:57:59,web_detail,,1
6a17c89d47477200017b4178,教师招聘题库  母题清单,medium,商品已下架/冻结,62,0.9589734681912543,WATCH,69a01b3a0919730015a2f184,小王老师y的店,2026-06-19 16:58:05,web_detail,,1
69c4f71ade0f070001478605,动森家具材料服装,medium,商品已下架/冻结,183,0.9527733382320773,WATCH,,赛哥小小的店,2026-06-19 16:58:09,web_detail,,1
6a040d6af3ef83000161799c,陈祖维初联26.25.24有视频与电子讲义配套练习册,medium,商品已下架/冻结,44,0.9525154079611602,WATCH,,,2026-06-19 16:58:09,web_detail,,1
6a130303df36740001926d50,命运红馆个人专属定制,medium,商品已下架/冻结,30,0.9525154079611602,WATCH,,,2026-06-19 16:58:09,web_detail,,1
691d1d2b603b4e0001c29469,初中英语电子版PDF虚拟教材  人教版,medium,商品已下架/冻结,2038,0.9521082577828444,WATCH,68e29831eeeb370015bed03b,丰狐文豹的店,2026-06-19 12:15:57,web_full,,1
69985d9264479e0001f0e403,禄口机场附近停车预约,medium,商品已下架/冻结,6439,0.9484212809061798,WATCH,,,2026-06-19 16:58:12,web_detail,,1
696653049c8a6a00015e56c8,ICH-GCP证书培训辅导,medium,商品已下架/冻结,1188,0.9484212809061798,WATCH,,,2026-06-19 16:58:12,web_detail,,1
6a156493859c5f0001037998,2026春小学语文数学英语3456年级下册各地期末试卷精选电子资料,medium,商品已下架/冻结,44,0.9435545474111184,WATCH,,,2026-06-19 16:58:13,web_detail,,1
6a22d0b6a7cb0d000194ac1e,同款好看的壁纸资源3,medium,商品已下架/冻结,160,0.9376744053728618,WATCH,6a0b09c0d20340001544912c,休闲时刻到了的店,2026-06-19 16:58:17,web_detail,,1
6a2240f520d7240001db05a5,优质小女孩简历虚妄恶之源共享真理十三娘鸽子绯先知白黯DM模版,medium,商品已下架/冻结,99,0.9376744053728618,WATCH,,,2026-06-19 16:58:17,web_detail,,1
694aa53aa3be010001ec80a5,2026年深圳市初中数学英语语文物化生地史政月考期中期末真题试卷,medium,商品已下架/冻结,1695,0.9372706165630856,WATCH,65bb02155848410001055146,桃李先生资料库的店,2026-06-19 13:26:00,web_full,,1
6a11e470017ffc0001dea068,kinbor同学录青春G大调毕业小学生纪念册初中生留言手册通讯录,medium,商品已下架/冻结,9,0.9371296364350828,WATCH,,,2026-06-19 17:01:45,web_detail,,1
67e61bbeba574100015fbbe8,家庭积分本学生每日计划好习惯养成积分记录本兑换卡,medium,商品已下架/冻结,428,0.9361344964606323,WATCH,,,2026-06-19 17:01:45,web_detail,,1
69fabbb8e0e86e0001c9aa82,2026小学语文|数学|英语-北京真题资料【PDF高清可打印】,medium,商品已下架/冻结,82,0.9304276463363952,WATCH,,,2026-06-19 16:58:20,web_detail,,1
69eea34915602900012ca038,2026秋六年级上册英语人教版电子课本电子书电子版可打印,medium,商品已下架/冻结,287,0.9292460780371834,WATCH,69aa31a9bfe814001556db5d,彩虹智慧库的店,2026-06-19 16:57:56,web_detail,,1
6a0ed00a90bd1b0001b96f36,个人形象1天会员个人形象,medium,商品已下架/冻结,99,0.9292460780371834,WATCH,673ace89bc505c0016c85a69,桃子办公【不是充值是用我的号】的店,2026-06-19 16:57:56,web_detail,,1
69e261beddd1650001914102,新老客户专拍【个人独享】卡通猫咪玩偶儿,medium,商品已下架/冻结,105,0.9261339497344996,WATCH,69cd114105488c0015248e74,plus人工智能的店,2026-06-19 16:57:57,web_detail,,1
6a0ecdf3bf25fa00019ebe93,【绯云环海】不见山家业住宅壁纸图纸,medium,商品已下架/冻结,57,0.9223764202206953,WATCH,6935522b5f0fca00151e7e5a,Leeloo丶离洛的店,2026-06-19 16:57:58,web_detail,,1
6a2503aeb113e40015dc120b,2026夏季新款大码韩系设计感撞色假两件上衣宽松显瘦侧系绳短袖,medium,商品已下架/冻结,32,0.9216921093687163,WATCH,69d9dfb32d2b9300157b2bca,小红薯53d09rn7的店,2026-06-19 16:58:26,web_detail,,1
69ef9527c4fc820001d2e24c,Plus摄影复古客厅*卧室艺术,medium,商品已下架/冻结,48,0.9212773342916003,WATCH,69ef5dc5a01e200015a66941,猫大仙meme的店,2026-06-19 16:58:26,web_detail,,1
6a0fea54c409510001089059,DazzCCD复古相机胶片滤镜免费课件使用指南素材一键出片神器教案,medium,商品已下架/冻结,94,0.9140293344602133,WATCH,6915bf696572090015a8d457,晚风摄集的店,2026-06-19 16:58:01,web_detail,,1
67f8f8122f871600153da614,饮食术：减糖生活健康养生指南科学减糖方法轻松开启减糖生活瘦身,medium,商品已下架/冻结,935,0.9123609435039515,WATCH,660d0f94f0b53500014280f4,启迪图书智慧书屋的店,2026-06-19 17:01:54,web_detail,,1
694956d64d11d70001db0ed5,重庆初中语数外物化生地史政月考期中期末真题试卷七龙珠试卷,medium,商品已下架/冻结,1811,0.9092534707581343,WATCH,65bb02155848410001055146,桃李先生资料库的店,2026-06-19 16:58:33,web_detail,,1
69e729fe43360b0001afd0f7,2026春小学电子资料（笔记同款13）,medium,商品已下架/冻结,286,0.9036719421391561,WATCH,68ef65bb3b282d00238a71a0,沐阳资料的店,2026-06-19 16:58:04,web_detail,,1
6a140d7169ff6a0001af9242,新版资料3605笔记本学习资料,medium,商品已下架/冻结,127,0.9036719421391561,WATCH,6a110d15fcdd9d0015860416,萌雪写稿的店,2026-06-19 16:58:04,web_detail,,1
6a0d927082e3190015607cc2,全国通用机票优惠超值-文化用品,medium,商品已下架/冻结,168,0.8904753633204504,WATCH,694ccb649e350b0015e5919e,多券管家的店,2026-06-19 16:58:06,web_detail,,1
6a080f259cd55300012052f9,首单体验【非洲之心/2000W】三角洲行动点单绝密非洲之心清图,medium,商品已下架/冻结,26,0.8849962647973175,WATCH,68808f2de292c6001502116d,酷二狗KEG电竞网游的店,2026-06-19 16:57:57,web_detail,,1
695bcca9aae294000139cf80,2026愿景板积极生活1000+张视觉素材【持续更新，永久享受】,medium,商品已下架/冻结,463,0.8739922494626593,WATCH,67ea98d5ed0f9f00151bdcaa,野小志的店,2026-06-19 16:57:59,web_detail,,1
69b546654cdf2e00014386de,2026新版万唯中考试题研究  全国各地区专版试题资料！,medium,商品已下架/冻结,308,0.8731391239643967,WATCH,,,2026-06-19 16:58:12,web_detail,,1
69cf35f52fb62900015a7469,医学检验技术学习指导与习题集全套10册、人卫十二五规划配套教材,medium,商品已下架/冻结,104,0.8731391239643967,WATCH,,,2026-06-19 16:58:27,web_detail,,1
69ad7430970f000001fbe3cc,常州市初一初二初三数学英语文物化生地史政月考期中期末真题试卷,medium,商品已下架/冻结,244,0.8715408434077208,WATCH,65bb02155848410001055146,桃李先生资料库的店,2026-06-19 17:02:07,web_detail,,1
69331d69bd92f50001cd2ae1,高中教资笔试科一科二科三学精简版霸笔记/网课/真题,medium,商品已下架/冻结,0,0.861589695818352,WATCH,,,2026-06-19 16:58:17,web_detail,,1
6773a13d286c9f0001b45bc8,厦门初中语文数学英语外物化生地史政月考期中期末真题试卷,medium,商品已下架/冻结,918,0.8567012236547751,WATCH,65bb02155848410001055146,桃李先生资料库的店,2026-06-19 16:58:33,web_detail,,1
6a1161beab19e700018f7543,办公写作效率plus提升咨询,medium,商品已下架/冻结,17,0.8538389026716875,WATCH,,,2026-06-19 16:58:34,web_detail,,1
6a040cff0283e20001c1ed7b,第五人格联名拉拉队员联名时装吧唧透卡徽章美甲贴纸袋贴纸冰箱贴,medium,商品已下架/冻结,543,0.8494750103376942,WATCH,,,2026-06-19 16:58:17,web_detail,,1
6a0abeb69cd5530001638bfa,第五人格43赛季头像框×海底捞联动时装周边吧唧,medium,商品已下架/冻结,100,0.8494750103376942,WATCH,,,2026-06-19 16:58:17,web_detail,,1
6a140d6fe6d02a00019d1002,奶茶｜多款爆款奶茶配方 + 菜单 +领取清单,medium,商品已下架/冻结,753,0.8494473733382346,WATCH,693a41aee906240015cb1507,酒旅福利官的店,2026-06-19 16:58:17,web_detail,,1
6a16aba548fd3d0001879869,2026-吉林省专版-名校调研【中考·考前冲刺】省命题-每科八套卷,medium,商品已下架/冻结,54,0.8492001849050183,WATCH,,金日课堂的店,2026-06-19 16:58:18,web_detail,,1
6a01855c273c7d0001f0e6c2,2026吉林专用小中考狂练模拟地理和生物,medium,商品已下架/冻结,28,0.8492001849050183,WATCH,,,2026-06-19 16:58:18,web_detail,,1
6a12f77c2d684c00018ae0f1,2026初级/中级银行从业LK+MS预测卷,medium,商品已下架/冻结,14,0.8492001849050183,WATCH,,,2026-06-19 16:58:18,web_detail,,1
6a01855c273c7d0001f0e6c5,2026吉林专用小中考狂练模拟地理和生物,medium,商品已下架/冻结,29,0.8491996521634,WATCH,,电子资料v的店,2026-06-19 16:58:18,web_detail,,1
69ecdaf61560290001048072,27FB护理考编题库|医基1000题PDF|护理1000题PDF,medium,商品已下架/冻结,144,0.8491490555798141,WATCH,6936c9fba9e7af0015be7ec7,Huihuigo,2026-06-19 16:58:18,web_detail,,1
69ad7430970f000001fbe34e,常州市初一初二初三数学英语文物化生地史政月考期中期末真题试卷,medium,商品已下架/冻结,246,0.8431240057606111,WATCH,65bb02155848410001055146,桃李先生资料库的店,2026-06-19 17:07:01,web_detail,,1
69749ddd65a1a10001b8d537,娱乐圈的嫂子模拟器文游指令,medium,商品已下架/冻结,177,0.8407464515574516,WATCH,683aefb39ac6560015451ecd,晓晓的AI铺子的店,2026-06-19 16:57:58,web_detail,,1
69d0c28a8a7da8000171651e,26年新老信息差黑红表考研保研推荐（自动发货,medium,商品已下架/冻结,55,0.8407464515574516,WATCH,66b2009500519c0015b1f485,保研一家亲的店,2026-06-19 16:57:58,web_detail,,1
6a12aad4c7b9470001547f9c,四六级作文万能模板,medium,商品已下架/冻结,121,0.8333897451583417,WATCH,699093cdf99228001500d4d5,小岚老师的店,2026-06-19 16:58:06,web_detail,,1
69efaf95294caa00013f54c6,大学生寒暑假志愿服务证明模版交给学校通用最新版本丨懂的滴滴,medium,商品已下架/冻结,173,0.8333732489423867,WATCH,6646efc5c7b2730001d97e17,安妮学姐冲冲冲的店,2026-06-19 16:57:59,web_detail,,1
69fde70843360b0001569d83,2026春六下语数英科各地期末试卷,medium,商品已下架/冻结,172,0.8333732489423867,WATCH,68d0bb03b78a3c001542aba7,tinguq0的店,2026-06-19 16:57:59,web_detail,,1
670e0c6268cb740001903d18,正版 免疫功能90天复原方案从根源上构筑人体免疫防线的健康策略,medium,商品已下架/冻结,1853,0.8330855038307331,WATCH,,,2026-06-19 12:48:48,web_full,,1
69f08449e4ac6100012911ed,2026年 900+合集 网盘发货 持续更新,medium,商品已下架/冻结,203,0.8282471433704364,WATCH,69afabb7b5ee130015631a19,果冻美味书社的店,2026-06-19 16:57:51,web_detail,,1
6575a7930f74c6000192d8e4,【26幼儿学科】幼儿园教师编制干货重点笔记思维导图（纸盒打包）,medium,商品已下架/冻结,4556,0.8141296450747123,WATCH,,,2026-06-19 16:58:27,web_detail,,1
6a0e6598a32a970001a9427c,2026春 小学少年素质教育报15天满分备考语文数学英语1-6年级下册,medium,商品已下架/冻结,77,0.8141296450747123,WATCH,,满分学习社的店,2026-06-19 16:58:27,web_detail,,1
67e61bbeba574100015fbbeb,家庭积分本学生每日计划好习惯养成积分记录本兑换卡,medium,商品已下架/冻结,427,0.8071249437356708,WATCH,,,2026-06-19 17:07:06,web_detail,,1
6a0476da721fd3000164d5a3,2年老店趣味益智闯关游戏APP休闲解压小游戏,medium,商品已下架/冻结,56,0.7964966383175858,WATCH,6a046a4fde38660015c3bd0f,诚姐姐的自习室的店,2026-06-19 16:57:59,web_detail,,1
69a57f02906cc100011761b5,2026刘义恒图推资料合集】内容很全！手机/电脑/平板都能随时下载,medium,商品已下架/冻结,375,0.7964952222608488,WATCH,69a0f7239f933100156282f6,逗号资料库的店,2026-06-19 16:58:00,web_detail,,1
67aefc8f9759260001804e00,天津市中考模拟一模二模三模试卷天津中考历年真题试卷电子版,medium,商品已下架/冻结,245,0.7955022736872729,WATCH,65bb02155848410001055146,桃李先生资料库的店,2026-06-19 16:58:05,web_detail,,1
6a0ab9fcd9bb89001545b103,2026美加墨世界杯足球明星钥匙扣纪念品潮玩玩具,medium,商品已下架/冻结,95,0.7939791925001888,WATCH,,小辣椒日记的店,2026-06-19 16:58:13,web_detail,,1
69f6dc7581bc010001060640,2026虚拟货源同款笔记本,medium,商品已下架/冻结,201,0.793763279914178,WATCH,,,2026-06-19 16:58:13,web_detail,,1
6a253da62c7daf0001cfa6ab,26四六级考试预测卷,medium,商品已下架/冻结,114,0.7896681534707353,WATCH,,,2026-06-19 16:58:33,web_detail,,1
6a23bff8a4f48f0001eeeea3,2026新课 沈老师15套课程全套完整版合集 原版高清 完整版,medium,商品已下架/冻结,105,0.7896681534707353,WATCH,,,2026-06-19 16:58:33,web_detail,,1
69cc76ef9a289f0015e33825,2026美加墨世界杯拉旗酒吧主题装饰串旗商场彩票门店体彩氛围布置,medium,商品已下架/冻结,61,0.783362645099158,WATCH,664c0ecbc3a6a900018409ec,诺心派对的店,2026-06-19 16:58:06,web_detail,,1
6620ceb5bda8e100011562e1,怀孕一天一页+每周吃什么孕期书籍大全备孕食谱胎教孕妇营养餐,medium,商品已下架/冻结,1592,0.7781295918877205,WATCH,,,2026-06-19 13:59:31,web_full,,1
69e4f5d1a1dd780001c784fd,南京小学语文数学英语期中期末真题试卷含答案,medium,商品已下架/冻结,82,0.7767388448303597,WATCH,65bb02155848410001055146,桃李先生资料库的店,2026-06-19 16:58:02,web_detail,,1
69dda67598fb9300012a9a66,24小时全天发货  你喜欢的都在里面,medium,商品已下架/冻结,38,0.7767388448303597,WATCH,69c20416e996290015e15838,萌萌传奇的店,2026-06-19 16:58:03,web_detail,,1
69bf51045e5f050001a6498b,仙女风天然太阳石水晶手串橙月光石金沙石小众简约百搭设计闺蜜款,medium,商品已下架/冻结,27,0.7762114310676468,WATCH,,,2026-06-19 16:58:18,web_detail,,1
67868d0ef844e20001471044,50天日常生活英语情景口语速成配套视频音频名师,medium,商品已下架/冻结,1353,0.775981960023373,WATCH,,,2026-06-19 16:58:19,web_detail,,1
69c9fb1bc0b07900153d9e57,2026新版小学数学专项训练口算竖式脱式应用题四合一1-6年级练习,medium,商品已下架/冻结,79,0.775981960023373,WATCH,,启迪图书智慧书屋的店,2026-06-19 16:58:19,web_detail,,1
69d106c09bbf24000182d350,苏州小学语文数学英语期中期末真题试卷含答案,medium,商品已下架/冻结,83,0.7759392671480313,WATCH,65bb02155848410001055146,桃李先生资料库的店,2026-06-19 16:58:19,web_detail,,1
69f347de6bdc3800018344f7,最新科研学术风高级简约答辩PPT模版-项目汇报答辩PPT模版,medium,商品已下架/冻结,65,0.7668955031207745,WATCH,69dfc5b53e9a9b0015829bbb,幸运雯雯的店,2026-06-19 16:57:53,web_detail,,1
68c03d33ed4dcf00152dc866,【全彩加厚纸质】幼儿园中大班数学练习册幼升小5/10/20/以内加减,medium,商品已下架/冻结,762,0.7550904080584753,WATCH,660d0f94f0b53500014280f4,启迪图书智慧书屋的店,2026-06-19 16:58:21,web_detail,,1
6a164289bd63a30001be31d6,第五人格绝版头像框亚克力cos道具周边37,medium,商品已下架/冻结,553,0.7550904080584753,WATCH,,,2026-06-19 16:58:21,web_detail,,1
6a1cf3ffaf69a40001b60e0e,第五人格ok了老铁鼠标垫周边吧唧,medium,商品已下架/冻结,329,0.7550904080584753,WATCH,,,2026-06-19 16:58:21,web_detail,,1
69c9fb1bc0b07900153d9e63,2026新版小学数学专项训练口算竖式脱式应用题四合一1-6年级练习,medium,商品已下架/冻结,80,0.7550904080584753,WATCH,660d0f94f0b53500014280f4,启迪图书智慧书屋的店,2026-06-19 16:58:21,web_detail,,1
6a2100a36f95e7000126038a,【正品代买】华莱士x第五人格联动周边立牌吧唧票根-歌剧演员时装,medium,商品已下架/冻结,64,0.7550904080584753,WATCH,,酱油周边的店,2026-06-19 16:58:21,web_detail,,1
695a5edbd0c58a0001e5fe77,2026众H法考精讲卷真金卷共8科持续更新中电子资料,medium,商品已下架/冻结,489,0.7548469235932352,WATCH,,,2026-06-19 16:58:22,web_detail,,1
69c10a7a180bf400016248c7,2026春小学电子资料（笔记同款13）,medium,商品已下架/冻结,300,0.7548453911723126,WATCH,,,2026-06-19 16:58:22,web_detail,,1
69e6e2f30f549c000108fd30,2026新第五人格10000线索 头像壁纸,medium,商品已下架/冻结,284,0.7548453911723126,WATCH,,,2026-06-19 16:58:22,web_detail,,1
692018614d5c700015a92f82,中国读本China Reader 4辑20册+配套音频（美音&英音&配乐）,medium,商品已下架/冻结,42,0.7548453911723126,WATCH,,,2026-06-19 16:58:22,web_detail,,1
6a074a95328348000166e993,囚于yy 电子版 ppt模版,medium,商品已下架/冻结,75,0.754799660131713,WATCH,69c3d0a21a8a2a00159e1565,朵妮学姐（爱学习）的店,2026-06-19 16:58:22,web_detail,,1
69bf9a65ffa26d0001a590dc,2026年版五年中考三年模拟中考总复习电子版PDF五三全国通用,medium,商品已下架/冻结,141,0.7534800759466445,WATCH,686e16a2409b630015c8b6ec,Teacher的店,2026-06-19 16:58:12,web_detail,,1
6a13f98048f8580001475d04,2026版步步高大一轮高考总复习学生版教师版,medium,商品已下架/冻结,29,0.7534800759466445,WATCH,664f260700444d00011690c9,学习喵星人的店,2026-06-19 16:58:12,web_detail,,1
6a0b52193c8e6e00017832b7,新人小白全套资料包《灿》（少走弯路）拍了注意留意一下短信,medium,商品已下架/冻结,16,0.7527309060286669,WATCH,696b8d43c05c5a001567bf99,媛媛逆袭ing不打烊的店,2026-06-19 16:58:05,web_detail,,1
691203141b78790001af1b79,2026年6月四六级备考资料包持续更新包含全套资料,medium,商品已下架/冻结,274,0.7522475372440763,WATCH,68d21deb439c2a0015b8f668,璐璐学姐u63的店,2026-06-19 16:58:01,web_detail,,1
69f7712e6bdc380001dcc72a,雅思核心8000词高清PDF可打印,medium,商品已下架/冻结,105,0.7522475372440763,WATCH,69a94a867365d90015f4e54a,番茄seven的店,2026-06-19 16:58:01,web_detail,,1
69e1d9eda8edd100014ab2c2,『雨果ID』apple 下载更新独享&共享一次性虚拟工作履历模板,medium,商品已下架/冻结,279,0.7522468250777199,WATCH,69d99b0d7044b8001525957b,雨果丨全区IOS的店,2026-06-19 16:58:01,web_detail,,1
6a211033acfd2d00156e4407,服饰美学摄影参考模板,medium,商品已下架/冻结,39,0.7474877397110679,WATCH,,,2026-06-19 17:07:37,web_detail,,1
69ee0692c4fc820001ac576e,【自动充值】Airplane Chefs飞机大厨充值宝石金币无限燃油礼包,medium,商品已下架/冻结,456,0.7407769550585396,WATCH,688e3d74d4357a00151020d2,未来洞电竞的店,2026-06-19 16:58:02,web_detail,,1
69cb32b5a1221500016f0aa7,峰阅万卷【初中提分笔记】2026版中考预复习知识清单全国通用,medium,商品已下架/冻结,343,0.738681432818613,WATCH,65eed9b40d7eaa000120e1a8,张老师升学笔记的店,2026-06-19 16:58:07,web_detail,,1
69ca3063d4e1ce00013cafb7,rfspro RFS - Real Flight Simulator 真实飞行模拟绘画作品定制,medium,商品已下架/冻结,110,0.738681432818613,WATCH,666fdd07e6926c0001a9edd4,小只yoyo的店,2026-06-19 16:58:07,web_detail,,1
69f2b52d43360b00014dc664,金考典正版题库软件建筑工程财务会计题库,medium,商品已下架/冻结,55,0.738681432818613,WATCH,6794a80402427a0015ccb063,香柚学姐的店,2026-06-19 16:58:07,web_detail,,1
69d965b398fb930001bb071c,新款苹果微信多IOS威信分两个开vx多手机双分身其他服务定制-7,medium,商品已下架/冻结,136,0.7355759894848203,WATCH,68ca914b5927c500158379ca,iOS泡泡定制分身的店,2026-06-19 16:58:13,web_detail,,1
694956d64d11d70001db0f9c,重庆初中语数外物化生地史政月考期中期末真题试卷七龙珠试卷,medium,商品已下架/冻结,1811,0.7350702948728604,WATCH,65bb02155848410001055146,桃李先生资料库的店,2026-06-19 13:06:20,web_full,,1
6a204576a5457000152d8eea,2026年新款复古中国风改良立领印花中式禅意棉麻七分袖衬衫上衣女,medium,商品已下架/冻结,86,0.7295673925272628,WATCH,69d9dfb32d2b9300157b2bca,小红薯53d09rn7的店,2026-06-19 16:58:27,web_detail,,1
682413e0a6875600012048cd,Usborne少年商学院英文版读懂数理化经济金融AI天文哲学11册·YXBB,medium,商品已下架/冻结,670,0.7293074888135789,WATCH,,,2026-06-19 16:58:27,web_detail,,1
68921e5d47d5bd00012b19bb,味数独游戏四六九宫格数独游戏阶梯式训练儿童益智玩具脑力开发,medium,商品已下架/冻结,190,0.714582409389141,WATCH,,,2026-06-19 16:58:19,web_detail,,1
69f75679213e27000194b9f5,重庆小学语文数学英语期中期末真题试卷含答案,medium,商品已下架/冻结,38,0.7143879518315779,WATCH,,,2026-06-19 16:58:19,web_detail,,1
69e9059ac4fc8200012b8e8c,平果APP应用软件更新 下载指导 稳定安全！,medium,商品已下架/冻结,198,0.7143873289424176,WATCH,,,2026-06-19 16:58:19,web_detail,,1
69ddf6a385199a0001f72444,百度网盘群・2027国考省考事业单位资料27考公备考资料，持续更新,medium,商品已下架/冻结,1054,0.7079976821120718,WATCH,69c8b1c755c17a0015d85876,佳佳学姐呀的店,2026-06-19 16:58:03,web_detail,,1
69820dea16b37a0015f72177,ps教程全套零基础自学专业版教程视频自学ps软件入门教程,medium,商品已下架/冻结,104,0.7079976821120718,WATCH,69704b7691a9cf00153f64a6,小福宝资料的店,2026-06-19 16:58:03,web_detail,,1
6a0fdd5efb672a0015b8f30f,嚓枫牌爱心早餐1.0模板 hsj格式 不教使用,medium,商品已下架/冻结,21,0.7079976821120718,WATCH,6853e45e8937a8001520757d,爱薯条精选的店,2026-06-19 16:58:03,web_detail,,1
69ce3c47add7e500012f4c98,2026年6月四六级备考资料包持续更新包含全套资料,medium,商品已下架/冻结,274,0.7079957531207545,WATCH,68d21deb439c2a0015b8f668,璐璐学姐u63的店,2026-06-19 16:58:03,web_detail,,1
6a0e8e4771d8c30001eae0b2,2026小学语文|数学|英语|浙江各地期末试卷精选【PDF高清可打印】,medium,商品已下架/冻结,90,0.7031553014957725,WATCH,,黑马教育资料的店的店,2026-06-19 17:07:57,web_detail,,1
67822d14b7763f0001bddbc5,2026年一级注册建造师教材2026版一建教材,medium,商品已下架/冻结,160,0.6965154809250534,WATCH,,,2026-06-19 17:07:59,web_detail,,1
69a15b4287daa00001a29dc9,2026最新版•智考典正版题库•辅警笔试面试通关题库,medium,商品已下架/冻结,138,0.6944783953673809,WATCH,6932f07f2ca30c00158808d4,贝贝爱学习2026的店,2026-06-19 16:58:04,web_detail,,1
69c9df7c3376f50001546888,【正版现货】荒岛机器人（全3册）R,medium,商品已下架/冻结,756,0.6899669772579071,WATCH,,,2026-06-19 16:58:22,web_detail,,1
69efaf95294caa00013f54c0,大学生寒暑假志愿服务证明模版交给学校通用最新版本丨懂的滴滴,medium,商品已下架/冻结,186,0.6899452049564764,WATCH,6646efc5c7b2730001d97e17,安妮学姐冲冲冲的店,2026-06-19 16:58:23,web_detail,,1
6a06e4673c8e6e00011ef251,2026春初中（五星学霸2）语文数学英语物理,medium,商品已下架/冻结,20,0.6897636750760456,WATCH,,乐学研究所的店,2026-06-19 16:58:23,web_detail,,1
6a03fcd9dd034c0001851c63,麋鹿x偏好体验在线秒发,medium,商品已下架/冻结,46,0.6849844738786797,WATCH,699faa8e4fcaaf0015a77a28,眠眠学姐丶的店,2026-06-19 16:58:13,web_detail,,1
694956d64d11d70001db0f2d,重庆初中语数外物化生地史政月考期中期末真题试卷七龙珠试卷,medium,商品已下架/冻结,1812,0.6849032293383388,WATCH,,桃李先生资料库的店,2026-06-19 13:06:14,web_full,,1
694aa53aa3be010001ec7fe5,2026年深圳市初中数学英语语文物化生地史政月考期中期末真题试卷,medium,商品已下架/冻结,1695,0.6801429100620442,WATCH,65bb02155848410001055146,桃李先生资料库的店,2026-06-19 13:26:00,web_full,,1
67ac36f143e42a0001d105a7,【电子社】无界形塑+梦的诞生+挽云鬓＋重塑的魅力 BJD娃娘读物,medium,商品已下架/冻结,1599,0.6647110334652031,WATCH,648409baac730a0001542786,书纪优选的店,2026-06-19 13:57:47,web_full,,1
6a0e5ed79f495c0001cac174,2026 昭昭 执业临床/执业临床助理医师 笔试/技能/真题百度网盘,medium,商品已下架/冻结,24,0.6637478269800673,WATCH,667e672ae87bc4000181d025,医研精析资料馆的店,2026-06-19 16:58:04,web_detail,,1
69869e04ab9b880001c5fc2a,MBT16型测试 |在线测试 |免费出结果,medium,商品已下架/冻结,20,0.6637478269800673,WATCH,6981d010b311bc0023dc51b6,BoBod的店,2026-06-19 16:58:04,web_detail,,1
67aefc8f9759260001804e2a,天津市中考模拟一模二模三模试卷天津中考历年真题试卷电子版,medium,商品已下架/冻结,246,0.662693471055668,WATCH,65bb02155848410001055146,桃李先生资料库的店,2026-06-19 16:58:12,web_detail,,1
6a0166ac0511b50001d3aa1e,2026上海中考模拟试卷《灿烂在六月》PDF合集,medium,商品已下架/冻结,150,0.662693471055668,WATCH,69b5014d04e5ae0015260fdc,铭记资料库的店,2026-06-19 16:58:12,web_detail,,1
6a087429c897f700013aff89,【笔记同款】 不繁忙 学习PPT 手机 电脑通用,medium,商品已下架/冻结,92,0.6618208674061621,WATCH,691aa771edc7030015deeccf,吃瓜第一线。。的店,2026-06-19 16:58:19,web_detail,,1
6948a4e2040ad40015ad673c,其他·小蜜蜂公仔菜苦鲨bee玩偶布娃娃毛绒玩具男女生生日礼物趣味搞怪,medium,商品已下架/冻结,1118,0.6607060251040856,WATCH,69489b0e5383a40015f58998,是清漪呀～的店,2026-06-19 16:58:27,web_detail,,1
6a0c3c7b8c4641000160e911,王者荣耀重复名定制周边创意个性潮流角色改名,medium,商品已下架/冻结,40,0.6607060251040856,WATCH,,,2026-06-19 16:58:27,web_detail,,1
6a219916c40951000108ed54,个人原创作品合集,medium,商品已下架/冻结,104,0.6604933073846339,WATCH,,,2026-06-19 16:58:27,web_detail,,1
6a0b140188ed2e00011d0b55,2027版高考小题狂做电子版PDF,medium,商品已下架/冻结,63,0.6604933073846339,WATCH,,,2026-06-19 16:58:27,web_detail,,1
69e5bca28c762b0001ec9dd3,2026春小学电子版资料（笔记同款44）,medium,商品已下架/冻结,13,0.6604928616287558,WATCH,68206584ecccb30015b782e0,学术喵自习室课堂的店,2026-06-19 16:58:27,web_detail,,1
6a0ad403e1e13700014056cb,艺术品定制蜡笔小新玩偶斗攒,medium,商品已下架/冻结,2109,0.6583179362136005,WATCH,69f99b484ed4030015979d76,是小鱼自媒体的店,2026-06-19 17:02:48,web_detail,,1
6a1d527c06b18e0001c1b636,个人如何便宜省钱搬家寄德邦顺丰快递物流攻略｜细节总结成PPT模,medium,商品已下架/冻结,123,0.6580874449191279,WATCH,,快递物流张三的店,2026-06-19 17:02:49,web_detail,,1
6a259588a4f48f0001203ad2,学习笔记定制。。。。。。,medium,商品已下架/冻结,71,0.6580661148034224,WATCH,,,2026-06-19 17:02:51,web_detail,,1
6a19a23e9ca72200012b73a5,2026大学英语四六级真题解析听力资料包,medium,商品已下架/冻结,158,0.6580018420517925,WATCH,68f6f0d7aa343c0015f6dcaf,元气充电学姐的店,2026-06-19 17:02:52,web_detail,,1
68d904dbc630ec0001d90fe5,三角洲行动周边刀皮北极星小刀怜悯折刀影锋蝴蝶刀不开刃武器模型,medium,商品已下架/冻结,196,0.6482937648141497,WATCH,67793a6e50f610001511cad9,AGA模玩工坊的店,2026-06-19 16:58:05,web_detail,,1
6a0fb73fe6f879000129650e,【直充秒到】腾讯视频VIP会员周卡-核对正确号码 不支持退款,medium,商品已下架/冻结,35,0.6481798356762222,WATCH,69ae77e003e2c70015a2f0bd,蜂蜂会员助手的店,2026-06-19 16:58:05,web_detail,,1
6a0b08d973fad00001c176a0,2027版步步高大一轮复习学生版教师版,medium,商品已下架/冻结,106,0.6410720348291048,WATCH,69da468f238a3a00157ce42e,乐学研究所的店,2026-06-19 16:58:13,web_detail,,1
682413e0a6875600012048e2,Usborne少年商学院英文版读懂数理化经济金融AI天文哲学11册·YXBB,medium,商品已下架/冻结,671,0.6350125972280916,WATCH,,,2026-06-19 16:58:23,web_detail,,1
69b546654cdf2e000143887f,2026新版万唯中考试题研究  全国各地区专版试题资料！,medium,商品已下架/冻结,305,0.6350125972280916,WATCH,,,2026-06-19 16:58:23,web_detail,,1
694cb9ff6109ef00011f0c64,深度沟通，48小时有效,medium,商品已下架/冻结,178,0.6350125972280916,WATCH,,解忧人-安的店,2026-06-19 16:58:23,web_detail,,1
69cf35f52fb62900015a7463,医学检验技术学习指导与习题集全套10册、人卫十二五规划配套教材,medium,商品已下架/冻结,102,0.6349791487204778,WATCH,68d69bb80cb2df001508173c,医学Ebook的店,2026-06-19 16:58:23,web_detail,,1
694273f5c3604d00153d984e,正版全彩每天10道应用题天天练小学1-6年级数学思维强化训练人教,medium,商品已下架/冻结,848,0.6312173787957698,WATCH,660d0f94f0b53500014280f4,启迪图书智慧书屋的店,2026-06-19 16:58:08,web_detail,,1
69c0eae523faf80001e1dadf,备考2026小学毕业升学考试真题试卷34套六年级语数英电子资料,medium,商品已下架/冻结,144,0.6311008589542876,WATCH,680f1e2cb5fcb90016eaaab8,小初高素材库的店,2026-06-19 16:58:08,web_detail,,1
69fc60d2294caa0001d02f77,27年超格行测申论实战全家桶高照精讲全家桶5月13日开课持续更新,medium,商品已下架/冻结,115,0.6280741654434167,WATCH,68c6b385925d150015d6338c,小锦鲤上岸的店,2026-06-19 17:13:48,web_detail,,1
6a0ecf4de6d02a0001a3e8d2,【沧州中西医结合医院】护理招聘丨考试内容丨回忆参考真题,medium,商品已下架/冻结,12,0.6278278537229589,WATCH,69a0139b44de9f0015b7933d,小护圈的店,2026-06-19 17:13:48,web_detail,,1
6a2174fa6f95e7000100fab8,Dazz复古相机胶片滤镜使用指南素材一键出片绘员【教案课件】,medium,商品已下架/冻结,38,0.6251232352408312,WATCH,,,2026-06-19 16:58:33,web_detail,,1
6a155125ae46040001055868,ppt.PPT/简历/其他模板补差价专拍链接,medium,商品已下架/冻结,60,0.6251218746534768,WATCH,,,2026-06-19 16:58:33,web_detail,,1
6a0b08d973fad00001c17697,2027版步步高大一轮复习学生版教师版,medium,商品已下架/冻结,86,0.6250381354619033,WATCH,69da468f238a3a00157ce42e,乐学研究所的店,2026-06-19 16:58:12,web_detail,,1
69b95605fe4ff5001555a467,万能公式写作 小学1-6年级高分优秀作文技巧指导好词好句素材积累,medium,商品已下架/冻结,55,0.6204664403988353,WATCH,,疆育图书的店,2026-06-19 17:13:51,web_detail,,1
69be9c72180bf4000129fe08,远程处理Adobe弹窗提示win/mac版本,medium,商品已下架/冻结,617,0.6194979718480629,WATCH,6369ba6bf197bd00017a3962,码仔生产力的店,2026-06-19 16:58:05,web_detail,,1
6961c8ae93c7460001ff87c2,2026新版快捷英语时文阅读第30期小学初中高中通用电子版PDF,medium,商品已下架/冻结,432,0.6194979718480629,WATCH,66fa758aa9bf3400163b464c,满分资料铺的店,2026-06-19 16:58:05,web_detail,,1
695a1a9bbfa591000197cd7d,2026年新高考必刷题合订本语文数学物理英语化学高中总复习电子版,medium,商品已下架/冻结,105,0.6194979718480629,WATCH,6607a843aeebf800016e7980,翰林学长的店,2026-06-19 16:58:05,web_detail,,1
6973724e79e41000155ee2df,小学乘法分配律结合律简便计算专项技巧方法习题天天练简便运算,medium,商品已下架/冻结,124,0.6166443109993909,WATCH,64107973d485a10001741e9e,瑭瑭妈妈的店,2026-06-19 16:58:19,web_detail,,1
6a0dbb928bf6590001523a22,【大中华寻宝记】漫画PDF合集,medium,商品已下架/冻结,17,0.6164870875167163,WATCH,695528c613f8ec0015ebd70d,半盏清梦Healer的店,2026-06-19 16:58:19,web_detail,,1
6773a13d286c9f0001b45b6b,厦门初中语文数学英语外物化生地史政月考期中期末真题试卷,medium,商品已下架/冻结,918,0.6093730333106889,WATCH,65bb02155848410001055146,桃李先生资料库的店,2026-06-19 17:13:53,web_detail,,1
69185f31c57d9c0001a4a5e5,2026版金考卷中考45套汇编全国版河南福建安徽辽宁山西河北湖北,medium,商品已下架/冻结,166,0.6035450937912155,WATCH,,,2026-06-19 16:58:27,web_detail,,1
6a0d3750e80a7b0001ffc29b,笔记同款-55组男士审美MAN帅气千禧年力量感时尚流行壁纸,medium,商品已下架/冻结,70,0.6035090745726092,WATCH,69f872344eb2b600151983e6,sun007的店,2026-06-19 16:58:27,web_detail,,1
68a72a18b2925800157fee85,2026新版小学一年级拼音专项训练拼音声调训练看图写拼音强化练习,medium,商品已下架/冻结,240,0.6025348637533835,WATCH,,,2026-06-19 17:13:58,web_detail,,1
69ccab2e2fb6290001fbfa5c,26届校招求职北森测评新题库真题解析在线刷题新版小程序,medium,商品已下架/冻结,100,0.6018817739886587,WATCH,67ca793a4f7ecb0015dbc544,海海学姐的店,2026-06-19 16:58:08,web_detail,,1
6a0c62053c8e6e0001936304,2026金考典题库app一建二建经济师银从初快刷题做题历年真题解锁,medium,商品已下架/冻结,58,0.5914319944557973,WATCH,67961bb0c946220015f953ee,金榜智汇的店,2026-06-19 16:58:12,web_detail,,1
65506d2444a0ce00012b574c,【倪海厦台湾版教材】原版内容无删减天纪易经人纪中医全套,medium,商品已下架/冻结,1968,0.5877659638398743,WATCH,,,2026-06-19 12:25:29,web_full,,1
69fc54fca5715f000110575e,2026吉林专用中考考前冲刺卷电子版,medium,商品已下架/冻结,67,0.5815462834264488,WATCH,,电子资料v的店,2026-06-19 17:02:55,web_detail,,1
6a1fdba619f8df001542a94b,26初级/中级银行从业压题LK+MS+TY,medium,商品已下架/冻结,100,0.5815380859430301,WATCH,,,2026-06-19 17:02:58,web_detail,,1
6a255a543af1890001cd3d68,【新团优惠】光遇多种玩法兴趣乐趣,medium,商品已下架/冻结,83,0.5815380859430301,WATCH,,,2026-06-19 17:02:57,web_detail,,1
69a7a826e33b58000121ac1f,笔记同款全程不加密｜27考研英语柴荣全程班｜赠26全程班,medium,商品已下架/冻结,211,0.5814808279917209,WATCH,689d68fe250b260015db23cc,上岸的学长的店,2026-06-19 17:03:00,web_detail,,1
694aa53aa3be010001ec802a,2026年深圳市初中数学英语语文物化生地史政月考期中期末真题试卷,medium,商品已下架/冻结,1695,0.579750384151487,WATCH,,,2026-06-19 13:26:00,web_full,,1
6a0c184b4d102c00011fc15b,原创Q版手绘头像定制卡通形象动漫画人物绘画师约稿代画头像设计,medium,商品已下架/冻结,85,0.5752485716215789,WATCH,6926a2cdec9d9a001545f337,这是一家手绘的店,2026-06-19 16:58:08,web_detail,,1
69e909c3faf002000167ff2f,实体书 许铨仁著紫微斗数命学正解  简体高清版 帮主整理  254页,medium,商品已下架/冻结,67,0.5744184763524264,WATCH,699f1f41fc7dd200157a8efe,三味书屋的店,2026-06-19 16:58:01,web_detail,,1
69f8543ff888bb0001fb3d1e,【自动充值】Airplane Chefs飞机大厨充值宝石金币无限燃油礼包,medium,商品已下架/冻结,58,0.5682182667328107,WATCH,67fd32345db7d30015f9a5e4,即刻电竞娱乐的店,2026-06-19 16:58:14,web_detail,,1
6a16dccbf9c57a0001b748bd,视频同款正版玩偶,medium,商品已下架/冻结,1007,0.5663219097994105,WATCH,,,2026-06-19 16:58:34,web_detail,,1
6a04705937884400016ef903,【正品代买】第五人格x柠檬茶旺仔联动徽章周边,medium,商品已下架/冻结,84,0.5663219097994105,WATCH,,,2026-06-19 16:58:34,web_detail,,1
69fb4a8bc61d3a000137bbb0,新款苹果微信多IOS威信分两个开vx多手机双分身tf定制-6,medium,商品已下架/冻结,19,0.5663219097994105,WATCH,,,2026-06-19 16:58:34,web_detail,,1
6a1eefd5421f8e00015ca1a7,正版·全120册幼儿英语分级绘本幼儿园英语3-6岁幼儿启蒙英语绘本,medium,商品已下架/冻结,17,0.5663219097994105,WATCH,,,2026-06-19 16:58:34,web_detail,,1
6a1e7791964c0f0015c29465,【免税店直发】香水大集合  自我无界玉龙茶香男女式香水持久木,medium,商品已下架/冻结,11,0.5663219097994105,WATCH,,,2026-06-19 16:58:34,web_detail,,1
69c5f75eca64b30001acedb4,大疆Pocket3口袋云台相机高清防抖迷你摄像机便携Vlog设备,medium,商品已下架/冻结,22,0.5662987491599338,WATCH,69be2a868f948d0015e4d09f,小红薯k674w4sm的店,2026-06-19 16:58:34,web_detail,,1
691f0901f2c0f50001744c93,2026春高中必刷题电子版PDF语数英理化生政史地选择性必修123,medium,商品已下架/冻结,204,0.5661434467210307,WATCH,,学霸智慧园的店,2026-06-19 16:58:34,web_detail,,1
69426a86de03f4000179e02d,小学数学专项训练口算竖式脱式应用题四合一1-6年级专项练,medium,商品已下架/冻结,186,0.5661391670153413,WATCH,,,2026-06-19 16:58:35,web_detail,,1
68591ccda066020001ff3217,26新一二三四五六年级小学语文数学英语15天期末考前冲刺卷,medium,商品已下架/冻结,36,0.5661391670153413,WATCH,,格瑞特教辅的店,2026-06-19 16:58:35,web_detail,,1
6773a13d286c9f0001b45bb6,厦门初中语文数学英语外物化生地史政月考期中期末真题试卷,medium,商品已下架/冻结,911,0.5661388140667007,WATCH,,,2026-06-19 16:58:35,web_detail,,1
69d5b536953e440001908210,笔记同款70笔记同款资料,medium,商品已下架/冻结,107,0.5661388140667007,WATCH,,,2026-06-19 16:58:35,web_detail,,1
68d3ce2f8aa5760001e58005,2026中学JC全解全析高一高二必修一二三四选修一二三四,medium,商品已下架/冻结,57,0.5661388140667007,WATCH,,优+的店,2026-06-19 16:58:35,web_detail,,1
68591ccda066020001ff31ea,26新一二三四五六年级小学语文数学英语15天期末考前冲刺卷,medium,商品已下架/冻结,36,0.5661388140667007,WATCH,,格瑞特教辅的店,2026-06-19 16:58:35,web_detail,,1
69d5bb2362c5c00015377b96,内科外科妇产儿科基础护理学第七版实践与指导电子版PDF题库素材,medium,商品已下架/冻结,83,0.5661361491149801,WATCH,69cf38190dc0e500157e2d66,青稞老师的店,2026-06-19 17:13:58,web_detail,,1
69faf81b213e270001e9861d,跨省搬家摄影作品,medium,商品已下架/冻结,149,0.5661007539020048,WATCH,69f02ffe4eb2b60015197e2e,大件便宜寄的店,2026-06-19 16:58:35,web_detail,,1
690772a22fdb7c00019f31ef,编号8:剑桥英语FCE语用精选练习400题（语用满分必备）,medium,商品已下架/冻结,144,0.5659437579932528,WATCH,,,2026-06-19 17:08:08,web_detail,,1
69ee492afaf0020001eca5f3,【秒发】2026初中必刷题+狂K重点,medium,商品已下架/冻结,132,0.5654936023445253,WATCH,6986a4028537ea001594242d,拾知分享的店,2026-06-19 16:57:58,web_detail,,1
65d5c005dc1e040001a510da,原版人民日报出生当天生日报纸送5060 70 80 90 00后创意生日礼物,medium,商品已下架/冻结,469,0.5639980680251663,WATCH,,幸福里礼品的店,2026-06-19 17:14:00,web_detail,,1
6a0a91613eb97c000159f689,【直播编号261】面部美容仪奇迹S，拆封放了个觅光凝胶（送）,medium,商品已下架/冻结,277,0.5557888745462646,WATCH,,,2026-06-19 16:58:28,web_detail,,1
69609c22b113e40015c4a19d,ins香蕉抱枕可爱玩偶日式舒柔抱枕创意香蕉状长条枕床头靠枕,medium,商品已下架/冻结,231,0.5557888745462646,WATCH,,我乃天之饺子的店,2026-06-19 16:58:28,web_detail,,1
69e4f602ff34a50001ba0ced,类比推理千题册7.0（2027年版）,medium,商品已下架/冻结,145,0.555638091171413,WATCH,,,2026-06-19 16:58:28,web_detail,,1
67822d14b7763f0001bddb95,2026年一级注册建造师教材2026版一建教材,medium,商品已下架/冻结,142,0.555638091171413,WATCH,,,2026-06-19 16:58:28,web_detail,,1
6a031aeb64eb4100015b89da,2026中级会计师轻一轻二轻三轻四应试指南必刷550题资料电子版PDF,medium,商品已下架/冻结,42,0.555638091171413,WATCH,,,2026-06-19 16:58:28,web_detail,,1
6703870db3c3990001645e07,圆圆的日本就职笔记—拿下4家大手内定的经验全记录,medium,商品已下架/冻结,1255,0.5556070862249515,WATCH,63ada2e84ee9db000146c4b9,圆圆吃遍地球的店,2026-06-19 16:58:28,web_detail,,1
6a198e9506b18e00016b1fd7,豌豆 笔记同款13个课件资源,medium,商品已下架/冻结,93,0.5556070862249515,WATCH,69c2828c337315001578547d,妩哩嘞的店,2026-06-19 16:58:28,web_detail,,1
69fd80ec81bc010001a1a2f2,护理学精神科实践学习指导资料PDF电子版,medium,商品已下架/冻结,69,0.5556070862249515,WATCH,68ca679eec61bf0015c5306c,小蒋同学的资料库的店,2026-06-19 16:58:28,web_detail,,1
69c6457eca64b30001bec08f,零基础新人线上摆摊运营电子手册,medium,商品已下架/冻结,62,0.5556070862249515,WATCH,69412bf327db910015227901,日日2sw的店,2026-06-19 16:58:28,web_detail,,1
6a151c7fcfd67c00017a02fa,2026春浙江各地期末试卷精选语文数学英语,medium,商品已下架/冻结,54,0.5479885222370812,WATCH,664f260700444d00011690c9,学习喵星人的店,2026-06-19 16:58:23,web_detail,,1
69de7434caa21f0001e812c6,2026春云南真题圈3-8年级初中PDF-垫子版,medium,商品已下架/冻结,44,0.5479885222370812,WATCH,687df154fe28990015d44778,逆袭の提分室的店,2026-06-19 16:58:23,web_detail,,1
6a16c0fe1e0ae50001d594c5,26证券从业LK+LC+MS压题密训班,medium,商品已下架/冻结,18,0.5479885222370812,WATCH,68b055227c20be00156c537c,小七要上岸呀的店,2026-06-19 16:58:23,web_detail,,1
6a18e092818cb80001dfe207,三角洲 AW子弹 撞车 包赔 |   游戏道具高清素材图片游戏周边壁纸,medium,商品已下架/冻结,15,0.5423279850686478,WATCH,69c3df3deabdba00153e50d7,长陵（三角洲全业务）的店,2026-06-19 16:58:19,web_detail,,1
69d76e3ec4ccd90001636ad0,雅思听力真题精选持续更新,medium,商品已下架/冻结,329,0.5357307811684976,WATCH,69c3489040e45c001549f990,西呱大王的店,2026-06-19 16:58:00,web_detail,,1
696cb9fe8b93420001d7d7bd,原版纸质书写意山水花鸟技法正版旧书老版本画册图谱绘画参考资料,medium,商品已下架/冻结,49,0.5341070128271899,WATCH,65d2b92d55af440001ecfb75,存真堂的店,2026-06-19 16:58:12,web_detail,,1
69f75679213e27000194b9d4,重庆小学语文数学英语期中期末真题试卷含答案,medium,商品已下架/冻结,67,0.5332492698874728,WATCH,65bb02155848410001055146,桃李先生资料库的店,2026-06-19 17:14:48,web_detail,,1
69f86c51f888bb0001fec361,2026春小学同步阅读同款资料1-6年级电子版,medium,商品已下架/冻结,400,0.530998681496842,WATCH,686e16a2409b630015c8b6ec,Teacher的店,2026-06-19 16:58:09,web_detail,,1
6a05e26864eb410001a1104e,26注会了之真题演练三色笔记|会计+税法+财管全套PDF电子版,medium,商品已下架/冻结,29,0.5223338144101406,WATCH,6936c9fba9e7af0015be7ec7,Huihuigo,2026-06-19 17:15:03,web_detail,,1
65e677865f946000013b98e0,金麟世家·【正版书籍】逆转思维成人逻辑思维训练人际交往成功励志心理学,medium,商品已下架/冻结,1346,0.5211255009965371,WATCH,6522342c7fa15200013b6ea5,金麟世家世净专卖店,2026-06-19 17:03:03,web_detail,,1
6a14461e69ff6a0001b61b7f,月色源定制绘画设计,medium,商品已下架/冻结,29,0.5209478794094587,WATCH,,,2026-06-19 17:03:14,web_detail,,1
69f4825f7894410001c52341,【直播专享159】黑魔杖口红887，23.2批,medium,商品已下架/冻结,135,0.5174796906029197,WATCH,,黄早早超会买～的店,2026-06-19 16:58:35,web_detail,,1
69eac818be1ced0015089540,新款灰色软萌猫咪ai毛绒玩具挂件 治愈系书包玩偶挂饰 送闺蜜礼物,medium,商品已下架/冻结,83,0.5174796906029197,WATCH,,是清漪呀～的店,2026-06-19 16:58:35,web_detail,,1
6a0587baa013060001e43f41,2026最新 四六级 全程班/保命班 视频课＋讲义 实时更新,medium,商品已下架/冻结,11,0.5173296483527926,WATCH,,,2026-06-19 16:58:35,web_detail,,1
6a11077fe6f879000149edd7,攀岩技术全图解：大开本全彩插图 攀岩新手入门基础 老手进阶指南,medium,商品已下架/冻结,12,0.5173260748349459,WATCH,,,2026-06-19 16:58:35,web_detail,,1
6a0749b304b18d00012bce5f,洄t 电子版 ppt模版,medium,商品已下架/冻结,27,0.5147767258392963,WATCH,69c3d0a21a8a2a00159e1565,朵妮学姐（爱学习）的店,2026-06-19 16:58:28,web_detail,,1
69d865cc953e44000100ff13,笔记同款2………¥,medium,商品已下架/冻结,24,0.5092858778848101,WATCH,69b7b3336d6c0f0015a55441,猪妈妈的漫画店的店,2026-06-19 16:58:12,web_detail,,1
69b7ac8fa01d4300011d22cc,沪科技版初中物理初二三89年级电子本教科课书无水印高清新版PDF,medium,商品已下架/冻结,90,0.505967354954501,WATCH,6915517e27d04f00159570f5,成语小全的店,2026-06-19 16:58:01,web_detail,,1
6a0c13bfa1a66400013348f8,动漫情侣互动游戏真心话大冒险‖安卓可拍,medium,商品已下架/冻结,41,0.48683070490875846,WATCH,65e53be89fad5000018a0022,一站式资料库的店,2026-06-19 16:58:12,web_detail,,1
69c1f7fed95b5a0001fb2cd4,跨境电商电子资源课件【跨境1V1指导+入门资料包】,medium,商品已下架/冻结,754,0.4867499787712701,WATCH,680c8fb7cdd1cb001567f3a0,左左爱搞钱的店,2026-06-19 16:58:12,web_detail,,1
69e8625021e0870001ac337d,【24小时发货】立体拼豆图纸jpg电子版素材动漫卡通豆子拼装图片,medium,商品已下架/冻结,18,0.4867499787712701,WATCH,69d638e2440db7001527d9d3,宇辰精选,2026-06-19 16:58:12,web_detail,,1
69fb1d5643360b0001141873,【草D大人】笔记同款19个课件资源,medium,商品已下架/冻结,122,0.4854634984392514,WATCH,69018bad3a4c83001540f0b0,书间拾趣的店,2026-06-19 16:58:14,web_detail,,1
69b95605fe4ff5001555a469,万能公式写作 小学1-6年级高分优秀作文技巧指导好词好句素材积累,medium,商品已下架/冻结,46,0.4854634984392514,WATCH,6543424df616ed000143f3b7,疆育图书的店,2026-06-19 16:58:14,web_detail,,1
694158f86109ef00019198ba,ppt·【秒发】红色故事PPT：人物演讲模板20页含演讲稿,medium,商品已下架/冻结,203,0.4839178820770921,WATCH,67b6ca7e6d87470015dcef16,小小呗PPT原创课件的店,2026-06-19 16:58:20,web_detail,,1
69143bbe43699b00019f3f9c,入团志愿书(2025版),medium,商品已下架/冻结,139,0.4839009925958798,WATCH,6905839134288f0015a52221,曾曾。的店,2026-06-19 16:58:20,web_detail,,1
6a0b57b8d4cee9000157535d,小红薯新人小白全套资料包《美》（少走弯路）拍了的留意下短信,medium,商品已下架/冻结,29,0.4839009925958798,WATCH,69c7e91c3a3f0100155a7dd7,媛媛slowlife的店,2026-06-19 16:58:20,web_detail,,1
69ddf15e933b0300010d45bb,2026美加墨世界杯主题场景布置酒吧活动氛围幸运大转盘点球大战,medium,商品已下架/冻结,9,0.4819612182904407,WATCH,658d50be9c3f2f0001a7e7cc,达菲派对的店,2026-06-19 16:58:23,web_detail,,1
6a0166ac0511b50001d3aa27,2026上海中考模拟试卷《灿烂在六月》PDF合集,medium,商品已下架/冻结,149,0.4794901873798484,WATCH,69b5014d04e5ae0015260fdc,铭记资料库的店,2026-06-19 16:58:28,web_detail,,1
686cf8167aa7a100011ec53e,0基础做虚拟赛道摆摊起号,medium,商品已下架/冻结,34,0.4794901873798484,WATCH,6567013d7b366c0001c0383a,日日在创业的店,2026-06-19 16:58:28,web_detail,,1
6a0e986e5566b000012882d2,2026春版小学MJP单元卷语文数学英语科学下册,medium,商品已下架/冻结,22,0.4794901873798484,WATCH,684916dbcdee0b0015997241,林妙妙的资料铺的店,2026-06-19 16:58:29,web_detail,,1
69c543c8c675dc000160c6b2,每日打卡幼小衔接拼音数字汉字笔画描红点阵版控笔训练幼儿园启蒙,medium,商品已下架/冻结,116,0.4763924539871166,WATCH,,,2026-06-19 16:58:43,web_detail,,1
6773a13d286c9f0001b45b65,厦门初中语文数学英语外物化生地史政月考期中期末真题试卷,medium,商品已下架/冻结,911,0.47626528925098377,WATCH,,桃李先生资料库的店,2026-06-19 16:58:45,web_detail,,1
69cbe7befcd43f0001c0b0e0,26年新老信息差保研考研评析推荐（自动发）,medium,商品已下架/冻结,21,0.47626528925098377,WATCH,,,2026-06-19 16:58:44,web_detail,,1
68b253838f53130001981bcc,你当像鸟飞往你的山中文版 杀死一只知更鸟比尔·盖茨年度特别推荐,medium,商品已下架/冻结,1299,0.4762622605296428,WATCH,,,2026-06-19 16:58:49,web_detail,,1
6a0eedf088ed2e00011b93b4,API次数卡7元100次 稳定满血支持PPT教程简历模板小手机办公问答,medium,商品已下架/冻结,150,0.47623507548061916,WATCH,6803adf931ebc100150017d5,AIGC妙妙屋的店,2026-06-19 16:59:15,web_detail,,1
69e1ef9c115358001500205b,2026春新版初中电子资料（笔记同款B8）,medium,商品已下架/冻结,25,0.47623507548061916,WATCH,68218f8023029100157066a8,博学资料库的店,2026-06-19 16:59:16,web_detail,,1
69f56d9464eb410001723f98,自研韩语精选语料库/直播间同款学习课件,medium,商品已下架/冻结,79,0.4762054420502964,WATCH,69dfbdb72eb28700155dd9ec,啵啵韩语屋的店,2026-06-19 16:58:03,web_detail,,1
6a2147bdb33729000156fe20,透气速干防晒衣运动外套女修身显瘦百搭休闲上衣皮肤衣帽子可收纳,medium,商品已下架/冻结,679,0.47193831721227925,WATCH,,,2026-06-19 17:03:20,web_detail,,1
69345b9c6bc986000192f6e7,儿童1-3岁滑行车防侧翻多功能宝宝助步器平衡车摇摆车玩具带音乐,medium,商品已下架/冻结,306,0.47193831721227925,WATCH,,,2026-06-19 17:03:19,web_detail,,1
69f05ba3d4c111000182932d,班级宠物积分管理系统班级宠物屋 幼儿园小初高网页版正版教师端,medium,商品已下架/冻结,268,0.47193831721227925,WATCH,,咕噜咕噜鱼er的店,2026-06-19 17:03:18,web_detail,,1
68d24369ba5a830015864321,宝宝涂色画本入门2-3456岁幼儿园填色本绘画启蒙小孩儿童学画画书,medium,商品已下架/冻结,218,0.4719377424969568,WATCH,,,2026-06-19 17:03:22,web_detail,,1
69c9fb1bc0b07900153d9e6d,2026新版小学数学专项训练口算竖式脱式应用题四合一1-6年级练习,medium,商品已下架/冻结,77,0.4717974597316553,WATCH,,启迪图书智慧书屋的店,2026-06-19 17:03:29,web_detail,,1
6a1eaebe18376c0001a4936c,自动发货-个人专区游戏ID手绘壁纸人物头像设计专属app图标,medium,商品已下架/冻结,28,0.4717974597316553,WATCH,,美国苹果应用ID全区自助发货的店,2026-06-19 17:03:29,web_detail,,1
69b79b983eb248000117271d,有间·三联少年新知杂志年刊专题刊,medium,商品已下架/冻结,1296,0.47179716888440004,WATCH,,,2026-06-19 17:03:31,web_detail,,1
69ecdaf6156029000104806c,26护理考编医疗招聘考编刷题全家桶|卫人の粉笔の铭医の谢老师の,medium,商品已下架/冻结,140,0.47179716888440004,WATCH,,,2026-06-19 17:03:30,web_detail,,1
69cf0706add7e5000149e270,优化 流量 互动服务 视频摄影 作品,medium,商品已下架/冻结,71,0.47179716888440004,WATCH,,菲洛嘉epv的店,2026-06-19 17:03:30,web_detail,,1
6a145e0161fef90001f55727,2026春小升初全科《小升初提优试卷》（PDF高清电子版）,medium,商品已下架/冻结,31,0.47179716888440004,WATCH,,,2026-06-19 17:03:34,web_detail,,1
6898a71a0e13d50001b98c84,【全新正品】5G全网通智能电话手表插卡微q刷抖音打字聊天学生,medium,商品已下架/冻结,645,0.47179688700714867,WATCH,,腕百科严选数码的店,2026-06-19 17:03:37,web_detail,,1
6a16792cae460400011f0ff9,26护理考编医疗招聘考编刷题全家桶|卫人の粉笔の铭医の谢老师の,medium,商品已下架/冻结,140,0.47179688700714867,WATCH,,,2026-06-19 17:03:39,web_detail,,1
6a0a87ee3c8e6e000176a892,小学语数英《期末试卷系列》1-6年级下册（PDF电子版）,medium,商品已下架/冻结,72,0.47179688700714867,WATCH,,,2026-06-19 17:03:40,web_detail,,1
68591ccda066020001ff321a,26新一二三四五六年级小学语文数学英语15天期末考前冲刺卷,medium,商品已下架/冻结,35,0.47179688700714867,WATCH,,格瑞特教辅的店,2026-06-19 17:03:47,web_detail,,1
6a1ed2926775ae0001f114c8,2026春电子资料（笔记同款28）,medium,商品已下架/冻结,33,0.47179688700714867,WATCH,,,2026-06-19 17:03:38,web_detail,,1
69db309c130dde0001bd6f5f,中小学高中ai赋能课件，数字人制作教程+工具使用,medium,商品已下架/冻结,156,0.47175437756226984,WATCH,685aaf201e97780015493cce,资料大全呀的店,2026-06-19 17:03:50,web_detail,,1
69b3bf67ab6d1e00019b2d9b,seedance2.0无上限图生视频教程,medium,商品已下架/冻结,325,0.471753169383087,WATCH,685aaf201e97780015493cce,资料大全呀的店,2026-06-19 17:04:16,web_detail,,1
69fd1c640283e200014066ce,2026版WW中考H253时事热点考前预测（地理+生物）,medium,商品已下架/冻结,74,0.471753169383087,WATCH,686f8f99dd056e0015113770,小新学习站的店,2026-06-19 17:04:17,web_detail,,1
694ea6596fadb7000140f987,北京初中语文数学英语物理化学生生物地史政月考期中期末真题试卷,medium,商品已下架/冻结,1688,0.47042179900856,WATCH,,,2026-06-19 13:27:26,web_full,,1
6a16863148fd3d000180e464,【作品鉴赏】承泽之都；笔记展示为准,medium,商品已下架/冻结,56,0.46524042806224486,WATCH,,mibiy🍀小法师的店,2026-06-19 17:08:21,web_detail,,1
6a1fdba619f8df001542a95f,26初级/中级银行从业压题LK+MS+TY,medium,商品已下架/冻结,99,0.46523848767828285,WATCH,,,2026-06-19 17:08:27,web_detail,,1
6a17b4a148fd3d0001a97b61,2026春河北各地期末试卷精选语文数学英语123456年级下册期末卷,medium,商品已下架/冻结,54,0.46523848767828285,WATCH,,,2026-06-19 17:08:25,web_detail,,1
6a1c30cbf2340f0001f0421e,备考2026深圳小升初语文数学英语真题试卷含答案,medium,商品已下架/冻结,19,0.46523848767828285,WATCH,,,2026-06-19 17:08:27,web_detail,,1
694d49e7c43df90001d15847,2026学士学位英语考试app题库刷题软件考前点题精讲电子资料,medium,商品已下架/冻结,50,0.46518945594806116,WATCH,690054e3bbdb5900158fe55c,晨晓学姐的店,2026-06-19 17:08:30,web_detail,,1
6a009348273c7d0001d9f7bf,【沉浸式阅读·高效记忆】100个霸总爽文带背雅思9400词,medium,商品已下架/冻结,41,0.4651846623933767,WATCH,6443f6f609cecd00010136ec,小猪碎着了的店,2026-06-19 17:08:31,web_detail,,1
682b440cb75907000129e09a,27考研数学张宇基础30讲,medium,商品已下架/冻结,252,0.4630012372783971,WATCH,68184caa29f9620015cee04c,莓莓星冰乐的熊的店,2026-06-19 16:58:14,web_detail,,1
69eae9de39916f00011247ed,plus5.5            办公软件提升效率工具新老客户专拍,medium,商品已下架/冻结,27,0.46298716171346366,WATCH,691ad5ab894c210015d0f314,plus充值的店,2026-06-19 16:58:14,web_detail,,1
69df442298fb930001fe891f,2026下高中语文教资笔试科一科二科三重点背诵笔记资料包,medium,商品已下架/冻结,141,0.4545754435939162,WATCH,6718a7a5b2a24d001522eba1,晚晚爱学习的店,2026-06-19 16:58:24,web_detail,,1
69ce3a5dc6fcf500014b5d8d,2026春0011自学题目PDF,medium,商品已下架/冻结,86,0.4545754435939162,WATCH,69cbeea9074a34001538afde,锦学资源的店,2026-06-19 16:58:24,web_detail,,1
69e7038a39916f0001f75c0b,9000+张实况摄影作品壁纸实拍1080P永久可用,medium,商品已下架/冻结,48,0.4545754435939162,WATCH,68f3893f8d29ab0015ce2ee6,汉堡贝贝的店,2026-06-19 16:58:23,web_detail,,1
69869659e047060001fbba6b,三角洲戳戳乐盲盒三角洲周边包装箱,medium,商品已下架/冻结,1040,0.4425733680988713,WATCH,691a7fde617c250015099cfc,纸箱包装礼盒包装周先生的店,2026-06-19 16:58:14,web_detail,,1
6825e4874ba3f00001683f51,备考2026中级会计精讲课+题库+笔记+口诀+母题+考点+真题,medium,商品已下架/冻结,1193,0.4424999807011546,WATCH,67a076a8f6068d00159dd49d,大王的店,2026-06-19 16:58:15,web_detail,,1
6a0c1746a1a664000133f4c6,情侣卡通形象设计Q版手绘头像定制漫画人物绘画真人照片动漫画像,medium,商品已下架/冻结,176,0.4424999807011546,WATCH,6926a2cdec9d9a001545f337,这是一家手绘的店,2026-06-19 16:58:15,web_detail,,1
69f8612164eb410001b7f5fe,【传统】中国上乘内功（电子资源）PDF版本,medium,商品已下架/冻结,71,0.4424999807011546,WATCH,69297208a7108d00159319f2,一梦归故里,2026-06-19 16:58:15,web_detail,,1
69b060afac2e1900011fca25,追剧必备抓紧错过就没，,medium,商品已下架/冻结,63,0.4424999807011546,WATCH,69b03924484e2b00154cf87c,時光不過是一道浮光rk8的店,2026-06-19 16:58:15,web_detail,,1
69e1d4bfca7f7f00017a2398,『雨果ID』apple商城下载更新独享&共享一次性虚拟经验汇编模板,medium,商品已下架/冻结,57,0.4424999807011546,WATCH,69d99b0d7044b8001525957b,雨果丨全区IOS的店,2026-06-19 16:58:15,web_detail,,1
6a084cb99cd553000129c8b9,35个小说故事背高中单词 | 看爽文无痛背单词网页 可导出PDF打印,medium,商品已下架/冻结,34,0.4424999807011546,WATCH,67ac87215cdf2d0015dff848,痞同学的店,2026-06-19 16:58:15,web_detail,,1
6a0abec167d5950001f63748,2026中考复习卷子电子版（百度网盘发货）,medium,商品已下架/冻结,27,0.4424999807011546,WATCH,6968e40b5f6798001549706d,谦万老师（进店铺咨询）的店,2026-06-19 16:58:15,web_detail,,1
69b2a1697c9c8f00014a4283,26春最新版二年级下册语文电子课本电子书电子版新教材,medium,商品已下架/冻结,52,0.44249734570047156,WATCH,69aa31a9bfe814001556db5d,彩虹智慧库的店,2026-06-19 16:58:15,web_detail,,1
698c09f178d8d50001b43dd6,现货立发 签名版作品「 Tokyo Nomadism」（东京游牧记）,medium,商品已下架/冻结,49,0.43699664685860984,WATCH,643291986d06a200010fa866,长路书店的店,2026-06-19 16:58:20,web_detail,,1
69cf0706add7e5000149e28b,优化 流量 互动服务 视频摄影 作品,medium,商品已下架/冻结,71,0.4311174373720267,WATCH,,,2026-06-19 17:04:27,web_detail,,1
69185f31c57d9c0001a4a633,2026版金考卷中考45套汇编全国版河南福建安徽辽宁山西河北湖北,medium,商品已下架/冻结,165,0.4311171945181869,WATCH,,,2026-06-19 17:04:41,web_detail,,1
69dbcf17fe4ff500156bb636,东奥2026初级中级会计税务师注册会计师CPA注会职称网课视频课程,medium,商品已下架/冻结,60,0.4311171945181869,WATCH,,,2026-06-19 17:04:40,web_detail,,1
6a1bec6f42db800001ee7550,26+27中级会计多机构网课｜讲义｜资料｜持续更新｜附赠25全套,medium,商品已下架/冻结,103,0.4310804551845993,WATCH,69ce5a79400b7a0015b3f161,努力上岸452的店,2026-06-19 17:04:43,web_detail,,1
69f349d80511b500012c6698,某华解说三部曲 夸克网盘秒发 个人形象,medium,商品已下架/冻结,70,0.43034326250690474,WATCH,69c24d026eec7200150020b2,钟意文创的店,2026-06-19 17:23:52,web_detail,,1
699e914583f25d000111b4cb,人教版初中化学初三9年级新版上下册书教科课件本电子打印高清PDF,medium,商品已下架/冻结,266,0.4301343778896439,WATCH,6915517e27d04f00159570f5,成语小全的店,2026-06-19 16:58:24,web_detail,,1
69ae1ec2dd2f44000147f0f5,2026春人教版七年级道法下册《初中上分卷》单元卷专项卷期末卷,medium,商品已下架/冻结,104,0.4301343778896439,WATCH,64f3e50fc0583a000131d141,小锦资料库的店,2026-06-19 16:58:24,web_detail,,1
68d254fb3f37a9000126dae7,科研PPT模板学术汇报项目组会论文献答辩研究生开题报告人才申报,medium,商品已下架/冻结,734,0.4286369165795814,WATCH,685eb14d642906001542902e,拾光云集铺的店,2026-06-19 17:23:54,web_detail,,1
6756bc316e529e0001ec8260,合肥市初中语文数学英语外物化生地史政月考期中期末真题试卷,medium,商品已下架/冻结,831,0.4220257022295587,WATCH,65bb02155848410001055146,桃李先生资料库的店,2026-06-19 17:15:18,web_detail,,1
691581cfc57d9c000189a9d9,南少电商（资料大礼包）+1v1咨询）拍下注意看短信,medium,商品已下架/冻结,1339,0.4217164349913866,WATCH,68e2077b5c4e5d001514a0dc,南少电商「跨境出海」的店,2026-06-19 16:58:29,web_detail,,1
69ede26c9dea2d0001ce90a2,备考2026青岛小升初语文数学英语真题试卷含答案,medium,商品已下架/冻结,168,0.4185933896691814,WATCH,65bb02155848410001055146,桃李先生资料库的店,2026-06-19 17:24:29,web_detail,,1
66b072dd6f9b2a00014b4fea,【小学必备】小学生数学提升加减法口诀表银行卡材质多功能直尺卡,medium,商品已下架/冻结,929,0.4175777548730064,WATCH,,,2026-06-19 17:15:22,web_detail,,1
69f35e390283e200016671e1,现代言情古风仙侠漫画封面定制海报24小时出,medium,商品已下架/冻结,163,0.4167647385124868,WATCH,,,2026-06-19 17:08:41,web_detail,,1
6a1fed7b82f56100154fbc8e,优质模板全新马车小羊小蓝帽天火麒麟凤闪电阿存法莉塔百变羽翼,medium,商品已下架/冻结,15,0.4167647385124868,WATCH,,,2026-06-19 17:08:41,web_detail,,1
69db55bc8bd1990001c9870e,26高中数学教资面试全套资料课件市面逐字稿+试讲视频+结构化资料,medium,商品已下架/冻结,872,0.41667899819782434,WATCH,6974c1750919730015a2d21b,Puff甜甜的店,2026-06-19 16:58:06,web_detail,,1
651e41b773393a0001a305c9,颜体楷书入门教程 楷书规范教程 视频版,medium,商品已下架/冻结,523,0.41610912273438916,WATCH,,书画不分家的店,2026-06-19 17:24:31,web_detail,,1
69dbcf17fe4ff500156bb630,东奥2026初级中级会计税务师注册会计师CPA注会职称网课视频课程,medium,商品已下架/冻结,59,0.4109925353471896,WATCH,69be734bc46203001560baa7,财福素材的店,2026-06-19 16:59:19,web_detail,,1
69d9cd89cfc37500018c4743,请求权基础合集，共6本pdf,medium,商品已下架/冻结,22,0.41099212090664694,WATCH,6952158b68c5d50015c0488b,闲时阅书📖【自动发货】的店,2026-06-19 16:59:22,web_detail,,1
6a1190d9cfd67c00012065f1,渡阳气/风歌且行/完整61/其他模板,medium,商品已下架/冻结,16,0.41099212090664694,WATCH,69cdf1f54d44c60015329ff9,栀子花开萌萌的店,2026-06-19 16:59:23,web_detail,,1
69ad7430970f000001fbe3ae,常州市初一初二初三数学英语文物化生地史政月考期中期末真题试卷,medium,商品已下架/冻结,244,0.4065708372211008,WATCH,,桃李先生资料库的店,2026-06-19 17:24:35,web_detail,,1
67822d14b7763f0001bddbad,2026年一级注册建造师教材2026版一建教材,medium,商品已下架/冻结,158,0.40200558416599164,WATCH,,,2026-06-19 17:24:42,web_detail,,1
69e5c1eaa8edd10001b9647e,26春小学笔记同款15天期末考试冲刺卷考试卷辅导,medium,商品已下架/冻结,72,0.3987861419680429,WATCH,688ca10e4be99c0015dcc5ff,邹邹-的店,2026-06-19 16:58:08,web_detail,,1
696641eb01cb1a00012f6ab8,《恋综模拟器：单身即地狱 · 导演剪辑版》AI文游文字冒险游戏,medium,商品已下架/冻结,41,0.3983160312889842,WATCH,683aefb39ac6560015451ecd,晓晓的AI铺子的店,2026-06-19 16:58:20,web_detail,,1
69dc767f46d60b0001d613de,2026年5-8月雅思口语保留题题库答案（实时更新）,medium,商品已下架/冻结,740,0.3982504254138769,WATCH,69a94a867365d90015f4e54a,番茄seven的店,2026-06-19 16:58:20,web_detail,,1
68b9092da303300001eae1f7,2026武小唐中级经济师经济基础题库班,medium,商品已下架/冻结,106,0.3982504254138769,WATCH,667d70ea4d44b6000116ed7f,经济师课堂的店,2026-06-19 16:58:20,web_detail,,1
69ef027a1560290001379121,卡通六一儿童节活动美陈设计素材 学校派对布置kt背景板堆头物料,medium,商品已下架/冻结,26,0.3982504254138769,WATCH,697720cba64ce7001555cebc,暖暖阳光素材的店,2026-06-19 16:58:20,web_detail,,1
699d63a842ce000001ccaa51,人教版初中数学初一二三789年级上下册书教科课件本电子版打印PDF,medium,商品已下架/冻结,274,0.3982476111304244,WATCH,6915517e27d04f00159570f5,成语小全的店,2026-06-19 16:58:20,web_detail,,1
6a10fc2eca8f4100014ddb01,老钱风香槟色醋酸裙裤 大码女装夏季薄款冰丝阔腿裤,medium,商品已下架/冻结,1615,0.39789286109139116,WATCH,,,2026-06-19 13:55:25,web_full,,1
696268a4110a7f0001ddc99a,上海市初中语文数数学英语物理化学历史道法月考期中期末真题试卷,medium,商品已下架/冻结,1126,0.3977539400204346,WATCH,65bb02155848410001055146,桃李先生资料库的店,2026-06-19 16:58:29,web_detail,,1
69e1d79d57d5bd00011721df,资料汇总定制 素材,medium,商品已下架/冻结,27,0.39775368283026197,WATCH,6875ff0ea9347a001524abbf,mofa小铺的店,2026-06-19 16:58:29,web_detail,,1
6a15597200127100013db2f5,求婚策划浪漫惊喜求婚道具男女定制个人定制,medium,商品已下架/冻结,43,0.39699621878486824,WATCH,69d4598fa10b200015f2020f,情侣拉黑断联复合的店,2026-06-19 17:04:43,web_detail,,1
6a1c22d597469d0001bab2e0,2026新SYF视频课程 16套主课+9套赠课,medium,商品已下架/冻结,91,0.3968960401694426,WATCH,,,2026-06-19 17:04:48,web_detail,,1
6a0eb52b61fef90001c6aa69,手工艺品模板 对应笔记内容 其他手工艺品万能模板 U,medium,商品已下架/冻结,87,0.3968957054817737,WATCH,,,2026-06-19 17:04:51,web_detail,,1
69fde06754fc7500017789f8,2026版中考资料吉林专版（笔记同款2）,medium,商品已下架/冻结,23,0.3968957054817737,WATCH,,,2026-06-19 17:04:54,web_detail,,1
69b776e73eb24800010ecfd8,X学习资料自动发货持续更新一直有效,medium,商品已下架/冻结,157,0.3968649622749673,WATCH,693a7270bf0d830015315dab,牛肉炒饭饭的店,2026-06-19 17:04:58,web_detail,,1
6a05e94cf3ef83000194bf74,9店家的优惠教学方式2,medium,商品已下架/冻结,343,0.3948669873513805,WATCH,,CoCo大王的店,2026-06-19 17:15:24,web_detail,,1
69fc54fca5715f0001105761,2026吉林专用中考考前冲刺卷电子版,medium,商品已下架/冻结,70,0.3948628312673756,WATCH,,电子资料v的店,2026-06-19 17:15:25,web_detail,,1
68a27d3a5251bf000145eb17,2026年中级会计师新大纲题库、精讲课,medium,商品已下架/冻结,19,0.38837140474690923,WATCH,67ffa1d14b5232001563355a,清竹备考铺子的店,2026-06-19 16:58:24,web_detail,,1
69f016ec3aa96f00019a2f48,N277  16款高级企业宣传三折页背景素材,medium,商品已下架/冻结,48,0.3869171274662264,WATCH,65675ebc0852060001c9a623,素材小站的店,2026-06-19 16:58:08,web_detail,,1
69dc5e6d93374300156f92f7,2026中医执业医师考试指导用书，共3本,medium,商品已下架/冻结,19,0.37754556233509895,WATCH,,,2026-06-19 17:24:44,web_detail,,1
6572dc4a75af9d000155e5b9,正版二手，333统考教材 教育学 规划教材第七版 王道俊郭文安人教,medium,商品已下架/冻结,924,0.377443641804234,WATCH,65450af843e89d0001bcdc21,青橙考研的店,2026-06-19 17:08:43,web_detail,,1
69dcdf00ab6f940001643894,2026四六级备考资料包（历年真题+解析+听力）电子版高清无水印,medium,商品已下架/冻结,56,0.377443641804234,WATCH,695630a7cbf4700015d55e9b,LiYueYue的店,2026-06-19 17:08:43,web_detail,,1
69eb244eae65c900010d8b5f,2026版金考卷中考45套汇编全国版河南福建安徽辽宁山西河北湖北,medium,商品已下架/冻结,169,0.3774413710985827,WATCH,,学霸智慧园的店,2026-06-19 17:08:44,web_detail,,1
69dfc11cfe4ff5001589d112,RAZ分级阅读绘本电子版全套quiz原版视频音频PDF练习册 RAZiread,medium,商品已下架/冻结,50,0.3774413710985827,WATCH,,锦屿集物的店,2026-06-19 17:08:44,web_detail,,1
69fc361243360b00012e5330,2026春小学学霸作业本语文数学英语1-6年级下册,medium,商品已下架/冻结,35,0.3774413710985827,WATCH,,满分学习社的店,2026-06-19 17:08:45,web_detail,,1
69dbcf17fe4ff500156bb63a,东奥2026初级中级会计税务师注册会计师CPA注会职称网课视频课程,medium,商品已下架/冻结,60,0.3774409340796256,WATCH,,,2026-06-19 17:08:46,web_detail,,1
6a1f80c3cd75c30001d6ea0f,近景摄影素材摄影作品,medium,商品已下架/冻结,103,0.3774402064531598,WATCH,,,2026-06-19 17:08:48,web_detail,,1
6a1f89d118376c0001b3c8c9,26年6月初级银行从业LK+天一压题,medium,商品已下架/冻结,74,0.3774402064531598,WATCH,,,2026-06-19 17:08:49,web_detail,,1
6a0b45f83c8e6e000176d9d5,【秒发货】大学英语四六级高频词汇历年真题备考重点电子版,medium,商品已下架/冻结,39,0.3774402064531598,WATCH,,,2026-06-19 17:08:48,web_detail,,1
6a13c1fb5bfaa60001e5a34a,【正版】地球上最后的孩子（全4册）7～12岁 BK,medium,商品已下架/冻结,12,0.3774402064531598,WATCH,,魔力啾啾的店,2026-06-19 17:09:26,web_detail,,1
6963bcb8ce1e9f0001cb228a,2026年天津市各区初中语数外物化生地史政期末电子真题试卷电子版,medium,商品已下架/冻结,1474,0.3774398875190327,WATCH,,,2026-06-19 14:32:59,web_full,,1
68a7d9f65ce8aa000166e820,【正版赠音频】漫画秒记3000英语单词 英语词汇书 速记单词神器,medium,商品已下架/冻结,144,0.3774398875190327,WATCH,,,2026-06-19 17:09:30,web_detail,,1
67f6199a9dab110015aa3f74,【全3册无删减】平凡的世界路遥著茅盾文学奖初高中大学必读书目1,medium,商品已下架/冻结,138,0.3774398875190327,WATCH,,尚文书仓的店,2026-06-19 17:09:28,web_detail,,1
69d5b536953e440001908264,笔记同款70笔记同款资料,medium,商品已下架/冻结,105,0.3774398875190327,WATCH,,奶爸教辅的店,2026-06-19 17:09:32,web_detail,,1
69f8b997a5715f0001b788bf,星河电竞绝密双子星,medium,商品已下架/冻结,36,0.3774398875190327,WATCH,,星河电竞（三角洲端游）的店,2026-06-19 17:09:31,web_detail,,1
6a140eab00127100011b7963,iwtach压力监测丨解压小橙子情绪素材模板,medium,商品已下架/冻结,17,0.3774398875190327,WATCH,,粉红小橙子的店,2026-06-19 17:09:34,web_detail,,1
6a16add1b814030015239472,2026春新版初中同步复习检测巩固试卷（笔记同款B01垫孖版,medium,商品已下架/冻结,8,0.3774398875190327,WATCH,,,2026-06-19 17:09:31,web_detail,,1
69e5e9a68c762b0001f6ea46,教师研修 公需科目 专业课 学习电子资源,medium,商品已下架/冻结,86,0.3774392930599486,WATCH,,,2026-06-19 17:09:43,web_detail,,1
69db48368bd1990001c79c81,马工程教材汇总71册,medium,商品已下架/冻结,25,0.3774392930599486,WATCH,,,2026-06-19 17:09:40,web_detail,,1
6a1d56a442db80000111acd8,2026春1-6年级语数英同步周末基础复习（发夸克网盘）,medium,商品已下架/冻结,12,0.3774392930599486,WATCH,,,2026-06-19 17:09:42,web_detail,,1
6a05a271721fd3000182b442,2026春 小学 一本15天期末考前冲刺卷语文数学英语1-6年级下册,medium,商品已下架/冻结,11,0.3774392930599486,WATCH,,,2026-06-19 17:09:39,web_detail,,1
692fc21946e53000017fcd93,笔记同款课程！自动发货5,medium,商品已下架/冻结,69,0.37740591646393823,WATCH,68a965eb7d9b50001592444b,Life is a journey'的店,2026-06-19 17:09:49,web_detail,,1
69dcdf00ab6f940001643897,2026四六级备考资料包（历年真题+解析+听力）电子版高清无水印,medium,商品已下架/冻结,56,0.37740591646393823,WATCH,695630a7cbf4700015d55e9b,LiYueYue的店,2026-06-19 17:09:49,web_detail,,1
69e5e9a68c762b0001f6ea43,教师研修 公需科目 专业课 学习电子资源,medium,商品已下架/冻结,86,0.3774035020498159,WATCH,68a6dae8e46fd300157dd2dc,继教李老师的店,2026-06-19 17:09:50,web_detail,,1
699ea117094aed00013fd0a4,浙教版初中科学初一二三789年级新版上下册书教科课件本电子版PDF,medium,商品已下架/冻结,205,0.37636773258265804,WATCH,6915517e27d04f00159570f5,成语小全的店,2026-06-19 16:58:29,web_detail,,1
69c7edb2d95b5a00013a8da3,小红薯新人小白全套资料包（少走弯路）,medium,商品已下架/冻结,165,0.37636773258265804,WATCH,69c7e91c3a3f0100155a7dd7,媛媛slowlife的店,2026-06-19 16:58:29,web_detail,,1
6a0b55838c4641000148d63c,新人小白全套资料包《岁》（少走弯路）拍了注意留意一下短信,medium,商品已下架/冻结,31,0.37636773258265804,WATCH,6981ac8f619fda001526744c,梁总和媛媛的店,2026-06-19 16:58:29,web_detail,,1
6a142db6c4095100017fb65c,店铺素材会员 对外汉语主流教材/文化节日/日常生活PPT 持续更新,medium,商品已下架/冻结,19,0.37512845056738825,WATCH,,,2026-06-19 17:24:49,web_detail,,1
6a01db5358e1b100017a0697,备考2026广州小升初语文数学英语真题试卷含答案,medium,商品已下架/冻结,88,0.3714226100251176,WATCH,65bb02155848410001055146,桃李先生资料库,2026-06-19 17:24:57,web_detail,,1
697a1ae1d0b05c0001f34b29,2026年长沙高中四大名校真题语数英物化生地史政月考期中期末试卷,medium,商品已下架/冻结,1274,0.3703902805516056,WATCH,65bb02155848410001055146,桃李先生资料库的店,2026-06-19 16:58:24,web_detail,,1
69ee0692c4fc820001ac5774,【自动充值】Airplane Chefs飞机大厨充值宝石金币无限燃油礼包,medium,商品已下架/冻结,448,0.3703902805516056,WATCH,688e3d74d4357a00151020d2,未来洞电竞的店,2026-06-19 16:58:24,web_detail,,1
69e863de21e0870001ac73e4,2026春新版高中电子资料（笔记同款C10）,medium,商品已下架/冻结,24,0.3703902805516056,WATCH,68206527ad6a0300150c39ce,菲菲老师A4知识库的店,2026-06-19 16:58:24,web_detail,,1
6a0ef6ab71d8c30001f9c98e,2026春新版初中789年级电子资料（笔记同款B58）,medium,商品已下架/冻结,9,0.3703902805516056,WATCH,69d759f947e8c40015b844f3,晚星老师课业铺的店,2026-06-19 16:58:24,web_detail,,1
6a1bea233ce96d00019f6d9b,四川师范大学2026自考成考学士学位英日语水平考试题库课程习题集,medium,商品已下架/冻结,6,0.3689312676224259,WATCH,,,2026-06-19 17:25:02,web_detail,,1
69f59e5081bc010001e81f28,DeepSeek145+文字文档指令合集（莓莓原创）,medium,商品已下架/冻结,42,0.3681532277408894,WATCH,686a07f856f403001501e91e,莓莓的文游簿的店,2026-06-19 16:58:09,web_detail,,1
69df442298fb930001fe8904,2026下高中语文教资笔试科一科二科三重点背诵笔记资料包,medium,商品已下架/冻结,112,0.36811028489357805,WATCH,6718a7a5b2a24d001522eba1,晚晚爱学习的店,2026-06-19 16:58:10,web_detail,,1
69679508adb6840001f61a01,2026杭州市各区初中语数外科学社会月考期中期末真题试卷含答案,medium,商品已下架/冻结,1410,0.36770769458529484,WATCH,65bb02155848410001055146,桃李先生资料库的店,2026-06-19 15:39:09,web_full,,1
69528216ac83a20001684988,2026众H法考精讲卷真金卷共8科持续更新中电子资料,medium,商品已下架/冻结,482,0.36770769458529484,WATCH,68785ee5eb7bde00158586c7,极客能量站（私信不回，有问题问店铺客服）的店,2026-06-19 17:05:01,web_detail,,1
6900a70d3f37a9000123ede1,2026年上海教师职称考试题库幼儿园小学初中高中语文数学英语地理,medium,商品已下架/冻结,196,0.36770769458529484,WATCH,68b4fc7d9e88560015bfc31f,万诚教育考试题库的店,2026-06-19 17:05:01,web_detail,,1
67741c17286c9f0001b80525,赵孟頫行书集字一百二十篇 成语对联诗词 赵孟頫行书原碑集字字帖,medium,商品已下架/冻结,289,0.36346083908119275,WATCH,,,2026-06-19 17:25:10,web_detail,,1
69b3fc9be1751600012e82bb,北京大兴机场往返草桥双向可以用,medium,商品已下架/冻结,1507,0.36147147780341804,WATCH,68f84bca18651a001532b957,北京大兴机场快线的店,2026-06-19 14:26:57,web_full,,1
65645f8ab638920001169c2c,小学数学一年级二年级上下册应用题加减乘除练习题彩图大字版XLR,medium,商品已下架/冻结,285,0.36147147780341804,WATCH,63e9dca5783b79000194a4fe,知否书屋的店,2026-06-19 16:59:27,web_detail,,1
6959c0b40775cd001593f6d5,速写班长图包1-36期（1-326）&色彩班长1-27期含课?[超便宜] ·,medium,商品已下架/冻结,10,0.36147147780341804,WATCH,695678e9b1fd1d0015e75bfd,丁一素材的店,2026-06-19 16:59:25,web_detail,,1
69c93672d4e1ce00011803c4,备考2026杭州小升初语文数学英语真题试卷含答案,medium,商品已下架/冻结,166,0.35623982055501235,WATCH,65bb02155848410001055146,桃李先生资料库的店,2026-06-19 17:25:22,web_detail,,1
69ede26c9dea2d0001ce909c,备考2026青岛小升初语文数学英语真题试卷含答案,medium,商品已下架/冻结,166,0.35623837301320405,WATCH,65bb02155848410001055146,桃李先生资料库的店,2026-06-19 17:25:22,web_detail,,1
6a01db5358e1b100017a0691,备考2026广州小升初语文数学英语真题试卷含答案,medium,商品已下架/冻结,88,0.35533590264279963,WATCH,65bb02155848410001055146,桃李先生资料库的店,2026-06-19 17:25:27,web_detail,,1
69c8c8c1e979fc000169287f,烈阳囊上灼归途阮云宁完结TXT,medium,商品已下架/冻结,99,0.35405869447909705,WATCH,69c80b626263de001571ab57,沙溢斯啊的店,2026-06-19 16:58:24,web_detail,,1
6a083524721fd3000131b456,拼拼乐oc正比立绘人设盲盒可爱女设随机抽空壳设,medium,商品已下架/冻结,59,0.35405869447909705,WATCH,6899af5bdf6d660015521183,李怀治的店,2026-06-19 16:58:24,web_detail,,1
69f1bea843360b0001c76119,不能许愿山桃牌oc拼拼乐ppl盲盒抽选,medium,商品已下架/冻结,51,0.35405869447909705,WATCH,68b05b6b96c8dc0015b66ef5,白玉坊必出丹小店的店,2026-06-19 16:58:24,web_detail,,1
6656cbc6fc13120001a4ecf0,别墅花园庭院CAD空中楼台平面施工图纸植物景观设计装修顶层素材,medium,商品已下架/冻结,407,0.35400048804146994,WATCH,6639d4ee821c8400011245cc,牛教授游戏的店,2026-06-19 16:58:25,web_detail,,1
6910c1096da6380001757b1a,宁德时代26社招入职SHL测评演绎数字推理性格Verify测评原题题库,medium,商品已下架/冻结,386,0.35400048804146994,WATCH,67c6802f69be9a0015be3e8d,华东同舟求职的店,2026-06-19 16:58:24,web_detail,,1
69ff0ee658e1b1000136ab82,2026苏教版四五六课本pdf,medium,商品已下架/冻结,313,0.35400048804146994,WATCH,65d1b7ed5a14030001baae02,小小韩老师的店,2026-06-19 16:58:25,web_detail,,1
69b2523f916f6b00019f21c2,人教版123456年级小学音乐书课教电子书件案本高清五线简谱新PDF,medium,商品已下架/冻结,194,0.35400048804146994,WATCH,6915517e27d04f00159570f5,成语小全的店,2026-06-19 16:58:25,web_detail,,1
69c829e946fe2a000170cc4c,王者自定义名片·（下单联系客服选图）,medium,商品已下架/冻结,59,0.35400048804146994,WATCH,697b0330c52ca30015c37346,辰辰手游店铺的店,2026-06-19 16:58:25,web_detail,,1
6a0ff75d61fef900017bf416,三角洲行动战术特训 电竞意识教学！,medium,商品已下架/冻结,24,0.35400048804146994,WATCH,699bfb9dfb82100015ead279,三角洲护航青岚电竞（158保1088w）的店,2026-06-19 16:58:25,web_detail,,1
69e86c4015602900018e4497,电子书合集一键搜索实现阅读自由,medium,商品已下架/冻结,22,0.35400048804146994,WATCH,6965e38eb6bfbf001526ebe7,电子书阅读7an的店,2026-06-19 16:58:25,web_detail,,1
6a02d84a5a83230001a76d69,出模板 嚓枫牌 触手享用中只有hsj格式 秒发,medium,商品已下架/冻结,14,0.35400048804146994,WATCH,69f0790fc1f54b001501f4a7,海棠宝藏的店,2026-06-19 16:58:25,web_detail,,1
69b8b8c099f8fe0001d9fa49,26中级社工押题预测卷（PDF）拍下自动发,medium,商品已下架/冻结,282,0.35399787656037723,WATCH,699e6304d98d4000151f910f,妙妙屋6u6,2026-06-19 16:58:25,web_detail,,1
69bf5730e60de20001b42b8f,能量的真相：（电子资源）唤醒生命的能量 pdf格式,medium,商品已下架/冻结,73,0.35399787656037723,WATCH,69297208a7108d00159319f2,一梦归故里的店,2026-06-19 16:58:25,web_detail,,1
69cbb0fd7dd4a10001644268,th2 西里尔萌之克莱因蓝韩系真人风外模轻欧亚裔 头像壁纸男,medium,商品已下架/冻结,32,0.3530953978898293,WATCH,,,2026-06-19 17:25:33,web_detail,,1
6a1a66689a18cb0015843627,摄影姿势参考模板合集,medium,商品已下架/冻结,32,0.3489391003151371,WATCH,69d638e2440db7001527d9d3,铭栩臻选的店,2026-06-19 17:15:30,web_detail,,1
6a119733cfd67c0001212ad6,女向声音模板 上百个 模板,medium,商品已下架/冻结,191,0.34893884398644665,WATCH,,是开心呀~的店,2026-06-19 17:15:30,web_detail,,1
69ecdaf61560290001048069,26护理考编医疗招聘考编刷题全家桶|卫人の粉笔の铭医の谢老师の,medium,商品已下架/冻结,149,0.34893559848481254,WATCH,,Huihuigo的店,2026-06-19 17:15:34,web_detail,,1
69f04957156029000157c2d7,记忆猫 MEMORY CAT·2026年初中会考开卷考试速查科目索引贴人教版中考课本目录同步,medium,商品已下架/冻结,175,0.34893534558940864,WATCH,641c22569a611c00013a30b1,记忆猫 MEMORY CAT旗舰店,2026-06-19 17:15:34,web_detail,,1
69679508adb6840001f61a2b,2026杭州市各区初中语数外科学社会月考期中期末真题试卷含答案,medium,商品已下架/冻结,1415,0.3489350552281927,WATCH,,桃李先生资料库的店,2026-06-19 15:38:22,web_full,,1
693a9c97266b9500012087ac,2026社区工作者招聘网格员题库app电子资料包行测公基社区知识,medium,商品已下架/冻结,73,0.3489350552281927,WATCH,,,2026-06-19 17:15:36,web_detail,,1
69f321151560290001486701,学习英语PPT课件视频资料电子资源【专拍】,medium,商品已下架/冻结,171,0.34889433808032566,WATCH,689162eb200a8000150cc5d2,小小布科技的店,2026-06-19 17:16:10,web_detail,,1
69d603b361bf49000134d28b,26春考试宝典｜小学一二三四五六年级下册试卷PDF电子版资料,medium,商品已下架/冻结,248,0.34889327228534806,WATCH,67ea63f5d90d8200154009f5,Duffy老师教辅站的店,2026-06-19 17:16:11,web_detail,,1
69d48fee667ef5000147c2e2,留学咨询 套餐 非电子资源,medium,商品已下架/冻结,116,0.34889275627369926,WATCH,6939661bf9de21001531b6a5,AI情报站的店,2026-06-19 17:16:11,web_detail,,1
67f5097a3d8f38000162a9d3,DeepLPro翻译专业文档代翻译独立账号外文献帮忙翻译服务20篇/月,medium,商品已下架/冻结,182,0.3448964267146499,WATCH,,,2026-06-19 17:09:56,web_detail,,1
69d106c09bbf24000182d365,苏州小学语文数学英语期中期末真题试卷含答案,medium,商品已下架/冻结,77,0.3448964267146499,WATCH,,,2026-06-19 17:09:59,web_detail,,1
6a14113348f85800014b52b3,虐文女主突然长嘴后，全书都乱了,medium,商品已下架/冻结,25,0.3448964267146499,WATCH,,,2026-06-19 17:10:06,web_detail,,1
6a1e869706b18e0001e02eb6,新版本WPS专业版泳久免费版,medium,商品已下架/冻结,17,0.3448964267146499,WATCH,,小小默资料的店,2026-06-19 17:09:57,web_detail,,1
6572d8e1d2c1fa0001c9ee5c,正版二手，333统考教材 教育学 规划教材第七版 王道俊郭文安人教,medium,商品已下架/冻结,920,0.34258039247117944,WATCH,65450af843e89d0001bcdc21,青橙考研的店,2026-06-19 17:05:02,web_detail,,1
69ef6030294caa000137bc48,2026春人教版八年级语文下册《初中53试卷》单元卷和期中期末卷,medium,商品已下架/冻结,40,0.34249541028479835,WATCH,64f3e50fc0583a000131d141,小锦资料库的店,2026-06-19 17:05:02,web_detail,,1
6a018bd464eb410001365415,26春人教版七年级数学下册《实验班提优大考卷》单元卷期中期末卷,medium,商品已下架/冻结,38,0.3424952210779797,WATCH,64f3e50fc0583a000131d141,小锦资料库的店,2026-06-19 17:05:02,web_detail,,1
693e8014d1d80b00019040b1,2026南通市初中语文数学英语外物化生地史政月考期中期末真题试卷,medium,商品已下架/冻结,874,0.34249477347565926,WATCH,65bb02155848410001055146,桃李先生资料库的店,2026-06-19 17:05:04,web_detail,,1
6a05a271721fd3000182b45d,2026春 小学 一本15天期末考前冲刺卷语文数学英语1-6年级下册,medium,商品已下架/冻结,11,0.3424937794559913,WATCH,69e1f6bbe1931a00154d5978,满分学习社的店,2026-06-19 17:05:06,web_detail,,1
69e8c5390511b50001df6d27,2026春人教版七年级历史下册《初中上分卷》单元卷和期中期末卷,medium,商品已下架/冻结,129,0.33982510301251817,WATCH,64f3e50fc0583a000131d141,小锦资料库的店,2026-06-19 16:58:30,web_detail,,1
69df19bd5f6990000192e543,PC单机程序代找  Win电脑版 本地离线非联网 电子资源,medium,商品已下架/冻结,35,0.33982510301251817,WATCH,67ac7494b3738b0015c79466,鹿丸游戏屋,2026-06-19 16:58:29,web_detail,,1
6a0daa9519f8df0015d413b3,笔记同款模板Z 自动发货,medium,商品已下架/冻结,24,0.33982510301251817,WATCH,684ff6395c987e0015e16925,鑫琦精选的店,2026-06-19 16:58:29,web_detail,,1
69fc0dff9dea2d0001292f1a,2026电子资源英语类,medium,商品已下架/冻结,113,0.324091608138087,WATCH,6877867e94cea70015b68b3c,我要做幸福小兔的店,2026-06-19 16:58:30,web_detail,,1
69db8c266fc3520001f3b134,有港来信三三娘其他,medium,商品已下架/冻结,31,0.324091608138087,WATCH,69cdf1f54d44c60015329ff9,栀子花开萌萌的店,2026-06-19 16:58:30,web_detail,,1
6a0e7aa14ef63c00017548ea,CPP第二版F-6级学生书/教师书+练习册+音频等电子版全套资料,medium,商品已下架/冻结,13,0.324091608138087,WATCH,672ca35772dac30015c4125d,国际资料站的店,2026-06-19 16:58:30,web_detail,,1
69d5cda801e19300014be347,资料汇总089  16个,medium,商品已下架/冻结,25,0.3226011110226269,WATCH,6875ff0ea9347a001524abbf,mofa小铺的店,2026-06-19 16:59:29,web_detail,,1
682f2dbadb57370001f1630f,复议申请书/邮寄流程攻略/执恢/执保/规范模板（电子文档）,medium,商品已下架/冻结,1541,0.32120883877142725,WATCH,682eb7208df66f0015635ecb,「春和景明」的店,2026-06-19 14:10:44,web_full,,1
69da5e7647a2e20001bedff2,2026春小学语1-6年级下册《XB期末试卷》（PDF高清电子版）,medium,商品已下架/冻结,80,0.3175205798088179,WATCH,,,2026-06-19 17:10:17,web_detail,,1
69d26f6310b42d0001cf6467,2026新-吉林专版【中考模拟题】每科十二套卷-笔记同款-电子版,medium,商品已下架/冻结,161,0.3175189728646577,WATCH,,金日课堂的店,2026-06-19 17:10:21,web_detail,,1
69bf9a65ffa26d0001a590e5,2026年版五年中考三年模拟中考总复习电子版PDF五三全国通用,medium,商品已下架/冻结,140,0.3175189728646577,WATCH,,,2026-06-19 17:10:20,web_detail,,1
68d390807ac09e00011bf663,26版法考资料 客观题精讲真题背诵卷各机构PDF电子版 源文件,medium,商品已下架/冻结,193,0.3174944059688562,WATCH,68ce9ed612892e00154dc0cd,小X上岸版的店,2026-06-19 17:10:28,web_detail,,1
689b6e8633fcf800013456ef,25秋浙教版八上科学课本,medium,商品已下架/冻结,115,0.3174938817560252,WATCH,688da8fb5cac3200154d00d6,小方老师教辅百宝箱✅的店,2026-06-19 17:10:30,web_detail,,1
6970527704796b0001e69680,老平板iPad2/3/4/mini降级系统8.4.1老版本提升流畅度变废为宝,medium,商品已下架/冻结,201,0.3174921730572161,WATCH,66540d6ddd22180001880e1e,手机玩家CS8的店,2026-06-19 17:10:30,web_detail,,1
69eb097cfaf00200019aa0e7,2026春0128自学题目PDF,medium,商品已下架/冻结,50,0.3174921730572161,WATCH,69cbeea9074a34001538afde,锦学资源的店,2026-06-19 17:10:30,web_detail,,1
6a23ec19461097000157c037,个人兴趣光遇兴趣特色教育,medium,商品已下架/冻结,432,0.3125787537662926,WATCH,69a1924a151b330015a1a8f7,风与煦陪玩团的店,2026-06-19 17:16:14,web_detail,,1
6a200a1f65795a0001104308,光遇游戏数据咨询｜角色体型参考测算服务头像壁纸,medium,商品已下架/冻结,345,0.3125787537662926,WATCH,6741c678b63e700015756b35,小俞酒儿的店,2026-06-19 17:16:15,web_detail,,1
6a2041ab461097000107c81c,wobeitawang其他模版单篇,medium,商品已下架/冻结,34,0.3125787537662926,WATCH,693bc074ee0c0800156701a8,想吃冰淇淋🍨的店,2026-06-19 17:16:15,web_detail,,1
6a1d744f42db80000114fed0,2026秋小学一本预备新年级语文数学英语新123456年级,medium,商品已下架/冻结,28,0.3125787537662926,WATCH,69e1f6bbe1931a00154d5978,满分学习社的店,2026-06-19 17:16:15,web_detail,,1
6a09ab357b0d9c0001c427ba,2026春小学五三归类复习2小学语文数学英语1-6年级下册,medium,商品已下架/冻结,56,0.31257852076001214,WATCH,,,2026-06-19 17:16:29,web_detail,,1
6a019961304f460001441398,高斯数学动画全4套 高斯数学动画429集 高斯数学动画配套练习教案,medium,商品已下架/冻结,12,0.31257852076001214,WATCH,,,2026-06-19 17:16:27,web_detail,,1
686d4ce8a2ec2d0001277daf,HP英文版全集电子书+音频,medium,商品已下架/冻结,134,0.3097505299422842,WATCH,686949bc3ae51400152ed8d6,Anna和Andy他们麻麻的店,2026-06-19 16:58:30,web_detail,,1
69af859a0635fd000131dd80,同乐街机游戏怀旧游戏厅,medium,商品已下架/冻结,57,0.3097505299422842,WATCH,69abdf74fb82100015eae3db,同乐馆的店,2026-06-19 16:58:30,web_detail,,1
69ef24efeee1ab00017465f9,【限时优惠】26年英语四六级高效复习电子资料包，含网课课件资源,medium,商品已下架/冻结,43,0.3097505299422842,WATCH,671a390b33325a0015a421d7,阿全学长（期末复习版）的店,2026-06-19 16:58:31,web_detail,,1
698db903880da2000155effa,马尔福恋爱模拟器文游指令 虚拟商品不退不换,medium,商品已下架/冻结,39,0.3097505299422842,WATCH,683aefb39ac6560015451ecd,晓晓的AI铺子的店,2026-06-19 16:58:30,web_detail,,1
6a0be14371d8c3000159985f,最新黑白定心PDF版,medium,商品已下架/冻结,38,0.3097505299422842,WATCH,68203bf4912a0c0015007e18,新点星辰的店,2026-06-19 16:58:30,web_detail,,1
6a0be94cefd40a0001a88110,妄w 电子版 ppt模版,medium,商品已下架/冻结,20,0.3097505299422842,WATCH,69c3d0a21a8a2a00159e1565,朵妮学姐（爱学习）的店,2026-06-19 16:58:31,web_detail,,1
69b7b2f2e175160001b04159,童（25）学习资料合集,medium,商品已下架/冻结,19,0.3097505299422842,WATCH,69b39dc22a984800153d4cce,橘子海汽水ocn的店,2026-06-19 16:58:31,web_detail,,1
69a0285b00e7430001aa1a70,依恋型人格测试·可重复测试·科学报告,medium,商品已下架/冻结,18,0.3097505299422842,WATCH,699eb82291a9cf00153f841a,内在探索家的店,2026-06-19 16:58:30,web_detail,,1
69984e20c9f5da00011ac497,偶像活动 Stars！模拟器指令 虚拟商品不退不换,medium,商品已下架/冻结,18,0.3097505299422842,WATCH,683aefb39ac6560015451ecd,晓晓的AI铺子的店,2026-06-19 16:58:30,web_detail,,1
6a0ed86835725f0001efe227,【Steam中国区账号】可改手机邮箱 安全稳定,medium,商品已下架/冻结,13,0.3097505299422842,WATCH,693ead324fcaaf001529d170,喵星人小店，的店,2026-06-19 16:58:31,web_detail,,1
69bd622ac3604d0015de88f6,2026cpa注册会计师视频课资料大全赠25年全部资料 · Cpa全六科电,medium,商品已下架/冻结,30,0.309748250945721,WATCH,69b2709d0919730015a30653,小瑞星球的店,2026-06-19 16:58:31,web_detail,,1
69d0f6ccc8c73300010250a3,整理拾光 Win电脑版 本地离线非联网 电子资源,medium,商品已下架/冻结,34,0.3097481419903301,WATCH,67ac7494b3738b0015c79466,鹿丸游戏屋,2026-06-19 16:58:31,web_detail,,1
69cf87079a97eb0001ce4a9c,奥伯拉丁的回归 Win电脑版 本地离线非联网 电子资源,medium,商品已下架/冻结,20,0.3097481419903301,WATCH,67ac7494b3738b0015c79466,鹿丸游戏屋,2026-06-19 16:58:31,web_detail,,1
692c616cccb9e000012da163,异形树池户外公共座椅坐凳 SU模型 长椅公园广场景观小品草图大师,medium,商品已下架/冻结,154,0.3067590895121323,WATCH,6908b1dca0f8db001598a4a0,小欣素材店的店,2026-06-19 16:58:15,web_detail,,1
69df27a998d52b00013249aa,2026新款艺术热卖摄影,medium,商品已下架/冻结,26,0.30122726756756174,WATCH,6935354135ca13001500ecf7,江宁的ai小店（那个店被封）的店,2026-06-19 17:05:11,web_detail,,1
6a1674b5df36740001eb765d,2026新课 沈老师15套课程视频全合集 原版高清完整版,medium,商品已下架/冻结,9,0.30122726756756174,WATCH,68689f3e26617500235822a6,青衿学堂的店,2026-06-19 17:05:09,web_detail,,1
69f55e68294caa000125ff0a,2026甘肃练客中考原创模拟卷全科垫子版,medium,商品已下架/冻结,23,0.2941693723881477,WATCH,68346e717f7498001504b535,教辅资料站（收徒）的店,2026-06-19 17:10:31,web_detail,,1
684b8c308a6cef0001a5e22a,进口原版Lets Train your Brain with Mental Maths大脑数学游戏,medium,商品已下架/冻结,27,0.2913312303050122,WATCH,65f2d30908dad2000111f4a8,环球进口原版书店的店,2026-06-19 16:59:30,web_detail,,1
69cbb3002fb6290001d86e7a,主播女孩重度依赖 Win电脑版 本地离线非联网 电子资源,medium,商品已下架/冻结,23,0.29127630855860487,WATCH,67ac7494b3738b0015c79466,鹿丸游戏屋,2026-06-19 16:59:32,web_detail,,1
68f039f39176f500016386bd,狗东大额购物补贴 隐藏优惠 下单立减最低价到手查询工具永久可用,medium,商品已下架/冻结,49,0.28411087882464825,WATCH,68f0353d70c1f90015bc20c5,多米省购物工作室的店,2026-06-19 17:05:15,web_detail,,1
6a1ba68eb6178b0001da0742,笔记同款故事模版,medium,商品已下架/冻结,33,0.2830857644004945,WATCH,,月邦商贸的店,2026-06-19 17:16:34,web_detail,,1
6898a71a0e13d50001b98c81,【全新正品】5G全网通智能电话手表插卡微q刷抖音打字聊天学生,medium,商品已下架/冻结,643,0.28308432470612244,WATCH,,,2026-06-19 17:16:36,web_detail,,1
6a1f8b8ba7733a00016acd9b,笔记同款:课件编码(豌豆荚),medium,商品已下架/冻结,259,0.2830840527497598,WATCH,,,2026-06-19 17:16:38,web_detail,,1
6a0e6598a32a970001a942ee,2026春 小学少年素质教育报15天满分备考语文数学英语1-6年级下册,medium,商品已下架/冻结,41,0.2830840527497598,WATCH,,,2026-06-19 17:16:43,web_detail,,1
6a1d1ecd6114660001df0c34,2026辽宁中考临考预测卷电子资料PDF天星,medium,商品已下架/冻结,30,0.2830840527497598,WATCH,,,2026-06-19 17:16:44,web_detail,,1
69f1d4b781bc01000194f2ec,【25周年纪念版】哈利波特全7册中文无删减JK罗琳小初高课外阅读1,medium,商品已下架/冻结,23,0.2830840527497598,WATCH,,烨嫚书仓批發的店,2026-06-19 17:16:44,web_detail,,1
69ef73ee1560290001454b29,集合竞价抓涨停教学资料 精选 笔记 视频讲解资料 电子版,medium,商品已下架/冻结,20,0.2830840527497598,WATCH,,,2026-06-19 17:16:47,web_detail,,1
69b546654cdf2e00014386e1,2026新版万唯中考试题研究  全国各地区专版试题资料！,medium,商品已下架/冻结,308,0.28308387556455117,WATCH,,,2026-06-19 17:16:56,web_detail,,1
69fae92198ac430001cedd00,2026版笔记同款50,medium,商品已下架/冻结,109,0.28308387556455117,WATCH,,,2026-06-19 17:16:58,web_detail,,1
697c4a24880da2000158c5d7,王者荣耀账号专业评估,medium,商品已下架/冻结,68,0.28308387556455117,WATCH,,瑾瑜评测小站的店,2026-06-19 17:17:07,web_detail,,1
6a1fca8d44bec0000124063e,EndNote各版本＋激活码＋汉化【赠教程】,medium,商品已下架/冻结,13,0.28308387556455117,WATCH,,,2026-06-19 17:16:54,web_detail,,1
69fc0cc154fc750001496b44,第五人格兴趣多种玩法乐趣周上限代,medium,商品已下架/冻结,127,0.28308362830817013,WATCH,,,2026-06-19 17:17:09,web_detail,,1
6a168fc83d3e4d0001858518,第五人格KFC联动壁纸,medium,商品已下架/冻结,120,0.28308362830817013,WATCH,,,2026-06-19 17:17:08,web_detail,,1
69785252f5bc340001801bf8,粉笔公考ai面试点评1次国考省考事业编面试通用独享账号,medium,商品已下架/冻结,96,0.28308362830817013,WATCH,,,2026-06-19 17:17:19,web_detail,,1
69fc54fca5715f0001105764,2026吉林专用中考考前冲刺卷电子版,medium,商品已下架/冻结,55,0.28308362830817013,WATCH,,电子资料v的店,2026-06-19 17:17:09,web_detail,,1
6a1a945142db800001d006bf,2026春期末真题精编武汉专版语文人教版123456年级下册期末试卷,medium,商品已下架/冻结,32,0.28308362830817013,WATCH,,布丁作业本的店,2026-06-19 17:17:49,web_detail,,1
69e60812e9f12b0001be0d31,24小时恐艾心理评估/答疑解惑，公益义诊关爱同行,medium,商品已下架/冻结,23,0.28308362830817013,WATCH,,,2026-06-19 17:17:11,web_detail,,1
6a1e7a9e598890000141888a,2026春新版高中电子资料（笔记同款C03,medium,商品已下架/冻结,11,0.28308362830817013,WATCH,,安然老师学海铺的店,2026-06-19 17:17:17,web_detail,,1
67a611db96b36c00014ab730,【26教师编制】新版教育综合ppt纸质彩印(纸盒打包）,medium,商品已下架/冻结,3235,0.2830564712875181,WATCH,6548b9a89758730001d1fd83,只背一页书的店,2026-06-19 17:17:54,web_detail,,1
6932e5cd02483f0001f903d6,（自动发货，先选再拍）动森自选定制素材家具服装素材送货上岛,medium,商品已下架/冻结,202,0.2830554301404147,WATCH,66a4ca470cddb90015cf5636,把豆花扑倒🌸的店,2026-06-19 17:17:56,web_detail,,1
69fb35f78c2c2300013a0284,苏尔南苏尔怒嚎手枪,medium,商品已下架/冻结,253,0.2830551524206501,WATCH,68d9532e103508001575e36d,鱼哥电竞的店,2026-06-19 17:17:57,web_detail,,1
6a0747a8e80a7b0001cab545,rzfp自救系统 电子版 ppt模版,medium,商品已下架/冻结,52,0.2830549928884627,WATCH,69c3d0a21a8a2a00159e1565,朵妮学姐（爱学习）的店,2026-06-19 17:17:58,web_detail,,1
6a18227348fd3d0001b9e973,环艺生态公园设计展板分层素材/竞赛公园景观展板排版免扣模板,medium,商品已下架/冻结,10,0.28055296184658024,WATCH,635fbc72de29ee0001e8f08f,LD艺景的店,2026-06-19 17:26:37,web_detail,,1
67822d14b7763f0001bddbe0,2026年一级注册建造师教材2026版一建教材,medium,商品已下架/冻结,156,0.27795165883531214,WATCH,,,2026-06-19 17:26:42,web_detail,,1
69fa9e47294caa00019de39d,城市道路横断面景观剖面图PSD格式分层PS素材景观大道CAD施工图库,medium,商品已下架/冻结,10,0.2777931426707987,WATCH,67c06990eac0960015590eb8,平方米素材基地,2026-06-19 16:59:33,web_detail,,1
69e888f987c18600156f6924,2026春新版小学电子资料（笔记同款C28）,medium,商品已下架/冻结,19,0.2777929533329015,WATCH,68218f8023029100157066a8,博学资料库的店,2026-06-19 16:59:36,web_detail,,1
69a137144d1dca0001b4ae44,2026春小学英语学霸冲A卷,medium,商品已下架/冻结,124,0.2739963282278387,WATCH,66bb2efe02383e001566e5d2,🌸教英语的Anna的店,2026-06-19 17:11:04,web_detail,,1
6a19a23e9ca72200012b73a2,2026大学英语四六级真题解析听力资料包,medium,商品已下架/冻结,25,0.2739963282278387,WATCH,68f6f0d7aa343c0015f6dcaf,元气充电学姐的店,2026-06-19 17:11:05,web_detail,,1
69e6217cb2519a00016bf95e,2026春北师大版七年级数学下册《初中上分卷》单元卷和期中期末卷,medium,商品已下架/冻结,137,0.26883536018254145,WATCH,64f3e50fc0583a000131d141,小锦资料库的店,2026-06-19 17:05:15,web_detail,,1
69cf6e9c9fe19c0001e4ab17,笑佳 53个 笔记同款 学习服务,medium,商品已下架/冻结,86,0.26883508440671045,WATCH,69a700b6f880a800151bd5d1,序亭兰的店,2026-06-19 17:05:15,web_detail,,1
69605063f1fe0f0015fbf244,21世纪法学练习题全套26本,medium,商品已下架/冻结,35,0.26883508440671045,WATCH,6952158b68c5d50015c0488b,闲时阅书📖【自动发货】的店,2026-06-19 17:05:16,web_detail,,1
69ae3ef1fbdff600015fc510,9000+张高清摄影作品壁纸相册日常风景旅行美食1080P永久可用,medium,商品已下架/冻结,341,0.26550076087975283,WATCH,69002d4cb6fea50015a8fb60,1点也不楠的店,2026-06-19 16:59:48,web_detail,,1
69c3844de6196b000180d9bd,【自动发货】【PC端】糖果谷一键直装+MOD整合包,medium,商品已下架/冻结,184,0.26550076087975283,WATCH,694e957f27db910015228483,小茶在漫游的店,2026-06-19 16:59:39,web_detail,,1
69c62da87c9c8f00017771d9,剪映手机端轻松1日上手爆款教程同步软件教学,medium,商品已下架/冻结,138,0.26550076087975283,WATCH,685a5ba44bc68000159278de,大树折扣的店,2026-06-19 16:59:39,web_detail,,1
6770248c34f59000019fa609,【正版现货】盗墓笔记全套1-9册典藏版原著南派三叔书全集大结局,medium,商品已下架/冻结,134,0.26550076087975283,WATCH,67592dfe04873800159bbb75,小红薯6971911B的店,2026-06-19 16:59:39,web_detail,,1
699dbafc87daa0000150063e,《能量的真相》电子书籍PDF版,medium,商品已下架/冻结,55,0.26550076087975283,WATCH,68711c2b6864020015b99375,爱读书的店,2026-06-19 16:59:39,web_detail,,1
69049ffac4f891000155396e,性格色彩在线测试-职场性格色彩类型-自动发货-留意客服聊天窗口,medium,商品已下架/冻结,48,0.26550076087975283,WATCH,6904836900a19e0015ad42b7,许朵的店,2026-06-19 16:59:39,web_detail,,1
6a0ed406189a9c00017bab44,【果子id】同步升级下·Z｜appstore商店正版｜头像壁纸学习下载,medium,商品已下架/冻结,32,0.26550076087975283,WATCH,69ca172ed05903001510e0a5,嗨美区的路飞的店,2026-06-19 16:59:46,web_detail,,1
69fef8ed30d0860001f6745e,放学d 我 电子版 ppt模版,medium,商品已下架/冻结,30,0.26550076087975283,WATCH,696b915a8978730015a535d8,扬扬寻鹿的店,2026-06-19 16:59:50,web_detail,,1
69c3e3b95e5f05000145cd4d,男团出道模拟器文游指令,medium,商品已下架/冻结,29,0.26550076087975283,WATCH,683aefb39ac6560015451ecd,晓晓的AI铺子的店,2026-06-19 16:59:42,web_detail,,1
69ea232c294caa0001b328f6,《花千骨》fresh果果著 TXT电子版学习资料 PPT模版,medium,商品已下架/冻结,9,0.26550076087975283,WATCH,69d8dfe7ff4a75001571b919,学长素材小铺,2026-06-19 16:59:40,web_detail,,1
69ee08adc4fc820001ac7d85,27考研红宝书【超清电子版】带音频教案,medium,商品已下架/冻结,37,0.2655005879275648,WATCH,68861c3f5976590015554039,K学长的店,2026-06-19 16:59:50,web_detail,,1
69ba3797a20c2100011747cf,《Python机器学习基础教程》高清PDF电子书,medium,商品已下架/冻结,52,0.265498500810618,WATCH,642117f3d485a10001ab7d99,IT博士读书志的店,2026-06-19 16:59:51,web_detail,,1
69d32a093ff4c80001e25462,纸房子 Win电脑版 本地离线非联网 电子资源,medium,商品已下架/冻结,28,0.265498500810618,WATCH,67ac7494b3738b0015c79466,鹿丸游戏屋,2026-06-19 16:59:51,web_detail,,1
6a0a87ee3c8e6e000176a895,小学语数英《期末试卷系列》1-6年级下册（PDF电子版）,medium,商品已下架/冻结,123,0.2632477260725794,WATCH,,,2026-06-19 17:26:49,web_detail,,1
6a16b70a61fef90001499faa,123456年级数学《孟JP各地期末试卷》PDF可打印,medium,商品已下架/冻结,98,0.2632477260725794,WATCH,,,2026-06-19 17:26:49,web_detail,,1
6a0a87ee3c8e6e000176a88f,小学语数英《期末试卷系列》1-6年级下册（PDF电子版）,medium,商品已下架/冻结,123,0.2632472323869124,WATCH,,,2026-06-19 17:26:54,web_detail,,1
69ef22cc933b030001825ba2,长春小学语文数学英语期末真题试卷含答案,medium,商品已下架/冻结,24,0.2632472323869124,WATCH,,,2026-06-19 17:26:54,web_detail,,1
69f9c45778944100013afc58,情侣吵架拉黑冷战解决方案打电话教程,medium,商品已下架/冻结,448,0.2632083144151288,WATCH,695355e47b2b3200157827aa,拉黑打电话的店,2026-06-19 17:26:57,web_detail,,1
6a1d4865af69a40001c3c1d9,功夫大全 持续更新  下单即发,medium,商品已下架/冻结,33,0.26320702813078956,WATCH,6a18fa3fc10fbb001583d20b,女生学堂的店,2026-06-19 17:26:57,web_detail,,1
68db431f1b3cbb0015b3aa05,【正版全彩】幼小衔接教材每日一练幼升小拼音汉字语文数学练习题,medium,商品已下架/冻结,62,0.25867654826756,WATCH,,,2026-06-19 17:18:01,web_detail,,1
69a15b4287daa00001a29dae,2026最新版•智考典正版题库•辅警笔试面试通关题库,medium,商品已下架/冻结,141,0.25867616979940966,WATCH,,,2026-06-19 17:18:03,web_detail,,1
69e0a38b56ab450001d4c4de,26证券从业资格三色笔记思维导图考前12页口诀资料刷题课件,medium,商品已下架/冻结,14,0.25867616979940966,WATCH,,,2026-06-19 17:18:11,web_detail,,1
6a0ebbaed528ea00159f4a48,2026春新版小学电子版资料（笔记同款C55),medium,商品已下架/冻结,16,0.2586753461455445,WATCH,,博学资料库的店,2026-06-19 17:18:26,web_detail,,1
6a1291d4cfd67c000133e88a,ASMR助眠放松舒缓课程冥想助眠音乐睡眠,medium,商品已下架/冻结,16,0.2586753461455445,WATCH,,,2026-06-19 17:18:27,web_detail,,1
6a1a8bf66114660001a66139,2026秋版一本初中预备新年级语文数学英语,medium,商品已下架/冻结,8,0.2586753461455445,WATCH,,,2026-06-19 17:18:20,web_detail,,1
637778ae5dae1e00010bee30,小学生期末冲刺卷必备知识梳理句式强化训练大全,medium,商品已下架/冻结,3488,0.2586520887743168,WATCH,6372dc1c83f0d000019e3f11,佳佳学霸图书店的店,2026-06-19 17:18:34,web_detail,,1
680e3e993aa6a60015f7d72c,速算数学脑：让思维开窍的33个计算秘诀,medium,商品已下架/冻结,1105,0.2586518068773965,WATCH,658bef15076cd80001878ba5,小吟心书坊的店,2026-06-19 17:18:36,web_detail,,1
69df3a26d528ea0015303352,〖出模板〗嚓枫牌怪物偷袭只有hsj格式，不教使用,medium,商品已下架/冻结,96,0.25865150301642426,WATCH,6853e45e8937a8001520757d,爱薯条精选的店,2026-06-19 17:18:36,web_detail,,1
6a103cb048fd3d0001df30aa,大学英语四六级历年真题 电子版 1990-2025.12 详细解析,medium,商品已下架/冻结,15,0.25865150301642426,WATCH,68f79433974361001546290b,知识魔法口袋的店,2026-06-19 17:18:36,web_detail,,1
6a088b83b113e400153156d9,2026版天X中考押题卷临考预测密封卷全国各地区专版PDF-垫子版,medium,商品已下架/冻结,231,0.25865121941755514,WATCH,687df4c130520f001585e024,懒人学习搭子的店,2026-06-19 17:18:37,web_detail,,1
69783228d0b05c0001afc6cf,2026春小学电子版资料（笔记同款15）,medium,商品已下架/冻结,607,0.2454075135737715,WATCH,68ea1b7e3b282d00238a6dbf,闪电知识解忧的店,2026-06-19 16:58:25,web_detail,,1
69ec42fef9b6f100019dc811,26春小学辅导笔记同款期末卷电子版试卷,medium,商品已下架/冻结,57,0.2454075135737715,WATCH,688ca10e4be99c0015dcc5ff,邹邹-的店,2026-06-19 16:58:25,web_detail,,1
69f86c51f888bb0001fec358,2026春小学同步阅读同款资料1-6年级电子版,medium,商品已下架/冻结,413,0.2427332481090695,WATCH,686e16a2409b630015c8b6ec,Teacher的店,2026-06-19 17:05:17,web_detail,,1
69d9d451ab6f9400010cfc30,学习指导与习题集37,medium,商品已下架/冻结,72,0.2427330232854179,WATCH,699da61ab6bfbf0015270fcf,Lexi8ka的店,2026-06-19 17:05:17,web_detail,,1
69ec3bcee3af990015b4fec0,《古惑仔》漫画1-2335全彩PDF/设计素材/源文件/24h 自动发,medium,商品已下架/冻结,20,0.24098349452601875,WATCH,69db75e85daecc0015b889c2,万般努力出人头地qbv的店,2026-06-19 17:11:06,web_detail,,1
69feea8f6eeaf70001f20e91,出模板 嚓 牌秒发粉红只有hsj格式,medium,商品已下架/冻结,13,0.2409822081299211,WATCH,69f0790fc1f54b001501f4a7,海棠宝藏的店,2026-06-19 17:11:10,web_detail,,1
6a005d317b710e0001bbde7f,36 头像 ｜ 约 稿,medium,商品已下架/冻结,8,0.2409822081299211,WATCH,69d863217cbcb5001558ddf2,全艺绘画社（接稿招新）的店,2026-06-19 17:11:07,web_detail,,1
69ce3a5dc6fcf500014b5dc9,2026春0011自学题目PDF,medium,商品已下架/冻结,86,0.23814270068405546,WATCH,,锦学资源的店,2026-06-19 17:18:40,web_detail,,1
6a0f371a48f8580001ca5999,个人pl思形象补差价专用链接新老可拍0012,medium,商品已下架/冻结,53,0.23814270068405546,WATCH,,,2026-06-19 17:18:44,web_detail,,1
69d4cffd1fd3700001577519,资料汇总019 御井烹香 21个,medium,商品已下架/冻结,27,0.23814270068405546,WATCH,,,2026-06-19 17:18:38,web_detail,,1
6a0807c37b0d9c0001978323,不折叠】体坛周报杂志 2026美加墨世界杯终极指南 48队世界杯,medium,商品已下架/冻结,10,0.23814270068405546,WATCH,,时尚杂志店的店,2026-06-19 17:18:43,web_detail,,1
6a0fdd63c3604d0016116122,嚓枫牌母爱模板 hsj格式 不教使用,medium,商品已下架/冻结,7,0.23814270068405546,WATCH,,,2026-06-19 17:18:45,web_detail,,1
6a06bb53377d170001b7172c,bg 年上嗲系55篇资料,medium,商品已下架/冻结,6,0.23814270068405546,WATCH,,她的睫毛弯弯的店,2026-06-19 17:18:38,web_detail,,1
6a0e598835725f0001de363c,《古惑仔》漫画1-2335全彩PDF/设计素材/源文件/24h 自动发,medium,商品已下架/冻结,5,0.23814270068405546,WATCH,,,2026-06-19 17:18:39,web_detail,,1
6980845ee0470600015a3d25,第二版 新目标大学英语 综合教程/视听说教程1/2/3/4 welearn答案,medium,商品已下架/冻结,129,0.23814258129277896,WATCH,,越过高山流水的店的店,2026-06-19 17:18:48,web_detail,,1
69226dd718096d00018cd0cb,2026年一本万w初中作文语文英语诗词定真题高分热点素材100篇pdf,medium,商品已下架/冻结,129,0.23814258129277896,WATCH,,小初高share的店,2026-06-19 17:18:51,web_detail,,1
6a1822e85c0723000127b72a,轻松上手的懒人方法,medium,商品已下架/冻结,64,0.23814258129277896,WATCH,,,2026-06-19 17:18:48,web_detail,,1
6a0494e622eb650001a4a3b6,破y 电子版 ppt模版,medium,商品已下架/冻结,29,0.23814258129277896,WATCH,,,2026-06-19 17:18:53,web_detail,,1
69e643eb39916f0001e5b1e5,攻略病娇男配的正确方法,medium,商品已下架/冻结,20,0.23814258129277896,WATCH,,,2026-06-19 17:18:55,web_detail,,1
69f30a59273c7d00011c13c1,卡牌电子版素材，下单就发笔记同款内容,medium,商品已下架/冻结,197,0.23812161182564295,WATCH,6634c8939f5b000001daac5c,多金多.,2026-06-19 17:18:58,web_detail,,1
69d6fca28a7da80001afe3d7,2026社区招聘资料社区工作者社区14页社区三色笔记在线习题,medium,商品已下架/冻结,25,0.23812111392251353,WATCH,6808992d03786700155af7b3,知行研学社的店,2026-06-19 17:19:00,web_detail,,1
69cc84a49a289f0015e452c5,2027高中电子版资料（笔记同款60）,medium,商品已下架/冻结,17,0.238120917378561,WATCH,68219df404d7b4001537d87f,青卷教育研习（秒回秒发）的店,2026-06-19 17:19:00,web_detail,,1
69ddf0f7b7a2ed0001260e88,【70+个打包】stm32项目/资料电子版,medium,商品已下架/冻结,90,0.23810346612441044,WATCH,6914685009464b0014753f71,云朵的电子资料分享的店,2026-06-19 16:58:25,web_detail,,1
699216600775cd00153263c9,2025小说40000部大全小说合集可下mp3mp4海量资源整理电子书文本,medium,商品已下架/冻结,22,0.23810346612441044,WATCH,694976441d8c99001576f446,解解杂货社的店,2026-06-19 16:58:25,web_detail,,1
6931968546e53000013a6480,20款高级感可商用英文花体字,medium,商品已下架/冻结,674,0.2364958233351001,WATCH,6288b497928e3300017d55f4,空空的百宝箱的店,2026-06-19 16:58:31,web_detail,,1
68f8845f04ab19000185b02f,考研311教育学刷题小程序333教育学综合真题模拟题超24000道题,medium,商品已下架/冻结,83,0.23263272336242308,WATCH,68f72541429ad7001506a09e,考研刷题的店,2026-06-19 17:26:58,web_detail,,1
69622ac8ce1e9f0001981d06,2026学士学位英语刷题App各省都有/成考/自考/函授/国开/专升本,medium,商品已下架/冻结,24,0.23263004183062833,WATCH,,,2026-06-19 17:27:04,web_detail,,1
6a25431149c6770001ae91b0,英语四六级考前冲刺急救包,medium,商品已下架/冻结,341,0.23262829167127363,WATCH,,,2026-06-19 17:27:09,web_detail,,1
6a24068749c67700018fdbad,英语四六级考前冲刺急救包,medium,商品已下架/冻结,341,0.23262829167127363,WATCH,,,2026-06-19 17:27:11,web_detail,,1
6a234e2614e0a00001152b18,校园之外，无码4k，，，,medium,商品已下架/冻结,71,0.23262829167127363,WATCH,,,2026-06-19 17:27:08,web_detail,,1
6a16c8fd8bbe22000194131b,26春小学全科1-6年级《期末备考复习资料》（PDF电子资料）,medium,商品已下架/冻结,42,0.23262829167127363,WATCH,,,2026-06-19 17:27:17,web_detail,,1
6a22e3f41efaab0001a2ab0a,2026人教版语文15天满分备考期末总复习（学生版+答案）,medium,商品已下架/冻结,8,0.23262829167127363,WATCH,,,2026-06-19 17:27:13,web_detail,,1
6a18ffe08bbe220001c801d4,笔记同款 学习服务（丽）27个,medium,商品已下架/冻结,6,0.23262829167127363,WATCH,,,2026-06-19 17:27:10,web_detail,,1
69a15b4287daa00001a29e23,2026最新版•智考典正版题库•辅警笔试面试通关题库,medium,商品已下架/冻结,141,0.2326280828269063,WATCH,,,2026-06-19 17:27:45,web_detail,,1
6a180db4bd63a3000115e050,2026版笔记同款河北中考试卷合集,medium,商品已下架/冻结,54,0.2326280828269063,WATCH,,优+的店,2026-06-19 17:27:46,web_detail,,1
6a015372213e270001ee1e96,126号-26春15天满分备考语数英123456下册多版本,medium,商品已下架/冻结,8,0.2326280828269063,WATCH,,,2026-06-19 17:27:47,web_detail,,1
69ddd388517d6d0001559c71,【四川护士规培】护理规培丨结业考核丨考试内容丨回忆参考真题,medium,商品已下架/冻结,201,0.23259930651588412,WATCH,69a0139b44de9f0015b7933d,小护圈的店,2026-06-19 17:27:50,web_detail,,1
696f5032d69f530001854d04,2026学位英语考试正版题库APP全国通用/章节练习/历年真题,medium,商品已下架/冻结,102,0.23259930651588412,WATCH,696d93d25cae4a0015bbfda4,香梨香不香的店,2026-06-19 17:27:51,web_detail,,1
6a0d62c2a32a97000110c8d1,Dazz CCD复古相机富士滤镜胶片教学教案网红免费课件一键出片,medium,商品已下架/冻结,199,0.23259848134987665,WATCH,6845850158118f0015ac3ccf,小铠智库阁的店,2026-06-19 17:27:52,web_detail,,1
6a081b797b0d9c00019a762b,笔记同款 个人形象   个人形象 个人形象  个人形象  个人形象,medium,商品已下架/冻结,6,0.23149473967807202,WATCH,68c28969efe84a00157083bb,引力圈充值的店,2026-06-19 17:05:24,web_detail,,1
68b952bb0d3d62000130710e,仿真蜡笔笔刷矢量Ai格式180款电子资料,medium,商品已下架/冻结,246,0.23149222373396222,WATCH,6871c3df5278550015a56920,卓视觉设计师充电站的店,2026-06-19 17:05:25,web_detail,,1
69d3290898fb930001a3e84f,吾今有世家 Win电脑版 本地离线非联网 电子资源,medium,商品已下架/冻结,17,0.23149222373396222,WATCH,67ac7494b3738b0015c79466,鹿丸游戏屋,2026-06-19 17:05:25,web_detail,,1
69fdfda9a5715f0001363f07,中式新中式凉亭子廊架SU模型库欧式古典园林建筑景观构件设计素材,medium,商品已下架/冻结,12,0.22729019798078848,WATCH,67c06990eac0960015590eb8,平方米素材基地,2026-06-19 17:11:11,web_detail,,1
6a07e30e6bbe1b000198fa8d,Lightroom手机版高级功能调色模版安卓/苹果/ipad调色预设模版,medium,商品已下架/冻结,13,0.22728979573090316,WATCH,6a02f2d92300910015e846c1,艺青资源库的店,2026-06-19 17:11:12,web_detail,,1
69c89fcf76e4070001c9d070,1000+ 北美原版精读教练｜AI 知识库｜原汁原味｜更新永久有效,medium,商品已下架/冻结,446,0.2212512356755964,WATCH,645ef7e854cf120001997039,木木教英语的店,2026-06-19 17:06:06,web_detail,,1
6961c8ae93c7460001ff87d1,2026新版快捷英语时文阅读第30期小学初中高中通用电子版PDF,medium,商品已下架/冻结,423,0.2212512356755964,WATCH,66fa758aa9bf3400163b464c,满分资料铺的店,2026-06-19 17:06:07,web_detail,,1
699c77a8d5afea000144e7d6,人教版小学数学123456年级书教科课件本上下册第学期电子打印PDF,medium,商品已下架/冻结,384,0.2212512356755964,WATCH,6915517e27d04f00159570f5,成语小全的店,2026-06-19 17:05:29,web_detail,,1
69d343d8cfe1090001c3b0b0,三角洲行动绝密单户首单体验,medium,商品已下架/冻结,90,0.2212512356755964,WATCH,68f5d83d3f07de00154d78ce,而已电竞（三角洲行动）的店,2026-06-19 17:05:57,web_detail,,1
6a09f377e1e13700012baf67,笔记同款優蕙工具使用教案,medium,商品已下架/冻结,77,0.2212512356755964,WATCH,684d633b4bc6800015926e07,京淘优优的店,2026-06-19 17:06:01,web_detail,,1
69e36578ca7f7f0001ad4e66,2026年新上架，交个朋友~见面礼课件,medium,商品已下架/冻结,70,0.2212512356755964,WATCH,69d09a85309bff00153f38ac,王sir讲真话的店,2026-06-19 17:06:01,web_detail,,1
69b561193eb2480001cb5d62,鲶鱼恋综模拟器AI文字游戏 虚拟商品不退不换,medium,商品已下架/冻结,45,0.2212512356755964,WATCH,683aefb39ac6560015451ecd,晓晓的AI铺子的店,2026-06-19 17:05:57,web_detail,,1
6a01e3013788440001318e28,【测试】你的性格像哪个姐姐,medium,商品已下架/冻结,42,0.2212512356755964,WATCH,6954c456bd117d001561f338,浪姐快乐测吧的店,2026-06-19 17:05:59,web_detail,,1
69fc3d64273c7d0001ee3cf1,2026教育亲子持续永久更新,medium,商品已下架/冻结,31,0.2212512356755964,WATCH,694d302c9e350b0015e59214,万柿如意～的店,2026-06-19 17:05:59,web_detail,,1
6a0adaea8c464100013c5a7c,新版本WPS超级会员专业版泳久免费版,medium,商品已下架/冻结,30,0.2212512356755964,WATCH,69e1d130edc2850015dcad86,小吴老师爱吃瓜的店,2026-06-19 17:05:30,web_detail,,1
6a0d80d9f843b400016c84fc,池核 Pools 游戏动画设计制作,medium,商品已下架/冻结,27,0.2212512356755964,WATCH,68ba74f1b4032b0015b5d34b,水果铺子游戏推荐的店,2026-06-19 17:05:57,web_detail,,1
6a0521b08e60b7000147fbac,8000+游戏合集-全程无弹窗-课件,medium,商品已下架/冻结,24,0.2212512356755964,WATCH,696638556595aa001594915e,tttthhhh的店,2026-06-19 17:05:57,web_detail,,1
696761ca9b2f2f0015365ea9,《五角丛书》PDF电子版资料素材,medium,商品已下架/冻结,21,0.2212512356755964,WATCH,688899385e0c0d0015ac7452,墨墨教育的店,2026-06-19 17:06:05,web_detail,,1
69fd739c213e270001233982,浪7，2026浪姐人物性格自测,medium,商品已下架/冻结,16,0.2212512356755964,WATCH,6954c456bd117d001561f338,浪姐快乐测吧的店,2026-06-19 17:06:04,web_detail,,1
694287ee9b2f2f0015553701,怪物大师1-21PDF电子版合集 高清画质设计电子版网盘发货休闲娱乐,medium,商品已下架/冻结,16,0.2212512356755964,WATCH,68eb25d8103508001575edaf,精品资料小店的店,2026-06-19 17:06:06,web_detail,,1
69df3a2e64c86a001581a0d3,嚓枫牌五合一模板  只有hsj格式 不教使用,medium,商品已下架/冻结,16,0.2212512356755964,WATCH,6853e45e8937a8001520757d,爱薯条精选的店,2026-06-19 17:06:07,web_detail,,1
69ab762dfe4ff500152fe2b2,中大网校初级中级审计师2026教材配套真题考点赠网课+题库,medium,商品已下架/冻结,15,0.2212512356755964,WATCH,697acac3c857a0001630752b,超有用考试资料的店,2026-06-19 17:05:29,web_detail,,1
6a0736366bbe1b00018c3b97,024-详情页 | PS分层可编辑设计文件,medium,商品已下架/冻结,14,0.2212512356755964,WATCH,685f492e4db8540015f43a21,简域素材的店,2026-06-19 17:05:30,web_detail,,1
69a5877136986d00013b3464,MBT16型人格官方链接 · 直接出结果 · 拍下即测 · 可重复测试,medium,商品已下架/冻结,13,0.2212512356755964,WATCH,699fd1ad33067000156a88fe,小红薯lhleb51k的店,2026-06-19 17:05:59,web_detail,,1
6982ab0878d8d50001d2995d,招魂.txt完整版单本,medium,商品已下架/冻结,8,0.2212512356755964,WATCH,695b7a070cc7210015347829,熙熙宝藏书库📖的店,2026-06-19 17:06:02,web_detail,,1
69cba7555dab9a0001fcb4f3,医院计划 Win电脑版 本地离线非联网 电子资源,medium,商品已下架/冻结,13,0.22124875067551503,WATCH,67ac7494b3738b0015c79466,鹿丸游戏屋,2026-06-19 17:06:08,web_detail,,1
6a0ea982001271000186032f,金牌得主（包完结）课件,medium,商品已下架/冻结,10,0.22062897410334753,WATCH,6a071c87f703b300159b7d66,萱萱动漫的店,2026-06-19 17:19:28,web_detail,,1
69bcfb62180bf4000110ca1b,人教版高中生物选择性必修123上下册书教科标本电子高清新版PDF,medium,商品已下架/冻结,158,0.21506904585575448,WATCH,6915517e27d04f00159570f5,成语小全的店,2026-06-19 17:11:14,web_detail,,1
69b222fecdd36c0001aff039,7秒动画logo卡通可爱趣味Q版柔软开场片头AE/PR格式源文件模板,medium,商品已下架/冻结,38,0.2147362548084188,WATCH,6725d35def81e60015140297,柠檬素材设计的店,2026-06-19 16:58:31,web_detail,,1
6a19c0cc94d5830001b105fc,AI新手小白也能轻松掌握的苹果ID注册流程图解教程安全稳定指南,medium,商品已下架/冻结,48,0.20839260015992564,WATCH,,gpt代开的店,2026-06-19 17:27:55,web_detail,,1
69ee144cd4c11100014a6284,26版上海新中考全真模拟卷,medium,商品已下架/冻结,44,0.20839245558523425,WATCH,,,2026-06-19 17:27:56,web_detail,,1
6a1e6c3a86eddf000134ac33,26英语四六级冲刺资料包 翻译/作文/考前预测/听力真题（电子版）,medium,商品已下架/冻结,16,0.20839163658182616,WATCH,,安穆希的店,2026-06-19 17:27:57,web_detail,,1
6a0b608a234d2b0001eeb78b,2026版ww黑白卷湖南地区试卷带答案,medium,商品已下架/冻结,130,0.20839013877722107,WATCH,,,2026-06-19 17:28:08,web_detail,,1
69f23f040283e20001492872,2026级苹果微信分身多开苹果TF邀请教程99,medium,商品已下架/冻结,83,0.20839013877722107,WATCH,,,2026-06-19 17:28:07,web_detail,,1
6a2161d7654d910001301311,AppleID|苹果账号丨独享永久|可改 应用商店资料修改服务,medium,商品已下架/冻结,29,0.20839013877722107,WATCH,68c6ac77b7a08f001574154a,AIplus全球ID助力的店,2026-06-19 17:27:59,web_detail,,1
67eb670879c93d00012329b3,Ps作业海报展版设计,medium,商品已下架/冻结,52,0.20838985677784735,WATCH,,Ps学生作业的店,2026-06-19 17:28:22,web_detail,,1
69622ac8ce1e9f0001981d69,2026学士学位英语刷题App各省都有/成考/自考/函授/国开/专升本,medium,商品已下架/冻结,24,0.20838985677784735,WATCH,,,2026-06-19 17:28:24,web_detail,,1
69f5f69d7894410001e33efa,小学初中高中无水印垫子版,medium,商品已下架/冻结,18,0.20838985677784735,WATCH,,,2026-06-19 17:28:24,web_detail,,1
69bbf71099f8fe00016242a3,《不信人间至白头》沈铮江云袖.txt,medium,商品已下架/冻结,21,0.20838962987173792,WATCH,,,2026-06-19 17:28:25,web_detail,,1
69b69dc2fbb3a40001139ec9,麟（18）学习资料合集,medium,商品已下架/冻结,30,0.20836555172689236,WATCH,69b39dc22a984800153d4cce,橘子海汽水ocn的店,2026-06-19 17:28:27,web_detail,,1
69d525d1b4722c00015722e6,2026年一建教材PDF版一建备考资料,medium,商品已下架/冻结,60,0.20833954839069027,WATCH,6996e02df7d76900151f9ee3,拾光虚拟铺的店,2026-06-19 16:58:31,web_detail,,1
6806733cf1ef950001cccf0c,定制｜定制-歌｜笔记同款·如笔记,medium,商品已下架/冻结,506,0.20549857751355038,WATCH,66f25329ec565d001648260c,研成学长带上岸的店,2026-06-19 17:19:34,web_detail,,1
6a17f292f9c57a0001d3f122,26年下教资笔试中小幼教师资格证笔试科目一二电子版资料包,medium,商品已下架/冻结,297,0.20549857751355038,WATCH,68a483e95e5720001595cef5,意嘉嘉的店,2026-06-19 17:19:32,web_detail,,1
69acdff7f209ba0001ca1ec2,26年新上海五四制新六上/六下道法资料，电zi版不发快递,medium,商品已下架/冻结,215,0.20549857751355038,WATCH,6824a9ad2e0d130015825ff7,易赢教育的店,2026-06-19 17:19:36,web_detail,,1
6a089719dd034c0001f772e4,2026中考黑白卷各地区专版押题卷（PDF版本）,medium,商品已下架/冻结,13,0.20549857751355038,WATCH,69cf7b7ccfff760015bc6110,知识资料网的店,2026-06-19 17:19:32,web_detail,,1
690d66f1057f570015f74758,一二年级语文同步默写上下册人教版看拼音写词语生字专项练习,medium,商品已下架/冻结,1646,0.20471198210653377,WATCH,,启迪图书智慧书屋的店,2026-06-19 13:49:33,web_full,,1
672dc15c18193500010c9e53,天下姚李·四川师范大学2026自考成考学士学位英日语水平考试真题库模拟试卷,medium,商品已下架/冻结,109,0.20231903854840821,WATCH,66ea3296d1b4c200150394ae,天下姚李旗舰店,2026-06-19 16:58:32,web_detail,,1
69e97eea3a4daf00014d4a94,全网主播交友交流群 全职兼职主播干货分享  接单资源共享圈子,medium,商品已下架/冻结,39,0.19418750981701008,WATCH,68073dfb14a9430015e20013,财神爷的小闺女的店,2026-06-19 17:11:16,web_detail,,1
69d76cd5b4722c0001b35409,plus科技学习分析文件写作不降智新老客户专享,medium,商品已下架/冻结,702,0.19418721620270413,WATCH,690ae6e1f763f00015f0516a,团子科技的店,2026-06-19 17:11:17,web_detail,,1
69fef1d498ac4300012fe0b1,龙z 电子版 ppt模版,medium,商品已下架/冻结,45,0.19418721620270413,WATCH,696b915a8978730015a535d8,扬扬寻鹿的店,2026-06-19 17:11:18,web_detail,,1
69a6a150cdc6590001a47dcb,笔记后续｜共37篇,medium,商品已下架/冻结,386,0.19232444427376919,WATCH,68d167f95498b600154e107b,焚香种豆的店,2026-06-19 17:19:40,web_detail,,1
69b94656e60de2000111ecef,笔记同款指令合集,medium,商品已下架/冻结,158,0.19232444427376919,WATCH,685eb8b5e79b610015bca2dc,枝枝的珍珠膏的店的店,2026-06-19 17:19:40,web_detail,,1
6a19657f97469d00017e41bd,2026英语四六级备考资料包,medium,商品已下架/冻结,106,0.19232444427376919,WATCH,692f9bff58732c00152b2488,喵喵学姐资料的店,2026-06-19 17:19:40,web_detail,,1
6a157c7d4245e30001082012,商品同款  自动发货,medium,商品已下架/冻结,86,0.19232444427376919,WATCH,69159bf5f480c60015e0507c,向着太阳晒屁股的店,2026-06-19 17:19:40,web_detail,,1
6a0fc4076acf670015c1f1e5,2026春新版中考电子资料（笔记同款B31）全国各省版,medium,商品已下架/冻结,20,0.19232444427376919,WATCH,694122162ca30c00158814ce,知阅资料馆的店,2026-06-19 17:19:40,web_detail,,1
6a19a95b42db800001bb88c9,错撩 全集解锁 二次元图片资料库  美术资料,medium,商品已下架/冻结,10,0.19232444427376919,WATCH,697326a6b6bfbf001526f6a1,艾Bb的店,2026-06-19 17:19:39,web_detail,,1
6667c537cd6d14000158cb11,宝宝辅食跟我做 0-3岁宝宝辅食教程书 辅食营养餐做法,medium,商品已下架/冻结,1638,0.18928286466786504,WATCH,,,2026-06-19 13:51:44,web_full,,1
69185f31c57d9c0001a4a621,2026版金考卷中考45套汇编全国版河南福建安徽辽宁山西河北湖北,medium,商品已下架/冻结,168,0.1887279764571903,WATCH,,,2026-06-19 17:28:30,web_detail,,1
69d26f6310b42d0001cf6458,2026新-吉林专版【中考模拟题】每科十二套卷-笔记同款-电子版,medium,商品已下架/冻结,160,0.18872785585754492,WATCH,,金日课堂的店,2026-06-19 17:28:30,web_detail,,1
68f9c38daa1e7b0015a1009a,全新版大学进阶英语 第二版 综合教程1234 welearn/课后答案解析,medium,商品已下架/冻结,149,0.18872785585754492,WATCH,,越过高山流水的店的店,2026-06-19 17:28:31,web_detail,,1
6a197a5a9ca7220001289c3a,2026江西中考临考预测卷语数英物化政史电子版pdf,medium,商品已下架/冻结,28,0.1887277372807446,WATCH,,,2026-06-19 17:28:31,web_detail,,1
660bfb936892dc0001fbd467,鑫润 . 用思维导图读懂儿童心理学帮助父母走进孩子内心情绪管理,medium,商品已下架/冻结,2218,0.1887271811023602,WATCH,,,2026-06-19 17:28:36,web_detail,,1
69b962209c14650001e1d09e,五下道法圆明园的诉说公开课,medium,商品已下架/冻结,85,0.18872706555289903,WATCH,,,2026-06-19 17:28:43,web_detail,,1
6a169c4061fef900012db7e8,知识库（原链接已售 1000+）,medium,商品已下架/冻结,65,0.18872706555289903,WATCH,,,2026-06-19 17:28:43,web_detail,,1
68b67fc65ce8aa0001b60429,全2册 底层逻辑1+2 刘润 5分钟商学院 看清这个世界的底牌商业,medium,商品已下架/冻结,25,0.18872706555289903,WATCH,,,2026-06-19 17:28:49,web_detail,,1
6a169a9214118900013e8e7d,26最新证从专项题库,medium,商品已下架/冻结,13,0.18872706555289903,WATCH,,蜂蜜柚子最好喝的店,2026-06-19 17:28:45,web_detail,,1
6a07e636addc2c0001021b36,【正版速发】跨境电商+一人公司 海外贸易全流程AI时代赚钱方向,medium,商品已下架/冻结,3,0.18872706555289903,WATCH,,秋元梓学日语的店,2026-06-19 17:28:39,web_detail,,1
69d09fa19fe19c00010c7b33,2026春0016自学题目PDF,medium,商品已下架/冻结,64,0.18872695076045895,WATCH,,,2026-06-19 17:28:56,web_detail,,1
66e012167fb0e40001f895f1,妙语 蒙台梭利10分钟语言能力培养(0~3岁)早教书 蒙特梭利早教,medium,商品已下架/冻结,2855,0.1887265715876437,WATCH,,,2026-06-19 17:29:47,web_detail,,1
69d26f6310b42d0001cf645e,2026新-吉林专版【中考模拟题】每科十二套卷-笔记同款-电子版,medium,商品已下架/冻结,160,0.1887265715876437,WATCH,,,2026-06-19 17:29:46,web_detail,,1
69a903c5ac2e190001aa81b6,2026中国华电集团在线刷题APP,medium,商品已下架/冻结,95,0.1887265715876437,WATCH,,,2026-06-19 17:29:42,web_detail,,1
6a05a271721fd3000182b45a,2026春 小学 一本15天期末考前冲刺卷语文数学英语1-6年级下册,medium,商品已下架/冻结,9,0.1887265715876437,WATCH,,,2026-06-19 17:29:51,web_detail,,1
6900a70d3f37a9000123edf9,2026年上海教师职称考试题库幼儿园小学初中高中语文数学英语地理,medium,商品已下架/冻结,198,0.18872639665224555,WATCH,,,2026-06-19 17:30:00,web_detail,,1
6a17de74af69a40001cf7451,笔记同款 学习服务 长白（9）,medium,商品已下架/冻结,12,0.18872639665224555,WATCH,,哆不啦哆的店,2026-06-19 17:30:00,web_detail,,1
6a1ac8a23ce96d0001878bfe,摄影作品鉴赏合集1,medium,商品已下架/冻结,10,0.18872639665224555,WATCH,,,2026-06-19 17:30:07,web_detail,,1
6948e6699b2f2f00159e21a5,新版儿童数学思维强化训练凑十法借十法破十法平十法应用题练习册,medium,商品已下架/冻结,744,0.1887262844045575,WATCH,,启迪图书智慧书屋的店,2026-06-19 17:30:18,web_detail,,1
67ee39ebee8f090001189311,【北大社】水彩图解绘：古风水彩插画设计与绘制教程,medium,商品已下架/冻结,242,0.1887262844045575,WATCH,,,2026-06-19 17:30:22,web_detail,,1
68c554339c37010001a83d0d,少儿韩语 맞춤 한국어1-6,medium,商品已下架/冻结,47,0.1887262844045575,WATCH,,,2026-06-19 17:30:15,web_detail,,1
69fc045af888bb0001525373,2026江苏盐城教师职称幼小初高各科均有考试题库历年真题培训资料,medium,商品已下架/冻结,12,0.1887262844045575,WATCH,,,2026-06-19 17:30:19,web_detail,,1
6a1e443ebe1ced00155ae780,2026版高考最后冲刺电子资料（笔记同款92）,medium,商品已下架/冻结,12,0.1887262844045575,WATCH,,,2026-06-19 17:30:20,web_detail,,1
6a219c00ded8da0001fa30ba,2027版大一轮复习讲义高中语数英物化生政史地,medium,商品已下架/冻结,6,0.1887262844045575,WATCH,,知学有方的店,2026-06-19 17:30:26,web_detail,,1
64844212a39dd5000108f4c2,行楷练字密码符号化练字成人初学行楷字帖荆霄鹏行楷字帖,medium,商品已下架/冻结,934,0.1887261695730803,WATCH,,,2026-06-19 17:30:35,web_detail,,1
69d26f6310b42d0001cf645b,2026新-吉林专版【中考模拟题】每科十二套卷-笔记同款-电子版,medium,商品已下架/冻结,160,0.1887261695730803,WATCH,,,2026-06-19 17:30:32,web_detail,,1
6a06c999721fd300019cd00c,2026实验班小学毕业升学考试试卷精选,medium,商品已下架/冻结,136,0.1887261695730803,WATCH,,,2026-06-19 17:30:33,web_detail,,1
695e4ed644a50200012eaba9,2026社区工作者招聘网格员题库app电子资料包行测公基社区知识,medium,商品已下架/冻结,70,0.1887261695730803,WATCH,,,2026-06-19 17:30:31,web_detail,,1
6a0fbcfe285e7c000117a925,小学全科目《期末试卷系列》1-6年级下册（PDF电子版）,medium,商品已下架/冻结,27,0.1887261695730803,WATCH,,,2026-06-19 17:30:33,web_detail,,1
69dcdf00ab6f94000164389a,2026四六级备考资料包（历年真题+解析+听力）电子版高清无水印,medium,商品已下架/冻结,54,0.18870634218784277,WATCH,695630a7cbf4700015d55e9b,LiYueYue的店,2026-06-19 17:31:10,web_detail,,1
69da5e7647a2e20001bedffb,2026春小学语1-6年级下册《XB期末试卷》（PDF高清电子版）,medium,商品已下架/冻结,90,0.1887062156934095,WATCH,66fa758aa9bf3400163b464c,满分资料铺的店,2026-06-19 17:31:10,web_detail,,1
6a0ed2a41b7cf30001506b98,dazz富士滤镜 全部滤镜教程ppt,medium,商品已下架/冻结,41,0.18870579906535914,WATCH,69b6bbe7a8b3c2001554e826,球球将军的店,2026-06-19 17:31:14,web_detail,,1
6a0fdd6bb1358c00150bfcea,嚓枫牌彩蛋模板 hsj格式 不教使用,medium,商品已下架/冻结,9,0.18870533274690818,WATCH,6853e45e8937a8001520757d,爱薯条精选的店,2026-06-19 17:31:16,web_detail,,1
6900e8100dfa7500012f4056,ppt·以青春之我，赴现代化征程思政微课PPT带演讲稿,medium,商品已下架/冻结,164,0.18870516271547116,WATCH,67b6ca7e6d87470015dcef16,小小呗PPT原创课件的店,2026-06-19 17:31:18,web_detail,,1
69da5e7647a2e20001bedffe,2026春小学语1-6年级下册《XB期末试卷》（PDF高清电子版）,medium,商品已下架/冻结,90,0.18870516271547116,WATCH,66fa758aa9bf3400163b464c,满分资料铺的店,2026-06-19 17:31:17,web_detail,,1
69d64b2198fb93000105849e,王者荣耀改名重复名定制艺术字空白名单字名咨询服务,medium,商品已下架/冻结,83,0.1887045015564334,WATCH,66485815c3a6a9000183e937,KB电竞的店,2026-06-19 17:31:19,web_detail,,1
69e32542a9f81400019184d2,臣yan 资料暑假衔接预科班名著作文电子版,medium,商品已下架/冻结,55,0.1887045015564334,WATCH,69c3954623f2ef001521fb1e,帼帕小书屋的店,2026-06-19 17:31:19,web_detail,,1
68107e2bcd029e0001cf3af7,2026年新版中级会计官方教材2025中级会计实务财务经济法考试用书,medium,商品已下架/冻结,158,0.18519651717265553,WATCH,667d15a9c0e6de00010f44bd,方方图书的店,2026-06-19 17:11:25,web_detail,,1
69db60436932b70001632ec6,实体定制016【下单后及时查看物流信息】,medium,商品已下架/冻结,23,0.18519651717265553,WATCH,693a2c8103ebbf001515228e,爱看小说的猪儿虫的店,2026-06-19 17:11:25,web_detail,,1
6a0fcc266acf670015c22b0c,2026春新版小学语文数学英语电子资料（笔记同款C58）,medium,商品已下架/冻结,17,0.18519651717265553,WATCH,68218f8023029100157066a8,博学资料库的店,2026-06-19 17:11:26,web_detail,,1
6a0eb3b471d8c30001f0fa59,【药屋少女的呢喃】高清漫画+小说 中文版 PDF+epub资源,medium,商品已下架/冻结,5,0.18519651717265553,WATCH,69c3e0cec52ca300157c046a,数集优选的店,2026-06-19 17:11:26,web_detail,,1
69de0c7ae830d60001d6e3aa,高斯数学+DK数学图解1-6年级思维培养看动画学数学全套点电子版,medium,商品已下架/冻结,35,0.1840558249376096,WATCH,64eaec6f5b50f700015ecd04,星禾素材的店,2026-06-19 16:59:51,web_detail,,1
699d63a842ce000001ccaa60,人教版初中数学初一二三789年级上下册书教科课件本电子版打印PDF,medium,商品已下架/冻结,284,0.18073822365717165,WATCH,6915517e27d04f00159570f5,成语小全的店,2026-06-19 17:19:42,web_detail,,1
689068bd86c0df000152c384,职豚·易考题库ATA全美在线eztest笔试辅导针对客户端练习题库行测2026,medium,商品已下架/冻结,120,0.18073768593798578,WATCH,66a0dd7ea6d84600166970a4,职豚的店,2026-06-19 17:19:48,web_detail,,1
692fac8f2cf0ca00014867b0,笔记同款疗愈文合集,medium,商品已下架/冻结,5,0.18073768593798578,WATCH,6833d429e3e8840015c21ae8,大头针的店,2026-06-19 17:19:47,web_detail,,1
6963bcb8ce1e9f0001cb21df,2026年天津市各区初中语数外物化生地史政期末电子真题试卷电子版,medium,商品已下架/冻结,1486,0.1782364514200536,WATCH,,桃李先生资料库的店,2026-06-19 14:30:11,web_full,,1
6891b949f9d7c800018eb5de,AI写小说指令电子版,medium,商品已下架/冻结,1213,0.17700174570149188,WATCH,682adadc0378670015c1263c,科技未来的店,2026-06-19 17:11:29,web_detail,,1
69e08b3d933b0300013fbcd8,【水果id】appstore应用游戏更新下载虚拟产品一次性&共享模板,medium,商品已下架/冻结,28,0.17700174570149188,WATCH,695ddbaaaffe580015000043,美区Apple自助零纳米游戏的店,2026-06-19 17:11:28,web_detail,,1
69f9929b8c2c2300010e246c,WPS 大会 AI PPT制作 AI简历 PDF文档编辑转换 表格制作,medium,商品已下架/冻结,27,0.17700174570149188,WATCH,6926ae4a3a05910015c9822b,伊伊办公便利惠民,2026-06-19 17:11:29,web_detail,,1
68aff9fa0c85cc000199b1c1,《秒发》800+高质量生活照素材,medium,商品已下架/冻结,20,0.17700174570149188,WATCH,68ac2e183e93a70015c7af64,薇薇安宝藏的店,2026-06-19 17:11:28,web_detail,,1
69edb54541333c0001af28ca,《偷风不偷月》by北南 沈若臻x项明章 双男主推荐学习资料PPT模版,medium,商品已下架/冻结,6,0.17700174570149188,WATCH,69d8dfe7ff4a75001571b919,学长素材小铺,2026-06-19 17:11:29,web_detail,,1
6a0425e3213e270001334952,原创ds文游指令（全500+   自动发货 ）,medium,商品已下架/冻结,476,0.1770015827752996,WATCH,69be036e519c600015db2cd4,疏影落清欢的店,2026-06-19 17:11:40,web_detail,,1
69ddced498fb930001314e4a,高清摄影作品相册笔记同款,medium,商品已下架/冻结,90,0.1770015827752996,WATCH,69720c0ba3f3a60015a17e5f,贝壳小星的店,2026-06-19 17:11:40,web_detail,,1
69eb6c186eeaf70001d42711,三角洲行动单护新客体验40r/h,medium,商品已下架/冻结,69,0.1770015827752996,WATCH,68f5d83d3f07de00154d78ce,而已电竞（三角洲行动）的店,2026-06-19 17:11:31,web_detail,,1
69b79ce3771a67000127c5bc,初中日语初一二三789年级上下册书教科本高清电子版打印新版标PDF,medium,商品已下架/冻结,56,0.1770015827752996,WATCH,6915517e27d04f00159570f5,成语小全的店,2026-06-19 17:11:41,web_detail,,1
699d876fb90bc50001489404,NPD人格择偶筛选测试,medium,商品已下架/冻结,52,0.1770015827752996,WATCH,697b04e04409ed0015918b55,木梵心理咨询的店,2026-06-19 17:11:31,web_detail,,1
69e1d52c02be3200019c68fd,『雨果ID』apple商城下载更新独享&共享一次性虚拟履历资料模板,medium,商品已下架/冻结,48,0.1770015827752996,WATCH,69d99b0d7044b8001525957b,雨果丨全区IOS的店,2026-06-19 17:11:30,web_detail,,1
692a59fd2cf0ca00010ca301,高级颜值测试-测出自己颜值分-在线测试,medium,商品已下架/冻结,41,0.1770015827752996,WATCH,69002f3e146a6000159f6320,心境观测站的店,2026-06-19 17:11:39,web_detail,,1
696f7fea68700c0001a5bf0f,«轻狂»正文共120章,medium,商品已下架/冻结,18,0.1770015827752996,WATCH,6939897e80ebb100150dd51f,蕉虑拜拜快乐坊的店,2026-06-19 17:11:37,web_detail,,1
6a0591020511b5000139f50e,the ghost 手机平板ios/ipad,medium,商品已下架/冻结,16,0.1770015827752996,WATCH,695e32e4012e360015723a8f,小超市资料库的店,2026-06-19 17:11:32,web_detail,,1
69b3cf1f08e3690001ab32bc,2026春六年级下册语文人教版电子课本电子书新教材电子版可打印,medium,商品已下架/冻结,12,0.1770015827752996,WATCH,69aa15505f9e8a0015eabd00,远航教辅的店,2026-06-19 17:11:41,web_detail,,1
6a0f1201249d510001ccf054,ios饥荒巨人国 海滩 苹果手机版支持ipad/iphone,medium,商品已下架/冻结,11,0.1770015827752996,WATCH,695e32e4012e360015723a8f,小超市资料库的店,2026-06-19 17:11:31,web_detail,,1
69c0eae523faf80001e1dae5,备考2026小学毕业升学考试真题试卷34套六年级语数英电子资料,medium,商品已下架/冻结,127,0.177001501757692,WATCH,680f1e2cb5fcb90016eaaab8,小初高素材库的店,2026-06-19 17:11:43,web_detail,,1
6a0fdd65f8cf6200151aabfe,嚓枫牌三人行模板 hsj格式 不教使用,medium,商品已下架/冻结,7,0.177001501757692,WATCH,6853e45e8937a8001520757d,爱薯条精选的店,2026-06-19 17:11:43,web_detail,,1
69cddfe42fb629000127114e,焕家物语 Win电脑版 本地离线非联网 电子资源,medium,商品已下架/冻结,137,0.176999000540412,WATCH,67ac7494b3738b0015c79466,鹿丸游戏屋的店,2026-06-19 17:11:45,web_detail,,1
69ba62f9f89e9d00157e20f0,《网球王子》漫画1-42卷全附赠新网球王子426话/设计素材源文件,medium,商品已下架/冻结,5,0.176999000540412,WATCH,687e2938e292c60015021012,漫画任意门,2026-06-19 17:11:45,web_detail,,1
6963bcb8ce1e9f0001cb21e8,2026年天津市各区初中语数外物化生地史政期末电子真题试卷电子版,medium,商品已下架/冻结,1485,0.17450011767446438,WATCH,65bb02155848410001055146,桃李先生资料库的店,2026-06-19 14:30:16,web_full,,1
69cf1f0bfcd43f0001351000,2026春名校课堂初中全国通用版,medium,商品已下架/冻结,71,0.17245478420328822,WATCH,6727962e7f3e1d0015aa0cb5,小何🌸妈妈的店,2026-06-19 17:31:20,web_detail,,1
69e5cf998c762b0001f10edb,《掼蛋》三招让你快速变成高手组牌斗牌配合残局130+技巧现学现用,medium,商品已下架/冻结,20,0.1724543828986918,WATCH,,,2026-06-19 17:31:21,web_detail,,1
6a0a77a49138010015ed67a4,2026春新版小学初中1-8年级下册电子资料（笔记同款51）,medium,商品已下架/冻结,32,0.1724542838893413,WATCH,,,2026-06-19 17:31:31,web_detail,,1
69f6ee69a97845000164e119,丽丽ya东 职业技能A类测试卷资料合集,medium,商品已下架/冻结,8,0.1724542838893413,WATCH,,,2026-06-19 17:31:26,web_detail,,1
69e9886243360b0001f1b400,【8.8R/个】炫彩娜塔莎公仔黑娃麦芽糖材质抽象娜塔莎捏捏乐解压,medium,商品已下架/冻结,326,0.17245403941089438,WATCH,,,2026-06-19 17:31:41,web_detail,,1
68ba87bca50cd900014c4d46,【电子社】汉服怎么做 复原汉服制作实例教程 中国传统服饰系列书,medium,商品已下架/冻结,244,0.17245403941089438,WATCH,,书纪优选的店,2026-06-19 17:31:40,web_detail,,1
69226dd718096d00018cd0ce,2026年一本万w初中作文语文英语诗词定真题高分热点素材100篇pdf,medium,商品已下架/冻结,129,0.17245403941089438,WATCH,,,2026-06-19 17:31:44,web_detail,,1
6a1baf24f2340f0001e1b4fb,Android 滤镜预设模版照片视频实况滤镜胶片风格调色预设素材模板,medium,商品已下架/冻结,47,0.17245403941089438,WATCH,,,2026-06-19 17:31:36,web_detail,,1
65dc9f53b41d590001db4a33,【书行】高频常用字书法练习纸小学生控笔训练成人笔画偏旁字帖,medium,商品已下架/冻结,36,0.17245403941089438,WATCH,,,2026-06-19 17:31:43,web_detail,,1
6a0924cb67d5950001cdea00,恐怖故事杂志PDF合集,medium,商品已下架/冻结,12,0.17245403941089438,WATCH,,,2026-06-19 17:31:41,web_detail,,1
68fdf58dc192ac0001d0a8df,59G音效库 3w+音效,medium,商品已下架/冻结,41,0.17245391275149555,WATCH,,云端书声铺的店,2026-06-19 17:31:50,web_detail,,1
69e2db074dd26e00019c6068,2026版WW中考作文精准预侧-语+英H142初中,medium,商品已下架/冻结,29,0.17245391275149555,WATCH,,,2026-06-19 17:31:48,web_detail,,1
69d46dc7c03a930001ecf023,禄口机场附近室内停车场.3天起停60¥起一天加15¥,medium,商品已下架/冻结,927,0.17245381949093086,WATCH,,,2026-06-19 17:32:16,web_detail,,1
67adb59efb9622000129ea6d,重庆中考语文数学英语物理化学道法历史模拟试卷中考历年真题试卷,medium,商品已下架/冻结,266,0.17245381949093086,WATCH,,桃李先生资料库的店,2026-06-19 17:32:12,web_detail,,1
69fd4fad98ac4300010695c6,笔记同款全套 直接拍,medium,商品已下架/冻结,30,0.17245381949093086,WATCH,,,2026-06-19 17:32:04,web_detail,,1
6a1ff2596f95e700010eed83,Alpha行研精读会员-行业洞察智库研究报告精选,medium,商品已下架/冻结,12,0.17245381949093086,WATCH,,,2026-06-19 17:32:03,web_detail,,1
6a0e6d1e90bd1b0001aa76dd,错撩（包完结）｜课件,medium,商品已下架/冻结,6,0.17245381949093086,WATCH,,,2026-06-19 17:32:04,web_detail,,1
67debd1298b4be0001507449,新版2026年天一成人高考高升专教材历年真题试卷成考高起专升本教,medium,商品已下架/冻结,254,0.17245372300929107,WATCH,,,2026-06-19 17:32:49,web_detail,,1
69d4cfba9a97eb000173785f,资料汇总017 吱吱 11个,medium,商品已下架/冻结,44,0.17245372300929107,WATCH,,,2026-06-19 17:32:49,web_detail,,1
6908a0ffc6a9770001e8ed5e,新版2026年人卫版全国护士执业资格考试指导同步习题模拟试卷用书,medium,商品已下架/冻结,84,0.17243641922215194,WATCH,667d15a9c0e6de00010f44bd,方方图书的店,2026-06-19 17:32:51,web_detail,,1
68f0badd702da10001dadfcb,2026新版【一本小学数学思维训练】1-6年级同步练习册PDF电子版,medium,商品已下架/冻结,57,0.17243641922215194,WATCH,684916dbcdee0b0015997241,林妙妙的资料铺的店,2026-06-19 17:32:52,web_detail,,1
69fc1d14273c7d0001e9033d,笔记同款秒发wph教程ppt,medium,商品已下架/冻结,225,0.1724363135996532,WATCH,6969e95da7108d001541da0d,先天省米圣体的店,2026-06-19 17:32:52,web_detail,,1
66a924316ac4de0001d29fba,一本预备新高一 2026初升高暑假预习语数英物化 高一暑假衔接,medium,商品已下架/冻结,705,0.17243608006178895,WATCH,66972edccd6c900001175937,博览正版图书的店,2026-06-19 17:32:54,web_detail,,1
69bd2c24ff00dc000193fb47,全品类可用无门槛兑换壁纸,medium,商品已下架/冻结,555,0.17243557634144915,WATCH,6969e95da7108d001541da0d,先天省米圣体的店,2026-06-19 17:32:55,web_detail,,1
6a1000e161fef900017d63e2,良陈 美锦｜摄影 小合集,medium,商品已下架/冻结,131,0.17243557634144915,WATCH,68f37ceff8a28100159261ce,果果资源库！的店,2026-06-19 17:32:56,web_detail,,1
6a12b66b0012710001f2ed4d,Dazz CCD复古相机富士滤镜胶片教学教案网红免费课件一键出片神器,medium,商品已下架/冻结,22,0.17243557634144915,WATCH,6832607f31bde90015a9930f,king的店,2026-06-19 17:32:55,web_detail,,1
6a111b3e3d3e4d0001f2265c,笔记同款大学生创业计划书ppt模版电子版资料【可编辑】,medium,商品已下架/冻结,58,0.17243525510132202,WATCH,698a7cbae1cf2f0015340386,小红薯6A18C86D的店,2026-06-19 17:32:56,web_detail,,1
6a06baff721fd3000199bc7a,《全职猎人》漫画全彩+黑白 1-410 话/设计素材源文件/24h 自动发,medium,商品已下架/冻结,5,0.17243525510132202,WATCH,678ee544974cb0001555d256,小一依的店,2026-06-19 17:32:56,web_detail,,1
69d8b259d0151a0001f57dfe,肉丸烹饪盛满快乐 Win电脑版 本地离线非联网 电子资源,medium,商品已下架/冻结,30,0.17046425353469438,WATCH,67ac7494b3738b0015c79466,鹿丸游戏屋,2026-06-19 17:19:53,web_detail,,1
69395ba871595800018e9832,小学《中华民族大家庭》电子书,medium,商品已下架/冻结,72,0.16130219650342573,WATCH,68746b2ac7076c001584365a,默默发芽的店,2026-06-19 17:19:53,web_detail,,1
69836936b6ceb400012fcf9b,电子书资料 《不怨人》,medium,商品已下架/冻结,41,0.16130219650342573,WATCH,693901dc8bd2c6001539d2ec,裸奔的馒头爱撸铁的店,2026-06-19 17:19:53,web_detail,,1
69b0e18e3250830001d07844,2026银行从业资格初级中级习题历年试题模拟预测,medium,商品已下架/冻结,24,0.16130219650342573,WATCH,690054e3bbdb5900158fe55c,晨晓学姐的店,2026-06-19 17:19:54,web_detail,,1
69d0ff74e4090800019fc8f1,《丁香妈妈科学怀孕指南》电子书，PDF,medium,商品已下架/冻结,8,0.16130219650342573,WATCH,69cdf6454bac25001577fb06,大脸猫营养考证辅导的店,2026-06-19 17:19:53,web_detail,,1
69b7a269e95b340001b043d1,北师大版初中生物初一二78年级电子教科版书本高清水打印新版PDF,medium,商品已下架/冻结,59,0.16129901481587133,WATCH,6915517e27d04f00159570f5,成语小全,2026-06-19 17:19:55,web_detail,,1
69aa80b014149e000151633e,ios邀请码安装指导服务01,medium,商品已下架/冻结,102,0.1587646460712258,WATCH,,,2026-06-19 17:33:01,web_detail,,1
6901bc7d427261000181990c,2026年ww初中基础知识与中考创新题诗词定789年级语文数学英语pdf,medium,商品已下架/冻结,91,0.1587646460712258,WATCH,,,2026-06-19 17:33:07,web_detail,,1
69c200d99c14650001cbd98f,26年线上摆摊0-1爆单运营手册,medium,商品已下架/冻结,82,0.1587646460712258,WATCH,,,2026-06-19 17:33:02,web_detail,,1
6a0abbc6e80a7b00011e9aae,欢迎光临｜下单即发｜10044｜各位老板需要请下单,medium,商品已下架/冻结,73,0.1587646460712258,WATCH,,医学Med E-File的店,2026-06-19 17:32:58,web_detail,,1
6a1d8eb559889000012a9828,图片制作拼豆图纸/原图制作/拼豆图纸模板制作,medium,商品已下架/冻结,6,0.1587646460712258,WATCH,,,2026-06-19 17:32:59,web_detail,,1
64682d72214eda00011a2a9e,获取单篇查阅银行业研究报告策略研究材料权限交流,medium,商品已下架/冻结,1255,0.15876456072563153,WATCH,,体验设计分享的店,2026-06-19 17:33:18,web_detail,,1
697ab6f18162320015766345,2026下册新版语文同步专项训练一二年级看拼音写词语课文内容填空,medium,商品已下架/冻结,1238,0.15876456072563153,WATCH,,启迪图书智慧书屋的店,2026-06-19 17:33:18,web_detail,,1
69ef3427faf0020001051eaf,9.9特价批改邦周卡,medium,商品已下架/冻结,568,0.15876456072563153,WATCH,,,2026-06-19 17:33:16,web_detail,,1
69b539a1ca64b3000113831f,2026新娘手机壁纸全系列套图100+张,medium,商品已下架/冻结,245,0.15876456072563153,WATCH,,安北潮图的店,2026-06-19 17:33:18,web_detail,,1
69e1671557d5bd00010a06cb,笔记同款M-3 26春期末总复习试卷 小学1-6年级下册,medium,商品已下架/冻结,84,0.15876456072563153,WATCH,,,2026-06-19 17:33:09,web_detail,,1
6a19083daf69a40001e95f29,夏多 笔记同款16个课件资源,medium,商品已下架/冻结,80,0.15876456072563153,WATCH,,,2026-06-19 17:33:18,web_detail,,1
6a1be6de9ca72200015d488c,【笔记同款L34】2026内蒙古垫子版,medium,商品已下架/冻结,55,0.15876456072563153,WATCH,,,2026-06-19 17:33:17,web_detail,,1
69d379d5c94bfd0001283833,有间·国家人文历史 专题刊第三弹～典籍系列等25年26年,medium,商品已下架/冻结,38,0.15876456072563153,WATCH,,,2026-06-19 17:33:18,web_detail,,1
6a19adf7cd75c300010ed626,韩发内娱模拟器合集《嫂嫂、爱豆、真心、换乘、单身》文娱,medium,商品已下架/冻结,8,0.15876456072563153,WATCH,,,2026-06-19 17:33:12,web_detail,,1
6a0de3864bc2410001cd2335,平果APP 软件应用下载更新指导稳定安全！,medium,商品已下架/冻结,50,0.15876447681154118,WATCH,,,2026-06-19 17:33:21,web_detail,,1
66a77cbdae8dcb0001d21039,2026年全年申论时评精析素材范文积累（电子版）,medium,商品已下架/冻结,48,0.15876447681154118,WATCH,,,2026-06-19 17:33:23,web_detail,,1
68edbba1002e7e0001b2df39,女人的法律书：写给女性的法律科普读物，关注女性生活和成长之书,medium,商品已下架/冻结,36,0.15876447681154118,WATCH,,,2026-06-19 17:33:21,web_detail,,1
69df0d13282cc20001bdc7db,26春小学语文/数学/英语 考点梳理时习卷,medium,商品已下架/冻结,318,0.15874895135005854,WATCH,6961c01ad3c74200150768ce,小涵Teacher的店,2026-06-19 17:33:28,web_detail,,1
69f3090b30d0860001e49b57,茶百道 爆款10选1.。。,medium,商品已下架/冻结,59,0.15874886078246228,WATCH,69f0896d15a0fe00156687ef,小红薯69F49186的店,2026-06-19 17:33:29,web_detail,,1
6a02f9705a83230001abab66,办公效率一键抠图万能提取抠出透明背景简易方,medium,商品已下架/冻结,1074,0.1587486213348099,WATCH,69a7daecf21230001534ebd9,虞人网络的店,2026-06-19 17:33:29,web_detail,,1
694117b26109ef0001891e00,ppt·【秒发】时事热点PPT：星星人的爆火带演讲稿,medium,商品已下架/冻结,27,0.1587483490671667,WATCH,67b6ca7e6d87470015dcef16,小小呗PPT原创课件的店,2026-06-19 17:33:32,web_detail,,1
6a03db10b113e4001510a616,2026新版中考电子资料（笔记同款B20）,medium,商品已下架/冻结,23,0.1587483490671667,WATCH,68218f8023029100157066a8,博学资料库的店,2026-06-19 17:33:33,web_detail,,1
69d508b1d0151a000162b931,资料汇总021 一度君华 27个,medium,商品已下架/冻结,20,0.1587483490671667,WATCH,6875ff0ea9347a001524abbf,mofa小铺的店,2026-06-19 17:33:32,web_detail,,1
6a06dbb68e60b700017aa47e,2026春初中电子版资料（笔记同款B23）,medium,商品已下架/冻结,20,0.1587483490671667,WATCH,69a948c493ea950015c6549a,小书虫资料教辅的店,2026-06-19 17:33:33,web_detail,,1
69f2202443360b000143e5b9,【丝巾样机】21款垂坠褶皱肌理品牌VI文创周边智能替换设计PSD,medium,商品已下架/冻结,15,0.14881512307500425,WATCH,65bb36d0584841000105523a,文文文先生的店,2026-06-19 17:06:08,web_detail,,1
69bf9a65ffa26d0001a590d9,2026年版五年中考三年模拟中考总复习电子版PDF五三全国通用,medium,商品已下架/冻结,136,0.14708842518814122,WATCH,686e16a2409b630015c8b6ec,Teacher的店,2026-06-19 17:33:38,web_detail,,1
69ac5a92f209ba0001c0b7f7,26年6月四六级备考大全,medium,商品已下架/冻结,52,0.14708842518814122,WATCH,69233490084ee900151986cb,小渔学姐的店,2026-06-19 17:33:38,web_detail,,1
69bd4436ec66640001f90356,2026春人教版1-6年级数学下册《小学学霸冲A卷》单元卷复习期末卷,medium,商品已下架/冻结,34,0.14564102375665255,WATCH,64f3e50fc0583a000131d141,小锦资料库的店,2026-06-19 17:19:55,web_detail,,1
69ddb1e75ec08800011553eb,巴别塔圣歌 Win电脑版 本地离线非联网 电子资源,medium,商品已下架/冻结,9,0.14564093437960499,WATCH,67ac7494b3738b0015c79466,鹿丸游戏屋,2026-06-19 17:19:56,web_detail,,1
6a05784c7b710e0001349098,2026版王H熊高考预测试卷全国各地专版PDF-垫子版,medium,商品已下架/冻结,333,0.145640748121794,WATCH,687df4c130520f001585e024,懒人学习搭子的店,2026-06-19 17:19:57,web_detail,,1
6a0ab5a73eb97c00015f3b59,2026春小学（53单元归类复习2）五三单元归类复习下册,medium,商品已下架/冻结,83,0.145640748121794,WATCH,69da468f238a3a00157ce42e,乐学研究所的店,2026-06-19 17:19:58,web_detail,,1
69beba4b99f8fe0001968b1e,货代群，货代交流群，货代同行群手抄报,medium,商品已下架/冻结,78,0.145640748121794,WATCH,6904316311a9af0015a1284e,临期食品资源的店,2026-06-19 17:19:56,web_detail,,1
69ede05d7b1f3800017a6aa7,人教版六年级下册英语期中测试卷(6套)带答案,medium,商品已下架/冻结,51,0.145640748121794,WATCH,69088f9f32e21100156247ef,气泡猫资料库的店,2026-06-19 17:20:00,web_detail,,1
69fbf5c8c61d3a0001431402,2026春 小学典中点语文数学英语1-6年级下册,medium,商品已下架/冻结,23,0.145640748121794,WATCH,69e1f6bbe1931a00154d5978,满分学习社的店,2026-06-19 17:19:59,web_detail,,1
69bcedf0040ad400154cf040,《我亲爱的法医小姐》漫画特典10篇+广播剧3季全,medium,商品已下架/冻结,9,0.13889777524262023,WATCH,69b0ba9abd117d0015334b47,小红薯69E97C17的店,2026-06-19 17:20:08,web_detail,,1
6a0c1746a1a664000133f4f3,情侣卡通形象设计Q版手绘头像定制漫画人物绘画真人照片动漫画像,medium,商品已下架/冻结,179,0.1388976934591976,WATCH,6926a2cdec9d9a001545f337,这是一家手绘的店,2026-06-19 17:20:09,web_detail,,1
69c64f91fcd43f0001140970,27考研英语刘晓y全程班急救班（送26全程）持续更新到考前不加密,medium,商品已下架/冻结,42,0.1388976934591976,WATCH,68d919736b90d700154a04cc,周周很忙的店,2026-06-19 17:20:12,web_detail,,1
68ff28bc4a00000001cb42c1,护士轻松过2026随身记26全国护士执业资格考试轻松过护士资格考试,medium,商品已下架/冻结,30,0.1388976934591976,WATCH,6717a1c9576178001577189c,芳菲洛图书店的店,2026-06-19 17:20:10,web_detail,,1
69bfd529a20c210001a7bf8b,（2000w）GK双子三角洲行动系列头像壁纸,medium,商品已下架/冻结,27,0.1388976934591976,WATCH,690d9f5a93f4240015818a99,GK电竞(三角洲行动)的店,2026-06-19 17:20:09,web_detail,,1
6a13d2098a78380015e54b47,笔记同款模板X 自动发货,medium,商品已下架/冻结,6,0.1369998491863783,WATCH,69c6363ef0684a0015a9bc27,铄梵互联网的店,2026-06-19 17:33:42,web_detail,,1
69eeedf90511b500017a5963,胶片滤镜教程丨照片视频实况胶片滤镜调色预设素材模板,medium,商品已下架/冻结,384,0.13699961386194795,WATCH,69da50454c282800152c8125,菠萝包包kww的店,2026-06-19 17:33:43,web_detail,,1
69da271b46d60b00019c8934,2027高中资料大一轮笔记同款6语文数学英语物理物政史地化学,medium,商品已下架/冻结,146,0.13699961386194795,WATCH,687362cb348d4b0015eb8c54,考点速通铺的店,2026-06-19 17:33:51,web_detail,,1
6a19a31c7c56550001f6c775,2026静安区社区工作者招聘考试备考资料精编,medium,商品已下架/冻结,24,0.13699961386194795,WATCH,694e8be2fbdb9e0015c95c48,小枫学姐资料的店,2026-06-19 17:33:44,web_detail,,1
68d4b0cb53446d000190d8bf,大学英语四六级历年真题仔细阅读选词听力写作专项题型真题PDF,medium,商品已下架/冻结,18,0.13699961386194795,WATCH,680a4a154c17000015a54c32,窗前枫叶的店,2026-06-19 17:33:52,web_detail,,1
6a157d4f859c5f000106fdbf,商品笔记 自动发货,medium,商品已下架/冻结,17,0.13699961386194795,WATCH,69159bf5f480c60015e0507c,向着太阳晒屁股的店,2026-06-19 17:33:43,web_detail,,1
6a169a9214118900013e8e8c,26最新证从专项题库,medium,商品已下架/冻结,11,0.13699961386194795,WATCH,6810ed49f09fd000153277e9,蜂蜜柚子最好喝的店,2026-06-19 17:33:43,web_detail,,1
6a0e9f5da32a970001b1c67e,美团火车机票全国通用省 红包攻略教程 PPT文档,medium,商品已下架/冻结,10,0.13699961386194795,WATCH,6822b5a4a34f9d0015f0dcbb,品诺教辅资料库的店,2026-06-19 17:33:48,web_detail,,1
6a16b37a9a00d30001298105,笔记同款 学习服务 木瓜（10）,medium,商品已下架/冻结,4,0.13699961386194795,WATCH,6a02d0c65b49760015c12d79,哆不啦哆的店,2026-06-19 17:33:50,web_detail,,1
6a071e8358e1b1000187275d,公共卫生间SU模型室内商场办公楼公厕洗手间厕所公共场所工装素材,medium,商品已下架/冻结,7,0.13275811437078439,WATCH,67c06990eac0960015590eb8,平方米素材基地,2026-06-19 17:20:14,web_detail,,1
69f8281f81bc010001201a3d,WPS 个人简历 PDF编辑格式转换 PPT制作 笔记同款,medium,商品已下架/冻结,50,0.1327516962757413,WATCH,6926ae4a3a05910015c9822b,伊伊办公便利惠民的店,2026-06-19 17:20:14,web_detail,,1
69e5bd68a8edd10001b864d5,26上初中英语教资面试全套资料 含结构化 真题 逐字稿 教案等全套,medium,商品已下架/冻结,397,0.13275163445808918,WATCH,687902481ddc8f0016b10447,爱吃旺仔小馒头的店,2026-06-19 17:20:14,web_detail,,1
699f134376da220001a7c58b,大阅读L1-L6全套电子学习资料（视频+伴读+电子版）,medium,商品已下架/冻结,115,0.13275163445808918,WATCH,680f7601300091001564e4ee,少儿家共享（自动发货）的店,2026-06-19 17:20:16,web_detail,,1
69fc2d0e273c7d0001eba56f,小红书去水印快捷指令｜一键操作 · 无限次免费用 即买即用！,medium,商品已下架/冻结,113,0.13275163445808918,WATCH,67b73094c0795f00159ea3df,快速成長的店,2026-06-19 17:20:16,web_detail,,1
6a0163e28a783800157fe01a,韩语图解 中韩英日4种语言译文 韩语学习资料,medium,商品已下架/冻结,14,0.13275163445808918,WATCH,692d70e620844d00159600ed,小莱的韩语笔记,2026-06-19 17:20:15,web_detail,,1
68bee2bc24d64a0001ccb7e5,Notion学术管理系统｜文献管理｜任务管理｜学术神器｜论文进度,medium,商品已下架/冻结,218,0.1327515602009292,WATCH,66bb849ffaaf6300157626d0,鳕鱼的笔记研究所的店,2026-06-19 17:20:24,web_detail,,1
692fa61de4338c0001aa0d4a,手绘头像定制q版卡通动漫画人物绘画一家三四口情侣全家福宝宝,medium,商品已下架/冻结,188,0.1327515602009292,WATCH,6926a2cdec9d9a001545f337,这是一家手绘的店,2026-06-19 17:20:20,web_detail,,1
6944ee0e8ff5d4000183eeaf,ppt·【秒发】时事热点PPT：海南开启新征程时政热点带演讲稿,medium,商品已下架/冻结,182,0.1327515602009292,WATCH,67b6ca7e6d87470015dcef16,小小呗PPT原创课件的店,2026-06-19 17:20:25,web_detail,,1
69df442298fb930001fe891c,2026下高中语文教资笔试科一科二科三重点背诵笔记资料包,medium,商品已下架/冻结,133,0.1327515602009292,WATCH,6718a7a5b2a24d001522eba1,晚晚爱学习的店,2026-06-19 17:20:17,web_detail,,1
6940f72d4d11d70001349952,ppt·时事热点：中国短剧也能火国外，老外熬夜追更“霸总”-18页-有稿,medium,商品已下架/冻结,111,0.1327515602009292,WATCH,67b6ca7e6d87470015dcef16,小小呗PPT原创课件的店,2026-06-19 17:20:20,web_detail,,1
6a0c184b4d102c00011fc164,原创Q版手绘头像定制卡通形象动漫画人物绘画师约稿代画头像设计,medium,商品已下架/冻结,75,0.1327515602009292,WATCH,6926a2cdec9d9a001545f337,这是一家手绘的店,2026-06-19 17:20:19,web_detail,,1
6903325ac091e30001299f73,自我天赋测试-在线测试-秒出结果-自动发货,medium,商品已下架/冻结,69,0.1327515602009292,WATCH,69002f3e146a6000159f6320,心境观测站的店,2026-06-19 17:20:20,web_detail,,1
698413a43067f4000165d892,（笔记同款）尤（33）所见即所得,medium,商品已下架/冻结,62,0.1327515602009292,WATCH,68e38a543ab26a0015141865,請請河边草的店,2026-06-19 17:20:18,web_detail,,1
697990633d52b2000115f463,大航海时代4HD威力加强版 中文版 解压安装即玩 支持Win7/10/11,medium,商品已下架/冻结,18,0.1327515602009292,WATCH,69047509d41c370015b18f07,游戏仓库的店,2026-06-19 17:20:19,web_detail,,1
6a0c3846e80a7b0001e98a2c,快餐店模拟器FastFood,medium,商品已下架/冻结,13,0.1327515602009292,WATCH,68f88ab0b28c590015b2e762,小圆游戏测评的店,2026-06-19 17:20:21,web_detail,,1
696cd392b1cba40001b0ca10,恋爱捕手模拟器AI文游,medium,商品已下架/冻结,9,0.1327515602009292,WATCH,683aefb39ac6560015451ecd,晓晓的AI铺子的店,2026-06-19 17:20:21,web_detail,,1
69440c0e6a3f3f0001cfe3b1,2025-2026时政理论刷题公考省考事业单位文职实时更新,medium,商品已下架/冻结,7,0.1327515602009292,WATCH,68ff8b41c90a710015e36541,拾柒的资料铺的店,2026-06-19 17:20:27,web_detail,,1
6a0e6cd9df367400013c1055,Q版图片转拼豆图纸生成工具（带色号-无限次使用）,medium,商品已下架/冻结,5,0.1327515602009292,WATCH,6970c8e8f802130015786518,Rfqi的店,2026-06-19 17:20:22,web_detail,,1
69e0ab47ca7f7f00015cb0ac,沙石镇时光  Win电脑版 本地离线非联网 电子资源,medium,商品已下架/冻结,4,0.1327515602009292,WATCH,67ac7494b3738b0015c79466,鹿丸游戏屋,2026-06-19 17:20:17,web_detail,,1
6a0bdf4ea32a970001e68f88,26年6月英语四六级刘晓艳急救班网课四六级备考网课,medium,商品已下架/冻结,259,0.1327514801579202,WATCH,68949c6a40b2920015ed6475,拾光上岸屋的店,2026-06-19 17:20:34,web_detail,,1
69c0a130a20c210001b95ff6,2026春小学电子资料（笔记同款50）,medium,商品已下架/冻结,243,0.1327514801579202,WATCH,68ef65bb3b282d00238a71a0,沐阳资料的店,2026-06-19 17:20:39,web_detail,,1
68889613f71ffd00153bd22d,正版【音标版】伊索 童话 小王子 来川英文原著分级足量双语阅读,medium,商品已下架/冻结,122,0.1327514801579202,WATCH,64faf7dc6b0df000011e331b,新华图书的店,2026-06-19 17:20:41,web_detail,,1
69c8b6442fb6290001d723a5,小学数学1-6年级下册《同步天天练》PDF电子资料,medium,商品已下架/冻结,97,0.1327514801579202,WATCH,68712a651db32f00154f63cf,裴小裴老师的资料库的店,2026-06-19 17:20:39,web_detail,,1
69edc16a67d4b200012e2739,迷魂阵/锦葵紫/完整85,medium,商品已下架/冻结,91,0.1327514801579202,WATCH,69cdf1f54d44c60015329ff9,栀子花开萌萌的店,2026-06-19 17:20:30,web_detail,,1
69b996ba79e410001572cead,CFA一级2026电子教材课件原版教材课件·全10册·公式表·kaplan,medium,商品已下架/冻结,81,0.1327514801579202,WATCH,692aed8a813698001593a318,咚咚资料君的店,2026-06-19 17:20:36,web_detail,,1
69eb0d609dea2d000184665a,bg高杆文155个定制资料包,medium,商品已下架/冻结,76,0.1327514801579202,WATCH,6955baf61d8c99001576fd8a,她的睫毛弯弯的店,2026-06-19 17:20:37,web_detail,,1
6a055b1922eb650001b2f863,2026春小学电子资料 （笔记同款27-3）下单联系客服百度网盘秒发,medium,商品已下架/冻结,61,0.1327514801579202,WATCH,697e02287d730300150a9d99,小语考点知识社的店,2026-06-19 17:20:39,web_detail,,1
69e33d6b57d5bd000143802c,天选之城速测秒拍秒发,medium,商品已下架/冻结,58,0.1327514801579202,WATCH,6954c456bd117d001561f338,浪姐快乐测吧的店,2026-06-19 17:20:40,web_detail,,1
6a044357dd423f00152d957e,2026春小学电子版资料（笔记同款C47）,medium,商品已下架/冻结,54,0.1327514801579202,WATCH,68218f8023029100157066a8,博学资料库的店,2026-06-19 17:20:39,web_detail,,1
69f65d9ca5715f00018337de,bg 巡借篇学习个资料,medium,商品已下架/冻结,38,0.1327514801579202,WATCH,6955baf61d8c99001576fd8a,她的睫毛弯弯的店,2026-06-19 17:20:37,web_detail,,1
69e85bb4f9b6f1000134c349,bg 巡借篇学习个资料,medium,商品已下架/冻结,38,0.1327514801579202,WATCH,6955baf61d8c99001576fd8a,她的睫毛弯弯的店,2026-06-19 17:20:37,web_detail,,1
6a0eddf56acf670015bd3874,2026版高考临考预测密卷全国各地专版PDF-垫子版,medium,商品已下架/冻结,38,0.1327514801579202,WATCH,687df4c130520f001585e024,懒人学习搭子的店,2026-06-19 17:20:39,web_detail,,1
693d7d958b11d100019498ba,穿进赛博游戏后干掉BOSS成功上位,medium,商品已下架/冻结,27,0.1327514801579202,WATCH,6939897e80ebb100150dd51f,蕉虑拜拜快乐坊的店,2026-06-19 17:20:31,web_detail,,1
69fffaef3788440001febe1d,【first aid】百度输入法（自动发货/不教使用/不退不换）,medium,商品已下架/冻结,27,0.1327514801579202,WATCH,6837311cf43e810015b260dd,橘咪的店,2026-06-19 17:20:40,web_detail,,1
69d5e36fda5d200001b0fd2b,道路铺装标准做法CAD节点大样详图施工图通用图库广场砖路面地面,medium,商品已下架/冻结,20,0.1327514801579202,WATCH,67c06990eac0960015590eb8,平方米素材基地的店,2026-06-19 17:20:38,web_detail,,1
69806b908c608e00018b1691,MBTI快速自测（30题版）,medium,商品已下架/冻结,11,0.1327514801579202,WATCH,6929064bcc48350015de091a,心灵探究所的店,2026-06-19 17:20:33,web_detail,,1
6a0fdd60be1ced0015063c07,嚓枫牌爱心早餐2.0模板 hsj格式 不教使用,medium,商品已下架/冻结,6,0.1327514801579202,WATCH,6853e45e8937a8001520757d,爱薯条精选的店,2026-06-19 17:20:40,web_detail,,1
69bf9113d6abc60001931d07,【秒发】我被讨厌我的男人困住了‖电子版漫画素材pdf格式高清画,medium,商品已下架/冻结,24,0.132749250405309,WATCH,69a0f7239f933100156282f6,逗号资料库的店,2026-06-19 17:21:07,web_detail,,1
69d77b19e4090800013f3fb8,2027高中资料大一轮笔记同款6语文数学英语物理物政史地化学,medium,商品已下架/冻结,144,0.1282169947167178,WATCH,687362cb348d4b0015eb8c54,考点速通铺的店,2026-06-19 17:33:55,web_detail,,1
6a0406e20511b50001109c5c,2026版高考金考卷45套语文数学英语物理化学生物政治,medium,商品已下架/冻结,42,0.1282169947167178,WATCH,68c7c2f52fa1bd0015661f29,学霸智慧园的店,2026-06-19 17:33:55,web_detail,,1
6a13b276c0b0790015c1410f,2026新版高中电子资料（笔记同款C13）,medium,商品已下架/冻结,34,0.1282169947167178,WATCH,694122162ca30c00158814ce,知阅资料馆的店,2026-06-19 17:33:55,web_detail,,1
69a972180635fd00018b60b7,（笔记同款）学习资料个人兴趣/葵（18）,medium,商品已下架/冻结,19,0.1282169947167178,WATCH,697dae5f3a266700155cf1fe,番茄酱酱两的店,2026-06-19 17:33:56,web_detail,,1
69d4b4abc94bfd00015384fa,资料汇总003 17本,medium,商品已下架/冻结,10,0.1282169947167178,WATCH,6875ff0ea9347a001524abbf,mofa小铺的店,2026-06-19 17:33:54,web_detail,,1
6a1bbbc45988900001fbc6e3,还（8）学习资料合集,medium,商品已下架/冻结,3,0.1282169947167178,WATCH,69b39dc22a984800153d4cce,橘子海汽水ocn的店,2026-06-19 17:33:54,web_detail,,1
68b80b160c1e9b0001d59310,英语图解词典pdf带音频日常生活场景应用口语,medium,商品已下架/冻结,1276,0.12270447846656089,WATCH,662daeb93bf50b00017d3e14,阿K的英语自修室的店,2026-06-19 17:11:46,web_detail,,1
69e6e2e639916f0001f0c9ba,C4D游乐场摩天轮设施blender儿童乐园过山车旋转木马缆车基础模型,medium,商品已下架/冻结,12,0.12049292436765331,WATCH,68b9a755be7a0000150549fe,百合素材的店,2026-06-19 17:33:57,web_detail,,1
69eeb7c415602900012dcd75,花朵 花瓣 鲜花 玫瑰犀牛模型rhino C4D 3Dmax maya blend模型obj,medium,商品已下架/冻结,9,0.12049292436765331,WATCH,68b9a755be7a0000150549fe,百合素材,2026-06-19 17:33:58,web_detail,,1
69638e5f8510c00001504bf9,我的世界英文解说视频-磨耳朵利器,medium,商品已下架/冻结,914,0.12049240752706655,WATCH,68a6f06f6296700015168b95,轩轩麻麻爱学习的店,2026-06-19 17:34:36,web_detail,,1
69abe964fbdff60001212e46,小红薯新人小白全套资料包（少走弯路）拍了注意留意一下短信,medium,商品已下架/冻结,178,0.12049240752706655,WATCH,696b8d43c05c5a001567bf99,媛媛逆袭ing不打烊的店,2026-06-19 17:33:59,web_detail,,1
6a15768cbd63a30001b1fe4a,【春季新品】全新多队竞技玩法上新个人形象,medium,商品已下架/冻结,134,0.12049240752706655,WATCH,69996c77a7108d001541fa1c,星伺（超自然）陪玩的店,2026-06-19 17:34:34,web_detail,,1
69eeb9dde4ac610001f5fdf2,2026版初中中考试题笔记同款全国各省专版课件PDF资料包,medium,商品已下架/冻结,69,0.12049240752706655,WATCH,672186f700ef8e0015edaa04,启蒙星教育的店,2026-06-19 17:34:35,web_detail,,1
6a12b9c169ff6a0001882800,26昭昭电子PDF 共八本合集 百度夸克网盘发货,medium,商品已下架/冻结,47,0.12049240752706655,WATCH,6a0415d419570f0015857039,一束火花的店,2026-06-19 17:34:35,web_detail,,1
69e04b3aa8edd100011bcbe4,韩国16型色彩穿搭测试｜四季型色彩分析工具,medium,商品已下架/冻结,15,0.12049240752706655,WATCH,66ee96baba66fd00154f11a4,学姐的资料库的店,2026-06-19 17:33:59,web_detail,,1
69a169ed87daa00001a54043,（笔记同款）学习资料个人兴趣/越（21）,medium,商品已下架/冻结,10,0.12049240752706655,WATCH,697dae5f3a266700155cf1fe,番茄酱酱两的店,2026-06-19 17:34:35,web_detail,,1
69df20c9282cc20001c0d778,2026美加墨世界杯赛制赛程,medium,商品已下架/冻结,5,0.12049240752706655,WATCH,636db03ade29ee0001e95140,柚子PPT设计（接美化定制）的店,2026-06-19 17:34:36,web_detail,,1
6932aa33ce3eb50001aa876b,2026年6月英语四六级备考资料+网课,medium,商品已下架/冻结,8,0.11905609243508153,WATCH,68bf7704c069260015e2074b,小鱼考证资料库的店,2026-06-19 17:11:46,web_detail,,1
64413c4179308a0001ad5a3c,035.人工智能是敌是友？【科技】【英语/双语/中文演讲PPT】,medium,商品已下架/冻结,2138,0.11905241242244052,WATCH,643bbb0d3a4a69000170688b,K12的英语PPT的店,2026-06-19 17:11:47,web_detail,,1
69fd79b16eeaf70001cedcf2,超级工程小分队·笔记同款资料教案拍下秒发,medium,商品已下架/冻结,11,0.11905241242244052,WATCH,6851826321cfca00150d2693,黑猫资料铺的店,2026-06-19 17:11:47,web_detail,,1
6a21161fcd75c30001038369,【峰阅】2026新版-初中提分笔记-中考考点汇集复习知识清单,medium,商品已下架/冻结,1964,0.11759380626148591,WATCH,,,2026-06-19 12:25:41,web_full,,1
69ec3ee749fb5f0016c53ce9,《赛博朋克 2077》全彩漫画全 33 卷/设计素材源文件/24h 自动发,medium,商品已下架/冻结,14,0.11561145671601207,WATCH,69db75e85daecc0015b889c2,万般努力出人头地qbv的店,2026-06-19 17:11:47,web_detail,,1
69bca5e7ff00dc0001840862,平面图，效果图，分析图渲染制作服务,medium,商品已下架/冻结,7,0.11364576421624445,WATCH,6971da31f880a800151baea5,Van屿的店,2026-06-19 17:34:37,web_detail,,1
6964c9987bb9cf0001ba614b,2026天津社区工作者备考资料+刷题app,medium,商品已下架/冻结,70,0.11364568635035639,WATCH,688f37a305ddf10015006880,星辰之语的店,2026-06-19 17:34:38,web_detail,,1
6a1018b6285e7c0001259324,2026新版江苏实验班小升初真题精选语文数学英语电子资料,medium,商品已下架/冻结,168,0.10753529862028242,WATCH,69c7ea98be825200151eed0f,学习资料加油站的店,2026-06-19 17:34:40,web_detail,,1
694a607394f9dc0001f4bffc,生理学第10版PDF电子书 全新无笔记 医学生必备 二手闲置,medium,商品已下架/冻结,59,0.10753529862028242,WATCH,6794ed44e5f29c0015eb843b,浩浩爱上无纸化的店,2026-06-19 17:34:39,web_detail,,1
688c8bddeab793000165cc6f,27护理308考研网课资料全程班,medium,商品已下架/冻结,50,0.10753529862028242,WATCH,688336e7989f9a00151664af,菠萝的上岸资料的店,2026-06-19 17:34:41,web_detail,,1
69d8ad83b113e40015c124b4,塔罗全书自学教程8本教材正逆位全包含一次购买电子书,medium,商品已下架/冻结,10,0.10753529862028242,WATCH,686e2a1321c42700156df422,拾光资料小铺的店,2026-06-19 17:34:39,web_detail,,1
69cea2bda4db7c00016977ee,bg 60个学习资料590+篇,medium,商品已下架/冻结,10,0.10753529862028242,WATCH,6955baf61d8c99001576fd8a,她的睫毛弯弯的店,2026-06-19 17:34:40,web_detail,,1
69bd5bcdca64b300016c2647,插画风拼贴线稿风手绘白云朵天空背景云彩PSD分层素材PNG免扣贴图,medium,商品已下架/冻结,6,0.10753267654391423,WATCH,67c06990eac0960015590eb8,平方米素材基地,2026-06-19 17:34:41,web_detail,,1
67ac36f143e42a0001d1059b,【电子社】无界形塑+梦的诞生+挽云鬓＋重塑的魅力 BJD娃娘读物,medium,商品已下架/冻结,1599,0.10453475088650188,WATCH,648409baac730a0001542786,书纪优选的店,2026-06-19 13:57:46,web_full,,1
6745ee47ec68d70001ac0778,【生活日语资料库】220期地道生活听力口语训练-独家人工听译校对,medium,商品已下架/冻结,714,0.09709455272877962,WATCH,672defe5ef81e60015147327,加奈（日语学习版）的店,2026-06-19 17:34:42,web_detail,,1
69521e737cad4e0001bc34cd,龚心文 8本 24小时自动秒发,medium,商品已下架/冻结,57,0.09709444519690824,WATCH,6875ff0ea9347a001524abbf,mofa小铺的店,2026-06-19 17:34:42,web_detail,,1
69fc1da230d0860001b210b6,拍下即用 翻译等神器 同款好物 高效安全,medium,商品已下架/冻结,606,0.09709424047634875,WATCH,69bec3c07fb35a0015b9bf55,Paper狂逆袭的店,2026-06-19 17:34:45,web_detail,,1
6961c97605a37f0001d94497,大葱老师 从练声到经典,medium,商品已下架/冻结,11,0.09709424047634875,WATCH,659654a469a8470001e500f0,大葱老师图书店的店,2026-06-19 17:34:45,web_detail,,1
6a00860d58e1b1000158e132,现货立发 法版漫画作品「 Le Fils du Roi 」,medium,商品已下架/冻结,7,0.09709424047634875,WATCH,643291986d06a200010fa866,长路书店的店,2026-06-19 17:34:52,web_detail,,1
6963bcb8ce1e9f0001cb2290,2026年天津市各区初中语数外物化生地史政期末电子真题试卷电子版,medium,商品已下架/冻结,1474,0.09436648926105694,WATCH,65bb02155848410001055146,桃李先生资料库的店,2026-06-19 14:32:56,web_full,,1
69be8946e3af9900155f73ab,2026王Z霞小升初真题精编卷考前突破卷招生分班考PDF资料语数英,medium,商品已下架/冻结,38,0.09259911776742573,WATCH,68b7dbfb709cc800158274c8,欣欣老师1的店,2026-06-19 17:34:53,web_detail,,1
69f2264b6eeaf70001cb22de,PS箭头指北针聊天框比例尺贴图素材建筑效果图后期PSD格式可编辑,medium,商品已下架/冻结,4,0.09259908730866237,WATCH,67c06990eac0960015590eb8,平方米素材基地,2026-06-19 17:34:55,web_detail,,1
69255f96d4363c00019cbb0f,2026卫生人才评价备考资料刷题软件练习题考前冲刺真题模拟题题库,medium,商品已下架/冻结,110,0.09259901996239514,WATCH,68003818148cc400155cd1fc,小兜包的店,2026-06-19 17:34:55,web_detail,,1
69ad40ae5973b30001a40bdb,艺术品虚拟定制一个月,medium,商品已下架/冻结,65,0.09259898698809117,WATCH,6939675f2a745a001562d3d2,AI 双子星的店,2026-06-19 17:34:56,web_detail,,1
69cc5701069e7b00012aba20,26临床执业医师督学班（西医临床）,medium,商品已下架/冻结,179,0.09259887470221702,WATCH,675821945a10e30015916553,木 心的店,2026-06-19 17:35:06,web_detail,,1
69cd12d6c8c73300013572dc,2026春人教版1-6年级数学下册数学《好卷》单元卷和期中期末卷,medium,商品已下架/冻结,55,0.09259887470221702,WATCH,64f3e50fc0583a000131d141,小锦资料库的店,2026-06-19 17:34:59,web_detail,,1
69ba8c3c15bd740001f5d626,【全10册】十日终焉带赠品完结版-新书钟鸣无限流幻想悬疑小说1,medium,商品已下架/冻结,35,0.09259887470221702,WATCH,6689fbffc3f1060001b565e4,尚文书仓的店,2026-06-19 17:35:01,web_detail,,1
69e03873933b03000132d973,26春小学全科目1-6年级下册《LD同步检测试卷》（PDF高清可打印）,medium,商品已下架/冻结,33,0.09259887470221702,WATCH,67c2ace71b597e0015ea4c0c,欧阳老师的资料库的店,2026-06-19 17:35:01,web_detail,,1
6a045c6d213e2700013af5bb,【拍下秒发】医学检验技术资料合集,medium,商品已下架/冻结,23,0.09259887470221702,WATCH,69ad8a8f3f35ee001531e8c7,医学生服务站的店,2026-06-19 17:34:57,web_detail,,1
6901b8c7e0f3b200011d86c3,华三川精品线描人物·电子版,medium,商品已下架/冻结,22,0.09259887470221702,WATCH,649d38af3bb0f9000199377f,速写老师艮总的店,2026-06-19 17:34:56,web_detail,,1
69bd1253a20c2100017fbf44,医疗纠纷处理实务1000问及法律法规集成,medium,商品已下架/冻结,15,0.09259887470221702,WATCH,6922ed285720ae00156b6820,乌衣巷中的提灯人的店,2026-06-19 17:34:56,web_detail,,1
6979c93478d8d500018c203e,父母款婚礼邀请函电子请柬psd格式结婚高级三个PSD高清模板,medium,商品已下架/冻结,9,0.09259887470221702,WATCH,697081f8ca5d6a0015e272f1,路虎资料店的店,2026-06-19 17:34:57,web_detail,,1
6a0f9bf7ca8f4100012bc768,【花薰凛然】高清漫画PDF资源 中文版 花熏凛然 薰香花朵凛然绽放,medium,商品已下架/冻结,5,0.09259887470221702,WATCH,69c3e0cec52ca300157c046a,数集优选的店,2026-06-19 17:35:01,web_detail,,1
6a0bd7e0d4cee9000160823d,出素材会/小烦素材会5会小裙子素材会白糖牌拼拼乐模板适配零件,medium,商品已下架/冻结,4,0.09259887470221702,WATCH,69e0981f4da9f300150f5d34,YO哟的店,2026-06-19 17:34:57,web_detail,,1
696638991d378600014cff9a,2026人教pep版英语一二三四五六年级下册月考期中期末试题试卷,medium,商品已下架/冻结,260,0.09202851512576725,WATCH,674474022d7a770015373129,新教材资源的店,2026-06-19 17:21:08,web_detail,,1
69b011cb3f7fb90001dafce4,2026春外研版5-6年级英语下册《53天天练》课时练习和单元测评卷,medium,商品已下架/冻结,65,0.09202851512576725,WATCH,64f3e50fc0583a000131d141,小锦资料库的店,2026-06-19 17:21:08,web_detail,,1
69ba130e7c9c8f000190d50a,N307 20页数字企业画册模板科技杂志排版目录页设计ID/PDF模板,medium,商品已下架/冻结,38,0.08928945642859701,WATCH,65675ebc0852060001c9a623,素材小站的店,2026-06-19 17:21:08,web_detail,,1
698d6dedeb0d9a0001ca26b8,枕头抱枕靠枕图案印花设计效果图展示VI智能贴图样机PSD素材模板,medium,商品已下架/冻结,8,0.08928945642859701,WATCH,697081f8ca5d6a0015e272f1,路虎资料店的店,2026-06-19 17:21:08,web_detail,,1
69cdcf331053a50001eede21,TED演讲稿电中英双语精选100篇视频音频注释字幕学英语电子版素材,medium,商品已下架/冻结,1546,0.08862813779536041,WATCH,6805c37cad6a030015d6e702,莉姐素材的店,2026-06-19 14:08:16,web_full,,1
689150bff9d7c8000188fffe,procreate笔刷ps笔刷水波纹雨落涟漪湖面圈圈水花水面波光波浪,medium,商品已下架/冻结,142,0.08850153570380824,WATCH,67dd0a9e3f01910015cb9514,张小幺的店,2026-06-19 17:35:11,web_detail,,1
68d9278e17d80800013a07a8,职业测评职业性格测试你适合哪种职业,medium,商品已下架/冻结,8,0.08850153570380824,WATCH,68d7d9a92a0246001514018d,小畅谈心理的店,2026-06-19 17:35:12,web_detail,,1
69e5f3346e461600016b6466,26上教资面试试讲逐字稿题库app/赠送结构化题库（限时特价9.9）,medium,商品已下架/冻结,228,0.08850150788104957,WATCH,6895cda9aa6c400015ce55f7,小熊学姐资料库的店,2026-06-19 17:35:12,web_detail,,1
69ea0e823a4daf000160a767,《薛家小媳妇》by笑佳人 TXT电子学习资料PPT模版,medium,商品已下架/冻结,13,0.08850150788104957,WATCH,69d8dfe7ff4a75001571b919,学长素材小铺的店,2026-06-19 17:35:13,web_detail,,1
69f772a00511b50001843928,石纪元丨定制漫画丨非实体书,medium,商品已下架/冻结,9,0.08850150788104957,WATCH,69db75e85daecc0015b889c2,万般努力出人头地qbv的店,2026-06-19 17:35:12,web_detail,,1
69e70f2c21dc6300014ad017,喜欢植物的能是什么坏人by一碗蛋酒 TXT电子版资料PPT模板,medium,商品已下架/冻结,6,0.08850150788104957,WATCH,69d8dfe7ff4a75001571b919,学长素材小铺,2026-06-19 17:35:13,web_detail,,1
68a0462d4eed2d0001e47ede,006-主图 | PS分层可编辑设计文件,medium,商品已下架/冻结,77,0.08850144636315388,WATCH,685f492e4db8540015f43a21,简域素材的店,2026-06-19 17:35:15,web_detail,,1
69f1eaf443360b00013ff7df,数据查找咨询数据数据精准查找2,medium,商品已下架/冻结,52,0.08850144636315388,WATCH,67766ddfb5445700155740d4,泽的爬虫_数据采集分析铺的店,2026-06-19 17:35:16,web_detail,,1
6986dc2d7db7d200013ed7c4,非暴力沟通电子书+原创笔记 epub mobi azw3 pdf txt,medium,商品已下架/冻结,20,0.08850144636315388,WATCH,6986d40c017bd5001592406f,None工作室的店,2026-06-19 17:35:15,web_detail,,1
69df7f40ca7f7f00013c2317,请出示证件 Win电脑版 本地离线非联网 电子资源,medium,商品已下架/冻结,8,0.08850144636315388,WATCH,67ac7494b3738b0015c79466,鹿丸游戏屋,2026-06-19 17:35:14,web_detail,,1
69dc82327015750001940ef3,造房子MakeRoom Win电脑版 本地离线非联网 电子资源,medium,商品已下架/冻结,8,0.08850144636315388,WATCH,67ac7494b3738b0015c79466,鹿丸游戏屋,2026-06-19 17:35:14,web_detail,,1
65e8233be1eb440001b6b33e,APPLE·经典苹果4s怀旧游戏童年二手情怀正品6系统触控32备用64g大内存,medium,商品已下架/冻结,923,0.08850141624255517,WATCH,65e688c679166500015dc3e6,我是小紫薯的店,2026-06-19 17:35:21,web_detail,,1
69a7d793dd2f440001606d59,全新疯狂水世界手游福利版,medium,商品已下架/冻结,63,0.08850141624255517,WATCH,69315e27a7108d0015932143,木子游戏库的店,2026-06-19 17:35:20,web_detail,,1
6a06930f37884400019ed1ed,首单体验【非洲之心/2000W】三角洲行动点单绝密非洲之心清图,medium,商品已下架/冻结,24,0.08850141624255517,WATCH,669befd675673800156e399f,KEG酷二狗的店,2026-06-19 17:35:18,web_detail,,1
69f0ae27156029000166223d,26年教育时政热点 26年教育时政考点及预测300题,medium,商品已下架/冻结,13,0.08850141624255517,WATCH,668fbc0861e8e3000142126a,小象教育的店,2026-06-19 17:35:32,web_detail,,1
6a05911a64eb410001969eaf,大富翁4 Fun-RichMan ios/ipad,medium,商品已下架/冻结,9,0.08850141624255517,WATCH,695e32e4012e360015723a8f,小超市资料库的店,2026-06-19 17:35:22,web_detail,,1
69a5a9d3ca73c200011df6fc,ABO性格测试 | 基于行为心理学与社交动力学模型,medium,商品已下架/冻结,6,0.08850141624255517,WATCH,69591407e7acc40015bb822e,大白测评实验室的店,2026-06-19 17:35:19,web_detail,,1
6a0e944f71d8c30001ebc699,Codex新手安装教程 | 0基础也能轻松上手,medium,商品已下架/冻结,6,0.08850141624255517,WATCH,68aa9f0c51c10500153ef6f0,阿杰ZJU--电气的店,2026-06-19 17:35:20,web_detail,,1
6a049423f3ef83000171fb0d,两a相逢byyo 电子版 ppt模版,medium,商品已下架/冻结,6,0.08850141624255517,WATCH,69c3d0a21a8a2a00159e1565,朵妮学姐（爱学习）的店,2026-06-19 17:35:35,web_detail,,1
6a0733a6c897f700011b8916,房产达人 ios/ipad苹果/平板,medium,商品已下架/冻结,5,0.08850141624255517,WATCH,695e32e4012e360015723a8f,小超市资料库的店,2026-06-19 17:35:22,web_detail,,1
6a0ec23f0012710001898c00,9999+张高清live实况图壁纸无水印1080P永久可用,medium,商品已下架/冻结,3,0.08850141624255517,WATCH,69fc94db11abcf0015291829,苏念5730的店,2026-06-19 17:35:34,web_detail,,1
69d88cb73550840001ef0691,q版手绘头像定制漫画人物绘画情侣简笔画约稿动漫代画像真人照片,medium,商品已下架/冻结,56,0.08850138809428817,WATCH,6926a2cdec9d9a001545f337,这是一家手绘的店,2026-06-19 17:36:16,web_detail,,1
69b3c84a771a6700019fbd31,笔记同款学习内容完整合集（拍下秒发货）,medium,商品已下架/冻结,42,0.08850138809428817,WATCH,6729daf58bc7b300165f86a9,是伊莎贝拉呀的店,2026-06-19 17:35:36,web_detail,,1
69a1698ad5afea000164407d,音（82）学习资料素材合集,medium,商品已下架/冻结,42,0.08850138809428817,WATCH,697dae5f3a266700155cf1fe,番茄酱酱两的店,2026-06-19 17:36:14,web_detail,,1
68d8f1717be29900151e0507,元媛版合集生PDF电子版素材,medium,商品已下架/冻结,16,0.08850138809428817,WATCH,688899385e0c0d0015ac7452,墨墨教育的店,2026-06-19 17:36:17,web_detail,,1
6a056949d500200001bc1323,人生4超全Mod合集 Windows版Mac游戏可用 Steam/EA的mod包,medium,商品已下架/冻结,14,0.08850138809428817,WATCH,695be4317494bb0015822d94,橙子严选小铺的店,2026-06-19 17:36:16,web_detail,,1
6a0545c45a83230001de506d,2026秋新版电子教材（发百度网盘）,medium,商品已下架/冻结,10,0.08850138809428817,WATCH,67d432f7401e6a0015bb2930,洋洋芝士的店,2026-06-19 17:36:07,web_detail,,1
69fb286d78944100015dadc9,三角洲机密单护40/h,medium,商品已下架/冻结,8,0.08850138809428817,WATCH,69edfeba945dfa00152cd540,雨霆电竞的店,2026-06-19 17:36:12,web_detail,,1
6a0e86af71d8c30001e9c1c8,《不应有恨》by花沉璧 txt正文完,medium,商品已下架/冻结,4,0.08850138809428817,WATCH,697230d16bc7490015ba7639,小鹿收集站的店,2026-06-19 17:35:38,web_detail,,1
69bcfd2ffb672a0015828a39,和山田进行LV999的恋爱漫画,medium,商品已下架/冻结,4,0.08850138809428817,WATCH,687e2938e292c60015021012,漫画任意门的店,2026-06-19 17:36:07,web_detail,,1
6a003bf558e1b10001508208,看图说话，顶级形象说,medium,商品已下架/冻结,51,0.0885013136742646,WATCH,6962343a1309530015efa809,久久爱读书的店,2026-06-19 17:36:24,web_detail,,1
69f425e664eb4100015a1ec7,笔记同款个人形象成人教育常识兴趣,medium,商品已下架/冻结,18,0.0885013136742646,WATCH,683074050b8f9f0015b300c6,三金vip的店,2026-06-19 17:36:21,web_detail,,1
694b4a56e935e90001cadd16,《C++ Primer Plus（第6版）》中文编程教材高清PDF电子书,medium,商品已下架/冻结,142,0.08849959270671505,WATCH,642117f3d485a10001ab7d99,IT博士读书志的店,2026-06-19 17:36:25,web_detail,,1
69ba8c882652690001b70e79,测测你的性格最像哪种猫咪(°ㅅ°)·趣味测试·可重复测试·秒发货,medium,商品已下架/冻结,9,0.08849959270671505,WATCH,696d1b438d8220001591b845,Serendipity Lane的店,2026-06-19 17:36:25,web_detail,,1
689b586d0991b40001148d7e,轻医美美容美肤皮肤管理banner美团点评轮播图入口图团购PSD模板,medium,商品已下架/冻结,80,0.088499500270206,WATCH,67379a7784bcda0015e6b1a7,屿明视觉设计的店,2026-06-19 17:36:28,web_detail,,1
69c6c0725dab9a000104a993,徐若瑄笔记同款商品 自动发货,medium,商品已下架/冻结,64,0.088499500270206,WATCH,69c24d026eec7200150020b2,钟意文创,2026-06-19 17:36:29,web_detail,,1
69c208e828de7400150ec824,1000款儿童衣服课件模板,medium,商品已下架/冻结,51,0.088499500270206,WATCH,692aed8a813698001593a318,咚咚资料君的店,2026-06-19 17:36:27,web_detail,,1
69c168882652690001663449,线稿风配景PSD分层建筑景观PNG植物剖立面树鸟云动物效果图素材库,medium,商品已下架/冻结,40,0.088499500270206,WATCH,67c06990eac0960015590eb8,平方米素材基地,2026-06-19 17:36:28,web_detail,,1
69d1cdb810b42d0001b9560f,动物栏桌面牧场 Win电脑版 本地离线非联网 电子资源,medium,商品已下架/冻结,23,0.088499500270206,WATCH,67ac7494b3738b0015c79466,鹿丸游戏屋,2026-06-19 17:36:29,web_detail,,1
69d620e56f218100013c12b5,护理学教材系列丛书33本PDF电子版教材网盘秒发-189,medium,商品已下架/冻结,22,0.088499500270206,WATCH,68f795650fdf3e00153ae978,阅微书馆的店,2026-06-19 17:36:27,web_detail,,1
69d32f7552686e0001bfe574,舒舒服服小岛时光【单人】 Win电脑版 本地离线非联网 电子资源,medium,商品已下架/冻结,16,0.088499500270206,WATCH,67ac7494b3738b0015c79466,鹿丸游戏屋,2026-06-19 17:36:29,web_detail,,1
69ccd279a219810001b79ff0,2026剑雅20高清PDF版,medium,商品已下架/冻结,10,0.088499500270206,WATCH,69c34caf4381e900157388c1,icer87,2026-06-19 17:36:29,web_detail,,1
69cf86cf450d0600011fc89d,艾迪芬奇的记忆 Win电脑版 本地离线非联网 电子资源,medium,商品已下架/冻结,10,0.088499500270206,WATCH,67ac7494b3738b0015c79466,鹿丸游戏屋,2026-06-19 17:36:29,web_detail,,1
69d5e384d528ea001563a170,2025K大绘画课程合集包含零基础绘画训练营、幼幼班等 · 默认 ·,medium,商品已下架/冻结,3,0.088499500270206,WATCH,6946884049561b0015be03a2,小武资料库36号,2026-06-19 17:36:26,web_detail,,1
68ecae429176f500014a55f5,【最新2026】刘晓燕四六级急救班保命班全程班 带讲义含历年真题,medium,商品已下架/冻结,16,0.08670873126775983,WATCH,68bfef3cd07c26001596bb54,COCO读书吧(私信已关 点下方商品联系客服)的店,2026-06-19 17:21:09,web_detail,,1
69c3f0f011534f0001adbc62,高中历史167个高频名词解释,medium,商品已下架/冻结,1594,0.08645884354308005,WATCH,68da5f8bf5c3850015032443,凉墨资料驿站的店,2026-06-19 13:59:24,web_full,,1
667d0bc1c17ae400013d4a42,【口袋书】应急图解旅游日语口语入门手指口袋书韩语自学日本韩国,medium,商品已下架/冻结,1438,0.0793880262904559,WATCH,65ea8883148a6f0001285faf,荔枝图书的店,2026-06-19 14:40:02,web_full,,1
69f819d3213e270001a26909,滤镜买断教程丨照片视频实况胶片滤镜风格 调色预设素材模板,medium,商品已下架/冻结,834,0.06757099011298918,WATCH,689bf3a749b80c0015878f7a,超爱猪脚饭配肉卷🤪的店,2026-06-19 17:36:30,web_detail,,1
692657672cf0ca0001df77dd,10款自然松弛手写字体合集（免费可商用）,medium,商品已下架/冻结,235,0.06757099011298918,WATCH,6288b497928e3300017d55f4,空空的百宝箱的店,2026-06-19 17:36:30,web_detail,,1
69b26fce1b6b3f0001a30aaa,1-6年级小学数学奥数思维突破爱数学α数学课件PPT讲义课本习题,medium,商品已下架/冻结,42,0.061352514851347996,WATCH,6870dfa55bb5eb0015854c11,果果数学库丨中小学数学资料的店,2026-06-19 17:36:31,web_detail,,1
68387f614bb02800016de082,草图大师SU插件PB3轮廓放样 建模效率封神闭眼冲,medium,商品已下架/冻结,130,0.05952650608431598,WATCH,66ca322502383e001535d654,设计匠的店,2026-06-19 17:36:32,web_detail,,1
69bcf497ff00dc00018ea1ee,人教版高中美术选择性必修123456上下册书教科标本电子新版PDF,medium,商品已下架/冻结,148,0.05952649349739793,WATCH,6915517e27d04f00159570f5,成语小全的店,2026-06-19 17:36:32,web_detail,,1
69b8001711534f000134647c,人教版初中物理资料课初件二三89年级电子本教科课书无水印新PDF,medium,商品已下架/冻结,83,0.05952649349739793,WATCH,6915517e27d04f00159570f5,成语小全的店,2026-06-19 17:36:32,web_detail,,1
68f58c2df5d0480001fb016d,图片位图转矢量转曲 CDR CAD PDF软件logo转换路径编辑高清图标,medium,商品已下架/冻结,10,0.05952649349739793,WATCH,65950aa6c81fa600017e79ae,柒域素材的店,2026-06-19 17:36:32,web_detail,,1
6964ccd163db6a0015ff4c52,斗拱 古建筑结构SU模型犀牛rhino/C4D/3Dmax/maya/blender模型obj,medium,商品已下架/冻结,8,0.05952649349739793,WATCH,68eb26832e2fd900159d2769,王老师备课小站的店,2026-06-19 17:36:33,web_detail,,1
696da31163db6a0015abfbc8,素材3D三维犀牛Rhino建模源文件素材模型模型库产品模型,medium,商品已下架/冻结,4,0.05952649349739793,WATCH,68c93a25157e370015f0d1b0,小李资料馆的店,2026-06-19 17:36:33,web_detail,,1
692663f0137a3b000116fe38,口袋公园社区街角小游园景观设计方案PPT文本CAD施工图SU模型,medium,商品已下架/冻结,42,0.057805999277351014,WATCH,690ffe21ec9d9a001545e04c,小妍资料铺的店,2026-06-19 17:36:33,web_detail,,1
6a279ab349c6770001e76889,2号原创作文示例（共10篇）,medium,商品已下架/冻结,2089,0.0,WATCH,69f8ac9f773af40015a8bc54,一只偷懒的兔子的店,2026-06-19 12:06:55,web_full,,1
6a05387837884400017b04c1,【XIXI专属福利】KPOP未拆随心配福袋正品不可许愿,medium,商品已下架/冻结,2088,0.0,WATCH,6604d4247455790001a70979,kpopXIXI的店,2026-06-19 12:06:58,web_full,,1
69e849e843360b0001d01373,定制春日惊喜福利第四套 攻-略,medium,商品已下架/冻结,2052,0.0,WATCH,69b93b5d4ae140001530343e,花季羊毛日记的店,2026-06-19 12:12:46,web_full,,1
682af3694584bd001567881d,【正版 出版社直发】宝宝健脾养胃成长食谱儿童长高补脑营养食谱,medium,商品已下架/冻结,2039,0.0,WATCH,,,2026-06-19 12:15:50,web_full,,1
66ac78a26bd99e0001c241f9,时光学作文金句800例小学作文好开头好结尾优美段落好词好句好段,medium,商品已下架/冻结,2020,0.0,WATCH,,,2026-06-19 12:18:40,web_full,,1
691d1d2b603b4e0001c2946c,初中英语电子版PDF虚拟教材  人教版,medium,商品已下架/冻结,2019,0.0,WATCH,68e29831eeeb370015bed03b,丰狐文豹的店,2026-06-19 12:18:45,web_full,,1
67e2a7a13d0cf400012a7c28,小红书｜Live图｜视频｜图片｜原图高清视频去水印快捷指令,medium,商品已下架/冻结,2014,0.0,WATCH,618bdeff2a054f0001355c76,JJMLLE的店,2026-06-19 12:19:00,web_full,,1
666897aca9c8b700010a9992,小红书｜Live图｜视频｜图片｜原图高清视频去水印快捷指令,medium,商品已下架/冻结,2012,0.0,WATCH,618bdeff2a054f0001355c76,JJMLLE的店,2026-06-19 12:19:04,web_full,,1
6a0684d6721fd30001921ab8,无痕改字PS图片处理修图去水印点击咨询,medium,商品已下架/冻结,2007,0.0,WATCH,69cfdc735db1990015cc14ac,小雅设计改字的店,2026-06-19 12:19:17,web_full,照片/画片,1
6a132047017ffc0001fd6917,飞木级金钻凤梨菠萝水果当季水果蜜菠萝现摘甜菠萝,medium,商品已下架/冻结,2000,0.0,WATCH,,,2026-06-19 12:21:49,web_full,,1
689ac09274d1820001e57c13,【原创英文科普精读笔记】非虚构英语科普分级阅读,medium,商品已下架/冻结,2000,0.0,WATCH,67eb9d29d5b0ff0015cb3713,英科社的店,2026-06-19 12:21:56,web_full,,1
68f45d90b8a4f6000195559e,【原创英文科普精读笔记】非虚构英语科普分级阅读,medium,商品已下架/冻结,2000,0.0,WATCH,67eb9d29d5b0ff0015cb3713,英科社的店,2026-06-19 12:21:56,web_full,,1
653aa59806b0b400010b0ccc,大国护眼之策  青少年近视防控实用指南 近视防控,medium,商品已下架/冻结,1995,0.0,WATCH,,,2026-06-19 12:23:34,web_full,,1
65506d2444a0ce00012b5749,【倪海厦台湾版教材】原版内容无删减天纪易经人纪中医全套,medium,商品已下架/冻结,1968,0.0,WATCH,63ca32be09e8950001c5535f,兰苑居国学图书的店,2026-06-19 12:25:29,web_full,,1
655848eb54251d000155e525,【倪海厦台湾版教材】原版内容无删减天纪易经人纪中医全套,medium,商品已下架/冻结,1968,0.0,WATCH,,,2026-06-19 12:25:30,web_full,,1
6826039ccd3d2e0001087285,【峰阅】2026新版-初中提分笔记-中考考点汇集复习知识清单,medium,商品已下架/冻结,1965,0.0,WATCH,,,2026-06-19 12:25:41,web_full,,1
67c5ad60d684d700150e44cd,【峰阅】2026新版-初中提分笔记-中考考点汇集复习知识清单,medium,商品已下架/冻结,1963,0.0,WATCH,,,2026-06-19 12:25:42,web_full,,1
68de42d77c1a03000132f18a,【峰阅】2026新版-初中提分笔记-中考考点汇集复习知识清单,medium,商品已下架/冻结,1963,0.0,WATCH,,墨香丨百物铺的店,2026-06-19 12:25:43,web_full,,1
6826039ccd3d2e000108728e,【峰阅】2026新版-初中提分笔记-中考考点汇集复习知识清单,medium,商品已下架/冻结,1963,0.0,WATCH,66e526435125b40015c4daea,墨香丨百物铺的店,2026-06-19 12:25:43,web_full,,1
6826039ccd3d2e000108727c,【峰阅】2026新版-初中提分笔记-中考考点汇集复习知识清单,medium,商品已下架/冻结,1963,0.0,WATCH,,,2026-06-19 12:25:43,web_full,,1
69003721ee3e410001de86cc,大理包车环洱海-五座轿车或SUV，预订定金,medium,商品已下架/冻结,1955,0.0,WATCH,,大理七悦旅行的店,2026-06-19 12:26:02,web_full,,1
67121373fe8531000104e3f7,正版 血糖控制一本就够 降血糖的食谱书籍主食高血糖食谱降糖食谱,medium,商品已下架/冻结,1951,0.0,NEW,,,2026-06-19 12:28:02,web_full,,1
688172a44daa710001714e80,英文原版 自然科普趣味绘本 Nature Stories系列 小苹果树,medium,商品已下架/冻结,1949,0.0,WATCH,65f2d30908dad2000111f4a8,环球进口原版书店的店,2026-06-19 12:28:12,web_full,,1
6a0ad403e1e13700014056d1,艺术品定制蜡笔小新玩偶斗攒,medium,商品已下架/冻结,1944,0.0,WATCH,,,2026-06-19 12:28:50,web_full,,1
67fce821a5e39b001577870c,图解经济学：一本全通经济学原理理论通俗读物微观宏观西方经济学,medium,商品已下架/冻结,1943,0.0,WATCH,,,2026-06-19 12:28:54,web_full,,1
676297ce67b3ca00012b5737,正版 血糖控制一本就够 降血糖的食谱书籍主食高血糖食谱降糖食谱,medium,商品已下架/冻结,1942,0.0,WATCH,,,2026-06-19 12:28:59,web_full,,1
69ef521c933b0300018855d6,一本预备新初一 26小升初暑假预习语数英小四门音视频全国通用,medium,商品已下架/冻结,1926,0.0,WATCH,66972edccd6c900001175937,博览正版图书的店,2026-06-19 12:32:13,web_full,,1
69b50daf4cdf2e0001378189,懒人泡茶神器办公室一人茶具茶水分离便携式玻璃泡茶壶家用泡茶壶,medium,商品已下架/冻结,1924,0.0,WATCH,,,2026-06-19 12:32:20,web_full,,1
6931964eaa62070001706dc5,一本预备新初一 26小升初暑假预习语数英小四门音视频全国通用,medium,商品已下架/冻结,1917,0.0,WATCH,,,2026-06-19 12:32:58,web_full,,1
682235d538a9a60001be5789,52元图书盲盒非偏远包邮,medium,商品已下架/冻结,1914,0.0,WATCH,,a酒三多书店的店,2026-06-19 12:33:07,web_full,,1
67b31e759716990001e69acf,52元图书盲盒非偏远包邮,medium,商品已下架/冻结,1914,0.0,WATCH,,,2026-06-19 12:33:09,web_full,,1
658253cd07eeb50001730efa,11.9两个古风平安锁铃铛镯 （可给bjd娃当项圈）,medium,商品已下架/冻结,1911,0.0,WATCH,,,2026-06-19 12:35:15,web_full,,1
6833dea6d9a0a40001e42dfa,【正版 出版社直发】零基础日语入门漫画图解发音词汇句子日本语,medium,商品已下架/冻结,1909,0.0,WATCH,68071e50ed5c1b001525cbb2,秋元梓学日语的店,2026-06-19 12:35:46,web_full,,1
66496ffd54f4dc0001cb62a1,大瓶款・纯手作・家居装饰摆件,medium,商品已下架/冻结,1907,0.0,WATCH,,,2026-06-19 12:35:47,web_full,,1
663df119ee1c360001bbd96b,抢！9.9到手101件创意diy刮刮卡学生幸运刮刮卡儿童成长激励卡,medium,商品已下架/冻结,1899,0.0,WATCH,,,2026-06-19 12:37:14,web_full,,1
645fb1032b227f0001e78e71,斗半匠小学黄冈学霸笔记1到6年级上下册人教版新版随堂笔记,medium,商品已下架/冻结,1888,0.0,WATCH,,,2026-06-19 12:39:19,web_full,,1
645fb1022e060500010f33fd,斗半匠小学黄冈学霸笔记1到6年级上下册人教版新版随堂笔记,medium,商品已下架/冻结,1888,0.0,WATCH,,,2026-06-19 12:39:19,web_full,,1
645fb0fc3768e3000124cee3,斗半匠小学黄冈学霸笔记1到6年级上下册人教版新版随堂笔记,medium,商品已下架/冻结,1888,0.0,WATCH,,,2026-06-19 12:39:19,web_full,,1
645fb12525eeed0001c64877,斗半匠小学黄冈学霸笔记1到6年级上下册人教版新版随堂笔记,medium,商品已下架/冻结,1888,0.0,WATCH,,,2026-06-19 12:39:19,web_full,,1
645fb0ff2e060500010f33e2,斗半匠小学黄冈学霸笔记1到6年级上下册人教版新版随堂笔记,medium,商品已下架/冻结,1888,0.0,WATCH,,,2026-06-19 12:39:19,web_full,,1
645fb130f92dc700014aa4c1,斗半匠小学黄冈学霸笔记1到6年级上下册人教版新版随堂笔记,medium,商品已下架/冻结,1888,0.0,WATCH,,,2026-06-19 12:39:20,web_full,,1
645fb0e117b3ee0001e47c38,斗半匠小学黄冈学霸笔记1到6年级上下册人教版新版随堂笔记,medium,商品已下架/冻结,1888,0.0,WATCH,,,2026-06-19 12:39:20,web_full,,1
645fb0f725eeed0001c64753,斗半匠小学黄冈学霸笔记1到6年级上下册人教版新版随堂笔记,medium,商品已下架/冻结,1888,0.0,WATCH,,,2026-06-19 12:39:20,web_full,,1
645fb134f92dc700014aa4d9,斗半匠小学黄冈学霸笔记1到6年级上下册人教版新版随堂笔记,medium,商品已下架/冻结,1888,0.0,WATCH,,,2026-06-19 12:39:20,web_full,,1
645fb0f13768e3000124ce84,斗半匠小学黄冈学霸笔记1到6年级上下册人教版新版随堂笔记,medium,商品已下架/冻结,1888,0.0,WATCH,,,2026-06-19 12:39:20,web_full,,1
645fb0e9f92dc700014aa2ea,斗半匠小学黄冈学霸笔记1到6年级上下册人教版新版随堂笔记,medium,商品已下架/冻结,1888,0.0,WATCH,,,2026-06-19 12:39:20,web_full,,1
645fb0ec4437a90001461fdd,斗半匠小学黄冈学霸笔记1到6年级上下册人教版新版随堂笔记,medium,商品已下架/冻结,1888,0.0,WATCH,,,2026-06-19 12:39:21,web_full,,1
645fb0f58665790001b63f87,斗半匠小学黄冈学霸笔记1到6年级上下册人教版新版随堂笔记,medium,商品已下架/冻结,1888,0.0,WATCH,,,2026-06-19 12:39:21,web_full,,1
67a6ce54132d2d00155e6e33,逆转自体免疫疾病诱发免疫疾病的3个因素解除自体免疫表现,medium,商品已下架/冻结,1887,0.0,WATCH,,,2026-06-19 12:39:24,web_full,,1
65eaeb0ea0e2f9000127334b,【新人0.1购】8包抽纸巾面巾纸大包装卫生纸餐巾纸耐用四层抽纸巾,medium,商品已下架/冻结,1879,0.0,WATCH,65d163cb275f9b0001873b88,华伟纸业的店,2026-06-19 12:40:24,web_full,,1
68b558d262c1ee00017e6ef7,【林中之木】系列秋冬木质香 持久留香,medium,商品已下架/冻结,1877,0.0,WATCH,,,2026-06-19 12:40:43,web_full,,1
69ef57499dea2d0001f39925,一本预备新初一 26小升初暑假预习语数英小四门音视频全国通用,medium,商品已下架/冻结,1869,0.0,WATCH,66972edccd6c900001175937,博览正版图书的店,2026-06-19 12:47:16,web_full,,1
682c2a9d2f871600157ab0a1,一学就会的拼音书幼小衔接拼音学前拼音学前教育拼音拼读绘本 ·,medium,商品已下架/冻结,1862,0.0,WATCH,,玥儿妈妈的店,2026-06-19 12:47:46,web_full,,1
69c4b4c820b4e20001feb240,笔记同款  笔记同款  笔记同款,medium,商品已下架/冻结,1845,0.0,WATCH,69b95e393f115c0015090af7,写作狗AI的店,2026-06-19 13:00:24,web_full,,1
66bb6ac3f816720001ead59d,第1步纠正中式发音 快速发出地道美音 2.0版地道发音细节讲解,medium,商品已下架/冻结,1843,0.0,WATCH,6266070f0db87700015df44a,大福昵Daphne口语规律的店,2026-06-19 13:00:42,web_full,,1
6a0bd0598c46410001511888,第五cos道具吧唧信封生日礼物周边礼物,medium,商品已下架/冻结,1838,0.0,WATCH,69647885cc48350015caeb0e,暴躁💢小薯条的店,2026-06-19 13:00:57,web_full,,1
68426a3b93d0780001af0c9f,四六级翻译常考句型+黄金模板+高频词汇,medium,商品已下架/冻结,1837,0.0,WATCH,68417c720c8b460015a295e0,小珂学姐的店,2026-06-19 13:00:59,web_full,,1
656442523214c00001a51688,一笑而过吧·周思成-26年6月四六级全程班,medium,商品已下架/冻结,1837,0.0,WATCH,652383f87fa15200013b7c31,一笑而过吧教育旗舰店,2026-06-19 13:01:01,web_full,,1
69f4be719dea2d000181c3c9,四六级翻译常考句型+黄金模板+高频词汇,medium,商品已下架/冻结,1836,0.0,WATCH,,小珂学姐的店,2026-06-19 13:01:02,web_full,,1
69c4c42ad6abc600014f7f32,2026新款创意卡通抱抱桶花束玩具生日惊喜礼盒送女友闺蜜男友礼物,medium,商品已下架/冻结,1835,0.0,WATCH,,,2026-06-19 13:01:09,web_full,,1
68f34e9fb8a4f600018d1cda,大学英语四六级历年听力专项真题音频原文电子版,medium,商品已下架/冻结,1833,0.0,WATCH,65695ac07b366c0001c04a89,旺仔逢考必过的店,2026-06-19 13:01:12,web_full,,1
68f34e9fb8a4f600018d1cd7,大学英语四六级历年听力专项真题音频原文电子版,medium,商品已下架/冻结,1833,0.0,WATCH,65695ac07b366c0001c04a89,旺仔逢考必过的店,2026-06-19 13:01:12,web_full,,1
68f34e9fb8a4f600018d1cdd,大学英语四六级历年听力专项真题音频原文电子版,medium,商品已下架/冻结,1833,0.0,WATCH,65695ac07b366c0001c04a89,旺仔逢考必过的店,2026-06-19 13:01:12,web_full,,1
69f58eb4a5715f00016dd45f,小马潮玩找小马（测试版）未成年禁止下单,medium,商品已下架/冻结,1827,0.0,WATCH,66c03f832fa2b30015ecde77,鱼的店,2026-06-19 13:03:30,web_full,,1
69f4be719dea2d000181c3c6,四六级翻译常考句型+黄金模板+高频词汇,medium,商品已下架/冻结,1822,0.0,WATCH,,,2026-06-19 13:03:47,web_full,,1
69f4be719dea2d000181c3d5,四六级翻译常考句型+黄金模板+高频词汇,medium,商品已下架/冻结,1821,0.0,WATCH,68417c720c8b460015a295e0,小珂学姐,2026-06-19 13:03:50,web_full,,1
69c4c42ad6abc600014f7f38,2026新款创意卡通抱抱桶花束玩具生日惊喜礼盒送女友闺蜜男友礼物,medium,商品已下架/冻结,1820,0.0,WATCH,68ac7169549bc40015f0dcbe,美美桑那🐽的店,2026-06-19 13:03:53,web_full,,1
654e0f9235c4110001fd539a,2026新版学而思1000题刷透初中计算 刷基础避易错学方法学练结合,medium,商品已下架/冻结,1819,0.0,WATCH,,,2026-06-19 13:03:58,web_full,,1
659a54f1ff7b510001aa6665,2026新版学而思1000题刷透初中计算 刷基础避易错学方法学练结合,medium,商品已下架/冻结,1819,0.0,WATCH,,,2026-06-19 13:03:58,web_full,,1
69de63c9837001000184a245,超高回购率 笔记同-同款好物,medium,商品已下架/冻结,1819,0.0,WATCH,696871dd92b18e00158c70d3,Trouvaille Semiternal的店,2026-06-19 13:03:58,web_full,,1
68e703087d3b3f0001fb90a2,2026新版【初中提分笔记】新教材新中考初中复习知识清单考点集,medium,商品已下架/冻结,1818,0.0,WATCH,,文韵小书屋的店,2026-06-19 13:04:01,web_full,,1
68459a82e0db0d001571e82c,2026新版【初中提分笔记】新教材新中考初中复习知识清单考点集,medium,商品已下架/冻结,1818,0.0,WATCH,,文韵小书屋的店,2026-06-19 13:04:01,web_full,,1
68459a823aa6a60014a4de9b,2026新版【初中提分笔记】新教材新中考初中复习知识清单考点集,medium,商品已下架/冻结,1818,0.0,WATCH,,文韵小书屋的店,2026-06-19 13:04:01,web_full,,1
68e703087d3b3f0001fb909f,2026新版【初中提分笔记】新教材新中考初中复习知识清单考点集,medium,商品已下架/冻结,1818,0.0,WATCH,,,2026-06-19 13:04:01,web_full,,1
68459a823aa6a60014a4de97,2026新版【初中提分笔记】新教材新中考初中复习知识清单考点集,medium,商品已下架/冻结,1818,0.0,WATCH,,文韵小书屋的店,2026-06-19 13:04:01,web_full,,1
6a2119c3c2c13f0001feed72,2026新版【初中提分笔记】新教材新中考初中复习知识清单考点集,medium,商品已下架/冻结,1818,0.0,WATCH,,,2026-06-19 13:04:02,web_full,,1
68459a8205b7000015bb9487,2026新版【初中提分笔记】新教材新中考初中复习知识清单考点集,medium,商品已下架/冻结,1818,0.0,WATCH,,,2026-06-19 13:04:02,web_full,,1
69de63c9837001000184a25a,超高回购率 笔记同-同款好物,medium,商品已下架/冻结,1818,0.0,WATCH,696871dd92b18e00158c70d3,Trouvaille Semiternal的店,2026-06-19 13:04:03,web_full,,1
67f4f31b1899f10001a30de3,25春考试宝典｜小学1-6年级下单元测试、期中期末测试卷合集+答案,medium,商品已下架/冻结,1817,0.0,WATCH,,,2026-06-19 13:04:05,web_full,,1
67f22b4584d56b00015ed4bd,25春考试宝典｜小学1-6年级下单元测试、期中期末测试卷合集+答案,medium,商品已下架/冻结,1815,0.0,WATCH,67ea63f5d90d8200154009f5,Duffy老师教辅站的店,2026-06-19 13:04:12,web_full,,1
68459a8205b7000015bb947f,2025【初中提分笔记】新教材新中考初中复习知识清单考点集,medium,商品已下架/冻结,1813,0.0,WATCH,66e5a6e5d43a4b0015ab66be,文韵小书屋的店,2026-06-19 13:05:48,web_full,,1
694956d64d11d70001db0f14,重庆初中语数外物化生地史政月考期中期末真题试卷七龙珠试卷,medium,商品已下架/冻结,1812,0.0,WATCH,,桃李先生资料库的店,2026-06-19 13:06:08,web_full,,1
69f4be719dea2d000181c3db,四六级翻译常考句型+黄金模板+高频词汇,medium,商品已下架/冻结,1811,0.0,WATCH,,,2026-06-19 13:05:57,web_full,,1
694956d64d11d70001db0f87,重庆初中语数外物化生地史政月考期中期末真题试卷七龙珠试卷,medium,商品已下架/冻结,1809,0.0,WATCH,65bb02155848410001055146,桃李先生资料库的店,2026-06-19 13:06:08,web_full,,1
69faff85f888bb00013c4e44,10号商品-笔记同款PPT,medium,商品已下架/冻结,1809,0.0,WATCH,69d4674abe996600155ee5ad,Master of Psychological Mi的店,2026-06-19 13:06:11,web_full,,1
694956d64d11d70001db0f36,重庆初中语数外物化生地史政月考期中期末真题试卷七龙珠试卷,medium,商品已下架/冻结,1808,0.0,WATCH,,,2026-06-19 13:06:13,web_full,,1
694956d64d11d70001db0eff,重庆初中语数外物化生地史政月考期中期末真题试卷七龙珠试卷,medium,商品已下架/冻结,1808,0.0,WATCH,,,2026-06-19 13:06:13,web_full,,1
694956d64d11d70001db0ef0,重庆初中语数外物化生地史政月考期中期末真题试卷七龙珠试卷,medium,商品已下架/冻结,1808,0.0,WATCH,,,2026-06-19 13:06:14,web_full,,1
69f4be719dea2d000181c3cc,四六级翻译常考句型+黄金模板+高频词汇,medium,商品已下架/冻结,1808,0.0,WATCH,68417c720c8b460015a295e0,小珂学姐的店,2026-06-19 13:06:14,web_full,,1
694956d64d11d70001db0f7b,重庆初中语数外物化生地史政月考期中期末真题试卷七龙珠试卷,medium,商品已下架/冻结,1805,0.0,WATCH,65bb02155848410001055146,桃李先生资料库的店,2026-06-19 13:06:35,web_full,,1
694956d64d11d70001db0eea,重庆初中语数外物化生地史政月考期中期末真题试卷七龙珠试卷,medium,商品已下架/冻结,1805,0.0,WATCH,,,2026-06-19 13:06:36,web_full,,1
694956d64d11d70001db0ed2,重庆初中语数外物化生地史政月考期中期末真题试卷七龙珠试卷,medium,商品已下架/冻结,1805,0.0,WATCH,,,2026-06-19 13:06:36,web_full,,1
694956d64d11d70001db0f78,重庆初中语数外物化生地史政月考期中期末真题试卷七龙珠试卷,medium,商品已下架/冻结,1805,0.0,WATCH,,桃李先生资料库的店,2026-06-19 13:06:36,web_full,,1
694956d64d11d70001db0f1a,重庆初中语数外物化生地史政月考期中期末真题试卷七龙珠试卷,medium,商品已下架/冻结,1805,0.0,WATCH,65bb02155848410001055146,桃李先生资料库的店,2026-06-19 13:06:36,web_full,,1
694956d64d11d70001db0f90,重庆初中语数外物化生地史政月考期中期末真题试卷七龙珠试卷,medium,商品已下架/冻结,1805,0.0,WATCH,,,2026-06-19 13:06:37,web_full,,1
694956d64d11d70001db0f72,重庆初中语数外物化生地史政月考期中期末真题试卷七龙珠试卷,medium,商品已下架/冻结,1805,0.0,WATCH,65bb02155848410001055146,桃李先生资料库的店,2026-06-19 13:06:37,web_full,,1
694956d64d11d70001db0f7e,重庆初中语数外物化生地史政月考期中期末真题试卷七龙珠试卷,medium,商品已下架/冻结,1805,0.0,WATCH,,,2026-06-19 13:06:37,web_full,,1
694956d64d11d70001db0f5d,重庆初中语数外物化生地史政月考期中期末真题试卷七龙珠试卷,medium,商品已下架/冻结,1805,0.0,WATCH,65bb02155848410001055146,桃李先生资料库的店,2026-06-19 13:06:37,web_full,,1
694956d64d11d70001db0f2a,重庆初中语数外物化生地史政月考期中期末真题试卷七龙珠试卷,medium,商品已下架/冻结,1805,0.0,WATCH,,,2026-06-19 13:06:38,web_full,,1
694956d64d11d70001db0ef9,重庆初中语数外物化生地史政月考期中期末真题试卷七龙珠试卷,medium,商品已下架/冻结,1805,0.0,WATCH,65bb02155848410001055146,桃李先生资料库的店,2026-06-19 13:06:38,web_full,,1
694956d64d11d70001db0f99,重庆初中语数外物化生地史政月考期中期末真题试卷七龙珠试卷,medium,商品已下架/冻结,1805,0.0,WATCH,,,2026-06-19 13:06:38,web_full,,1
694956d64d11d70001db0f42,重庆初中语数外物化生地史政月考期中期末真题试卷七龙珠试卷,medium,商品已下架/冻结,1803,0.0,WATCH,,,2026-06-19 13:06:46,web_full,,1
6943a1041f22d200017a6f62,狗狗脂肪瘤药膏快消特药皮下囊肿鼓包硬块宠物身上长疙瘩皮脂腺瘤,medium,商品已下架/冻结,1801,0.0,WATCH,,,2026-06-19 13:06:57,web_full,,1
69eb2f18f9b6f10001853793,考研英语单词整理线圈本 彩色内页 单词翻译练习笔记本,medium,商品已下架/冻结,1798,0.0,WATCH,679d9046d0ac5b0015e4518b,十年资料铺的店,2026-06-19 13:07:10,web_full,,1
69eb2f18f9b6f1000185378d,考研英语单词整理线圈本 彩色内页 单词翻译练习笔记本,medium,商品已下架/冻结,1797,0.0,WATCH,679d9046d0ac5b0015e4518b,十年资料铺的店,2026-06-19 13:07:17,web_full,笔记本/记事本,1
658b78e1a822000001031fbc,2026中高考任选【全国适用】意林热点考点素材中考押题作文高考押,medium,商品已下架/冻结,1795,0.0,WATCH,655d6c753ead4f00015ad586,小小熊出没的店,2026-06-19 13:07:36,web_full,,1
658b78e15df54f00017bfec3,2026中高考任选【全国适用】意林热点考点素材中考押题作文高考押,medium,商品已下架/冻结,1794,0.0,WATCH,,,2026-06-19 13:08:57,web_full,,1
64776da8f1bdc900011938e9,【斗半匠】表内乘法 表内除法 九九乘除法小学二年级数学专项训练,medium,商品已下架/冻结,1790,0.0,WATCH,,,2026-06-19 13:09:14,web_full,,1
66acc32630791f00019a6465,中国院士的科学人生百年 书写40位中国院士的光 · · 国之脊梁,medium,商品已下架/冻结,1782,0.0,WATCH,65ae500a5848410001420d41,AA恒凡图书的店,2026-06-19 13:09:58,web_full,,1
6a0cd0242d684c000153a733,【国现】2026Lezhin狗头快闪随机卡拍立得,medium,商品已下架/冻结,1779,0.0,WATCH,6a05bb07a5bca80015d05991,咬一口小卡的店,2026-06-19 13:10:11,web_full,,1
668bea4a11584100012dc703,中国院士的科学人生百年 书写40位中国院士的光 · · 国之脊梁,medium,商品已下架/冻结,1778,0.0,NEW,,,2026-06-19 13:10:12,web_full,,1
69def3305258fb0001549f8e,【正版现货】代买 第五人格联动主题贴纸徽章拉拉独特时装等周边,medium,商品已下架/冻结,1771,0.0,WATCH,69dedb7e7e033a00150f654b,酱油周边的店,2026-06-19 13:11:59,web_full,,1
69def3305258fb0001549f97,【正版现货】代买 第五人格联动主题贴纸徽章拉拉独特时装等周边,medium,商品已下架/冻结,1771,0.0,WATCH,69dedb7e7e033a00150f654b,酱油周边的店,2026-06-19 13:11:59,web_full,,1
68f24311cdf9d60001e2a0e1,2027考研政治英语数学一二三网课资料全年更新赠26完整版,medium,商品已下架/冻结,1762,0.0,WATCH,68da84a26a859600157d24f1,考研兔（上岸版）的店,2026-06-19 13:13:28,web_full,,1
69f4be719dea2d000181c3cf,四六级翻译常考句型+黄金模板+高频词汇,medium,商品已下架/冻结,1761,0.0,WATCH,,,2026-06-19 13:13:32,web_full,,1
69eb2f18f9b6f10001853796,考研英语单词整理线圈本 彩色内页 单词翻译练习笔记本,medium,商品已下架/冻结,1760,0.0,WATCH,679d9046d0ac5b0015e4518b,十年资料铺的店,2026-06-19 13:13:34,web_full,,1
676bc8852b5554001570cbc3,八爪鱼童书 有趣的中国古建筑 杨爸图说,medium,商品已下架/冻结,1760,0.0,WATCH,,,2026-06-19 13:13:35,web_full,,1
688451224f80eb0001641022,3C·大数据把我推给需要买家电的薯友们，真的太牛了,medium,商品已下架/冻结,1749,0.0,WATCH,6883371798511e0015f424a3,小红薯68E8D6B7的店,2026-06-19 13:16:02,web_full,,1
69f598de0511b5000159de31,PDF编辑 格式转换 个人简历 PPT制作 24小时自动发货,medium,商品已下架/冻结,1745,0.0,WATCH,69c3f1234ae1400015303f60,彼飞网络的店,2026-06-19 13:16:31,web_full,,1
66aa36de41b42f00013c728b,著名作家推荐小学生每日美文360必读作文素材名家赏析阅读提升,medium,商品已下架/冻结,1743,0.0,WATCH,658bef15076cd80001878ba5,小吟心书坊的店,2026-06-19 13:16:42,web_full,,1
6968ada6adb68400011f692a,26湖北农教综合+语数英fb系统班包更新【赠26时政冲刺课+讲义】,medium,商品已下架/冻结,1731,0.0,WATCH,,,2026-06-19 13:19:31,web_full,,1
6968ada6adb68400011f692d,26湖北农教综合+语数英fb系统班包更新【赠26时政冲刺课+讲义】,medium,商品已下架/冻结,1731,0.0,WATCH,,,2026-06-19 13:19:31,web_full,,1
6968ada6adb68400011f6921,26湖北农教综合+语数英fb系统班包更新【赠26时政冲刺课+讲义】,medium,商品已下架/冻结,1731,0.0,WATCH,,,2026-06-19 13:19:32,web_full,,1
667aa15b44214800016b92ac,世界文学名著12册 诺贝尔文学奖著作 大地局外人西西弗神话悉达多,medium,商品已下架/冻结,1730,0.0,WATCH,665494dba57f580001f4921e,博文天集图书的店,2026-06-19 13:19:41,web_full,,1
67e3bd89eb978c00011df860,电子面单转换工具解决未开通电子面单无法发货问题在线转换面单,medium,商品已下架/冻结,1722,0.0,WATCH,,,2026-06-19 13:22:04,web_full,,1
69f421c781bc010001c9cf5c,【自动秒发货】Word Excel PPT 模板,medium,商品已下架/冻结,1720,0.0,WATCH,676e40c3d0a2240015b4e51a,珑悦工作室的店,2026-06-19 13:21:55,web_full,,1
69a3b56b90695300019d1110,运动步数绘画虚拟定制,medium,商品已下架/冻结,1712,0.0,WATCH,630985ed97e4ef000161d947,贝壳学长的店,2026-06-19 13:22:54,web_full,,1
6650637bca6baf00012bc0d1,宝宝入园能力培养绘本全8册 上幼儿园准备儿童绘本小中大班早教,medium,商品已下架/冻结,1706,0.0,WATCH,,,2026-06-19 13:24:52,web_full,,1
69eb2f18f9b6f10001853799,考研英语单词整理线圈本 彩色内页 单词翻译练习笔记本,medium,商品已下架/冻结,1698,0.0,WATCH,679d9046d0ac5b0015e4518b,十年资料铺的店,2026-06-19 13:25:45,web_full,笔记本/记事本,1
694aa53aa3be010001ec809f,2026年深圳市初中数学英语语文物化生地史政月考期中期末真题试卷,medium,商品已下架/冻结,1696,0.0,WATCH,65bb02155848410001055146,桃李先生资料库的店,2026-06-19 13:26:00,web_full,,1
694aa53aa3be010001ec7fd3,2026年深圳市初中数学英语语文物化生地史政月考期中期末真题试卷,medium,商品已下架/冻结,1696,0.0,WATCH,65bb02155848410001055146,桃李先生资料库的店,2026-06-19 13:26:00,web_full,,1
694aa53aa3be010001ec7ff1,2026年深圳市初中数学英语语文物化生地史政月考期中期末真题试卷,medium,商品已下架/冻结,1696,0.0,WATCH,,桃李先生资料库的店,2026-06-19 13:26:00,web_full,,1
694ea135e7d6bb0001ca1157,北京初中语文数学英语物理化学生生物地史政月考期中期末真题试卷,medium,商品已下架/冻结,1696,0.0,WATCH,,桃李先生资料库的店,2026-06-19 13:27:22,web_full,,1
694aa53aa3be010001ec7fdf,2026年深圳市初中数学英语语文物化生地史政月考期中期末真题试卷,medium,商品已下架/冻结,1695,0.0,WATCH,,,2026-06-19 13:26:00,web_full,,1
694aa53aa3be010001ec8009,2026年深圳市初中数学英语语文物化生地史政月考期中期末真题试卷,medium,商品已下架/冻结,1695,0.0,WATCH,,,2026-06-19 13:26:00,web_full,,1
694aa53aa3be010001ec7feb,2026年深圳市初中数学英语语文物化生地史政月考期中期末真题试卷,medium,商品已下架/冻结,1695,0.0,WATCH,,,2026-06-19 13:26:00,web_full,,1
694aa53aa3be010001ec7fe8,2026年深圳市初中数学英语语文物化生地史政月考期中期末真题试卷,medium,商品已下架/冻结,1695,0.0,WATCH,65bb02155848410001055146,桃李先生资料库的店,2026-06-19 13:26:00,web_full,,1
694aa53aa3be010001ec7fee,2026年深圳市初中数学英语语文物化生地史政月考期中期末真题试卷,medium,商品已下架/冻结,1695,0.0,WATCH,,,2026-06-19 13:26:00,web_full,,1
694aa53aa3be010001ec7ff7,2026年深圳市初中数学英语语文物化生地史政月考期中期末真题试卷,medium,商品已下架/冻结,1694,0.0,WATCH,65bb02155848410001055146,桃李先生资料库的店,2026-06-19 13:26:02,web_full,,1
694aa53aa3be010001ec7fd6,2026年深圳市初中数学英语语文物化生地史政月考期中期末真题试卷,medium,商品已下架/冻结,1694,0.0,WATCH,,,2026-06-19 13:26:02,web_full,,1
694aa53aa3be010001ec806c,2026年深圳市初中数学英语语文物化生地史政月考期中期末真题试卷,medium,商品已下架/冻结,1694,0.0,WATCH,65bb02155848410001055146,桃李先生资料库的店,2026-06-19 13:26:02,web_full,,1
694aa53aa3be010001ec8075,2026年深圳市初中数学英语语文物化生地史政月考期中期末真题试卷,medium,商品已下架/冻结,1694,0.0,WATCH,,,2026-06-19 13:26:02,web_full,,1
694aa53aa3be010001ec809c,2026年深圳市初中数学英语语文物化生地史政月考期中期末真题试卷,medium,商品已下架/冻结,1694,0.0,WATCH,,,2026-06-19 13:26:02,web_full,,1
69ae3fa714149e0001b99e38,【衣鞋任洗】2件套 洗衣洗鞋随时可约全国通用上门取件专业清洗,medium,商品已下架/冻结,1694,0.0,WATCH,,,2026-06-19 13:26:03,web_full,,1
6a24fb893af1890001bf3ef4,老钱风新款香槟色醋酸裙裤大码女装夏季薄款冰丝遮跨显瘦阔腿裤,medium,商品已下架/冻结,1693,0.0,WATCH,,,2026-06-19 13:26:04,web_full,,1
63ec4423da66d90001156a52,小学一二三年级上下册口算题卡每天100道数学题口算速算天天练XLR,medium,商品已下架/冻结,1691,0.0,WATCH,63e9dca5783b79000194a4fe,知否书屋的店,2026-06-19 13:27:17,web_full,,1
686664c3afc5ca0001ad5a4b,给孩子的山海经全套6册小学生版彩绘注音版  默认,medium,商品已下架/冻结,1690,0.0,WATCH,,,2026-06-19 13:27:19,web_full,,1
686664c3afc5ca0001ad5a45,给孩子的山海经全套6册小学生版彩绘注音版  默认,medium,商品已下架/冻结,1690,0.0,WATCH,,,2026-06-19 13:27:19,web_full,,1
694ea135e7d6bb0001ca10f4,北京初中语文数学英语物理化学生生物地史政月考期中期末真题试卷,medium,商品已下架/冻结,1689,0.0,WATCH,,,2026-06-19 13:27:22,web_full,,1
694ea6596fadb7000140f97e,北京初中语文数学英语物理化学生生物地史政月考期中期末真题试卷,medium,商品已下架/冻结,1689,0.0,WATCH,,桃李先生资料库的店,2026-06-19 13:27:22,web_full,,1
694ea135e7d6bb0001ca118d,北京初中语文数学英语物理化学生生物地史政月考期中期末真题试卷,medium,商品已下架/冻结,1689,0.0,WATCH,,,2026-06-19 13:27:23,web_full,,1
694ea135e7d6bb0001ca1193,北京初中语文数学英语物理化学生生物地史政月考期中期末真题试卷,medium,商品已下架/冻结,1689,0.0,WATCH,,,2026-06-19 13:27:23,web_full,,1
66e3e8eaafa1e9000127165e,北京初中语文数学英语物理化学生生物地史政月考期中期末真题试卷,medium,商品已下架/冻结,1689,0.0,WATCH,,,2026-06-19 13:27:23,web_full,,1
694ea135e7d6bb0001ca1151,北京初中语文数学英语物理化学生生物地史政月考期中期末真题试卷,medium,商品已下架/冻结,1689,0.0,WATCH,,,2026-06-19 13:27:23,web_full,,1
694ea135e7d6bb0001ca1166,北京初中语文数学英语物理化学生生物地史政月考期中期末真题试卷,medium,商品已下架/冻结,1689,0.0,WATCH,,,2026-06-19 13:27:23,web_full,,1
694ea135e7d6bb0001ca10f7,北京初中语文数学英语物理化学生生物地史政月考期中期末真题试卷,medium,商品已下架/冻结,1689,0.0,WATCH,,,2026-06-19 13:27:23,web_full,,1
69eb2f18f9b6f1000185379f,考研英语单词整理线圈本 彩色内页 单词翻译练习笔记本,medium,商品已下架/冻结,1688,0.0,WATCH,679d9046d0ac5b0015e4518b,十年资料铺的店,2026-06-19 13:27:26,web_full,笔记本/记事本,1
694ea135e7d6bb0001ca1133,北京初中语文数学英语物理化学生生物地史政月考期中期末真题试卷,medium,商品已下架/冻结,1688,0.0,WATCH,,,2026-06-19 13:27:26,web_full,,1
69f84ea1789441000116ce47,第五人格×海底捞联名拉拉队员吧唧周边透卡徽章时装碎片线索各种,medium,商品已下架/冻结,1688,0.0,WATCH,,,2026-06-19 13:27:27,web_full,,1
69b61443fbb3a40001fba9a4,18页PPT-红色竞选答辩赠参考答辩稿,medium,商品已下架/冻结,1687,0.0,WATCH,6675abffe40277000133c04d,夹心ppt的店,2026-06-19 13:27:29,web_full,,1
691d1d2b603b4e0001c29466,初中英语电子版PDF虚拟教材  人教版,medium,商品已下架/冻结,1686,0.0,WATCH,68e29831eeeb370015bed03b,丰狐文豹的店,2026-06-19 13:27:33,web_full,,1
694ea135e7d6bb0001ca119f,北京初中语文数学英语物理化学生生物地史政月考期中期末真题试卷,medium,商品已下架/冻结,1684,0.0,WATCH,,,2026-06-19 13:27:41,web_full,,1
6a24fb893af1890001bf3ef7,老钱风新款香槟色醋酸裙裤大码女装夏季薄款冰丝遮跨显瘦阔腿裤,medium,商品已下架/冻结,1683,0.0,NEW,,,2026-06-19 13:27:44,web_full,,1
69a3b56b90695300019d110a,运动步数绘画虚拟定制,medium,商品已下架/冻结,1680,0.0,WATCH,630985ed97e4ef000161d947,贝壳学长的店,2026-06-19 13:27:58,web_full,,1
694aa53aa3be010001ec8036,2026年深圳市初中数学英语语文物化生地史政月考期中期末真题试卷,medium,商品已下架/冻结,1675,0.0,WATCH,,,2026-06-19 13:28:13,web_full,,1
694aa53aa3be010001ec806f,2026年深圳市初中数学英语语文物化生地史政月考期中期末真题试卷,medium,商品已下架/冻结,1675,0.0,WATCH,,,2026-06-19 13:29:26,web_full,,1
694aa53aa3be010001ec8030,2026年深圳市初中数学英语语文物化生地史政月考期中期末真题试卷,medium,商品已下架/冻结,1675,0.0,WATCH,,,2026-06-19 13:29:26,web_full,,1
694aa53aa3be010001ec8033,2026年深圳市初中数学英语语文物化生地史政月考期中期末真题试卷,medium,商品已下架/冻结,1673,0.0,WATCH,65bb02155848410001055146,桃李先生资料库的店,2026-06-19 13:29:34,web_full,,1
694aa53aa3be010001ec7fd0,2026年深圳市初中数学英语语文物化生地史政月考期中期末真题试卷,medium,商品已下架/冻结,1673,0.0,WATCH,65bb02155848410001055146,桃李先生资料库的店,2026-06-19 13:29:34,web_full,,1
6682761e57b365000189d8d4,【正版送老公】跟老婆一起怀孕写给准爸爸的孕期指导书百科育儿,medium,商品已下架/冻结,1670,0.0,WATCH,65ea8883148a6f0001285faf,荔枝图书的店,2026-06-19 13:29:45,web_full,,1
679b2edc96b36c000107b774,阿虎医考初，中，副高，正高刷题上岸题库（笔记同款）,medium,商品已下架/冻结,1663,0.0,WATCH,6308d1596c7ba800012520dc,医药护学习圈的店,2026-06-19 13:40:43,web_full,,1
66b784c10efe9a0001415da7,再忙也要好好吃饭【赠贴纸】手绘美食食谱书,medium,商品已下架/冻结,1658,0.0,WATCH,,,2026-06-19 13:43:50,web_full,,1
69a3b56b90695300019d110d,运动步数绘画虚拟定制,medium,商品已下架/冻结,1655,0.0,WATCH,630985ed97e4ef000161d947,贝壳学长的店,2026-06-19 13:47:58,web_full,,1
68a66e74db7e430001ee728f,（单拍不发）补款加急！加急下加急单起算，网络小说封面手写书名,medium,商品已下架/冻结,1644,0.0,WATCH,,,2026-06-19 13:49:36,web_full,,1
68277748cde7df0001d90435,小学英语零基础入门预备三年级英语26个字母48个国际音标单词句子,medium,商品已下架/冻结,1640,0.0,WATCH,,,2026-06-19 13:50:14,web_full,,1
690d66f1057f570015f7475c,一二年级语文同步默写上下册人教版看拼音写词语生字专项练习,medium,商品已下架/冻结,1640,0.0,WATCH,660d0f94f0b53500014280f4,启迪图书智慧书屋的店,2026-06-19 13:50:14,web_full,,1
677cd77e627fd90001e81bf5,宝宝辅食跟我做 0-3岁宝宝辅食教程书 辅食营养餐做法,medium,商品已下架/冻结,1638,0.0,WATCH,,,2026-06-19 13:51:45,web_full,,1
67bed284eef182000117263c,小学英语零基础入门预备三年级英语26个字母48个国际音标单词句子,medium,商品已下架/冻结,1638,0.0,WATCH,6372dc1c83f0d000019e3f11,佳佳学霸图书店的店,2026-06-19 13:51:46,web_full,,1
66a5efd75cf22c000102e6a1,【正版直发】每个人都很美、不一样的眼睛、我就是我 BK,medium,商品已下架/冻结,1638,0.0,WATCH,,,2026-06-19 13:51:46,web_full,,1
69f93dbd213e270001bac70a,Q/Y  1个月荟员下单3,medium,商品已下架/冻结,1634,0.0,WATCH,69b68d2a6ba7d100153b36cf,米彩y5u的店,2026-06-19 13:52:12,web_full,,1
691ab66193e3a600013c3cb0,【正版】不要担心2小时和8公里以外的事情别让任何人消耗你的情绪,medium,商品已下架/冻结,1612,0.0,WATCH,,,2026-06-19 13:55:37,web_full,,1
6530dd09e1f29400015b25d2,动妈力荐.可以玩的古诗文（升级版）. 古文诗词文言文益智游戏,medium,商品已下架/冻结,1608,0.0,WATCH,,,2026-06-19 13:57:14,web_full,,1
69eccf96faf0020001c9ce46,【直播专享126】眉笔/染眉膏合集,medium,商品已下架/冻结,1601,0.0,WATCH,,,2026-06-19 13:57:41,web_full,,1
658da2709c77800001a9fc35,《交易之道》易者老余带你进入交易系统构建大门,medium,商品已下架/冻结,1599,0.0,WATCH,,,2026-06-19 13:57:46,web_full,,1
67d0f3dde15c910001f644de,【电子社】无界形塑+梦的诞生+挽云鬓＋重塑的魅力 BJD娃娘读物,medium,商品已下架/冻结,1598,0.0,WATCH,648409baac730a0001542786,书纪优选的店,2026-06-19 13:57:50,web_full,,1
64880cb38b578d0001d9a3bd,梵高170周年纪念版画册 精装 礼盒 凡高,medium,商品已下架/冻结,1593,0.0,WATCH,,,2026-06-19 13:59:29,web_full,,1
68ad88670c85cc00018b46df,【官方正版】TED精读计划皮质活页TED演讲稿赠送双语音频视频口语,medium,商品已下架/冻结,1585,0.0,WATCH,,,2026-06-19 14:00:22,web_full,,1
6824a8ac80956a000174c506,【版权无忧 赠送立体 质量保证】锦书定制现代&古风素锦,medium,商品已下架/冻结,1577,0.0,WATCH,,锦书阁百货小铺的店,2026-06-19 14:02:37,web_full,,1
6a0ea69590bd1b0001b34108,洛克王国咕噜球抓取世界精灵亚克力钥匙扣系列游戏周边,medium,商品已下架/冻结,1568,0.0,WATCH,,,2026-06-19 14:03:34,web_full,,1
67b1e745db1dc10001f99c23,实习报告word电子文档可编辑,medium,商品已下架/冻结,1560,0.0,WATCH,6710a9a6ea230b00154d7ed1,长训职业生涯规划咨询的店,2026-06-19 14:05:28,web_full,,1
67db77b4b6efdb0001b5740b,心理操纵术洞察人性用小策略解决大问题人际关系交往微表情心理学,medium,商品已下架/冻结,1553,0.0,WATCH,,,2026-06-19 14:05:49,web_full,,1
66403512308cb70001a07b37,心理操纵术洞察人性用小策略解决大问题人际关系交往微表情心理学,medium,商品已下架/冻结,1553,0.0,WATCH,,,2026-06-19 14:05:49,web_full,,1
65f51f4270fc9b00015cdf92,心理操纵术洞察人性用小策略解决大问题人际关系交往微表情心理学,medium,商品已下架/冻结,1551,0.0,WATCH,,,2026-06-19 14:05:56,web_full,,1
68d75c58002e7e0001c70319,心理操纵术洞察人性用小策略解决大问题人际关系交往微表情心理学,medium,商品已下架/冻结,1551,0.0,WATCH,,,2026-06-19 14:05:56,web_full,,1
66403512308cb70001a07b3d,心理操纵术洞察人性用小策略解决大问题人际关系交往微表情心理学,medium,商品已下架/冻结,1551,0.0,WATCH,,,2026-06-19 14:05:57,web_full,,1
69dcaf8f747e970001c204e7,26注会轻一轻二完整版PDF不缺页不漏页|26注会DA同步更新中,medium,商品已下架/冻结,1551,0.0,WATCH,6936c9fba9e7af0015be7ec7,Huihuigo的店,2026-06-19 14:05:57,web_full,,1
68e460628aa57600019e54f4,南烛·2027康复治疗学考研康复考研信息咨询,medium,商品已下架/冻结,1549,0.0,WATCH,63fea6d49a611c0001fdbdfb,南烛康复考研的店,2026-06-19 14:07:46,web_full,,1
68c27f6ea756a70001a6791e,复议申请书/邮寄流程攻略/执恢/执保/规范模板（电子文档）,medium,商品已下架/冻结,1541,0.0,WATCH,682eb7208df66f0015635ecb,「春和景明」的店,2026-06-19 14:10:44,web_full,,1
6617ef4d1599530001de74b3,作品编号B 系列图,medium,商品已下架/冻结,1540,0.0,WATCH,6613615faeebf8000165306f,若梦的乐谱小屋的店,2026-06-19 14:10:46,web_full,,1
66daec7c1fced80001dd3a81,【升级版】中小学生多功能几何绘图尺活动角尺函数绘图尺,medium,商品已下架/冻结,1538,0.0,WATCH,,,2026-06-19 14:13:57,web_full,,1
66daec7c1fced80001dd3a78,【升级版】中小学生多功能几何绘图尺活动角尺函数绘图尺,medium,商品已下架/冻结,1538,0.0,WATCH,,,2026-06-19 14:13:57,web_full,,1
69f32a050511b50001295b1c,海底捞第五人格联动拉拉队员喧嚣透卡挂件收藏小周边卡,medium,商品已下架/冻结,1535,0.0,WATCH,,,2026-06-19 14:15:32,web_full,,1
6968824b397bf50001b2d819,汤汤大王9.9踩数字50欧12,medium,商品已下架/冻结,1533,0.0,WATCH,,,2026-06-19 14:15:38,web_full,,1
69ead0b61560290001cd0daa,【仅娃衣】2026美加墨世界杯拉布布一二三代dimoo娃衣（不含娃）,medium,商品已下架/冻结,1529,0.0,WATCH,68b550c6a8878800152c2227,叫我#李小二的店,2026-06-19 14:19:15,web_full,,1
69fdb58b0511b50001194ef7,绸缎光泽比基尼三角性感男士三角内裤,medium,商品已下架/冻结,1527,0.0,WATCH,,,2026-06-19 14:20:16,web_full,,1
69fdb58b0511b50001194efa,绸缎光泽比基尼三角性感男士三角内裤,medium,商品已下架/冻结,1524,0.0,WATCH,,,2026-06-19 14:22:34,web_full,,1
6677de5d4421480001676b34,暑假练字帖初中生古诗文英语作文词汇衡水体默写本通,medium,商品已下架/冻结,1516,0.0,WATCH,,,2026-06-19 14:24:38,web_full,,1
69e0b00483700100018d8f25,蜜蜂羊原皮羊毛茸茸玩偶爆米花,medium,商品已下架/冻结,1509,0.0,NEW,,,2026-06-19 14:26:50,web_full,,1
67b6ca9b7b3de40001ad5b76,小学生英语知识点音频跟读自然拼读发音规则英语启蒙认知,medium,商品已下架/冻结,1509,0.0,WATCH,,,2026-06-19 14:26:50,web_full,,1
67b6ca9b7b3de40001ad5b73,小学生英语知识点音频跟读自然拼读发音规则英语启蒙认知,medium,商品已下架/冻结,1501,0.0,WATCH,,,2026-06-19 14:27:22,web_full,,1
66a0ff6714ffa200017fed7d,22版小王子可单选-精装珍藏版【小王子】原著无删减圣埃克苏佩里,medium,商品已下架/冻结,1495,0.0,WATCH,,,2026-06-19 14:29:26,web_full,,1
669f0a50674183000173c0f1,秀丽笔纤秀笔楷学生书法练字笔秀丽笔便携签名书写,medium,商品已下架/冻结,1493,0.0,WATCH,6333e0d4b74d0a00017c799c,小萱萱同学的店,2026-06-19 14:29:31,web_full,,1
6610d7e0261497000155e8fc,历史不忍细看历史档案推理还原真相中华上下五千年中国通史书籍,medium,商品已下架/冻结,1493,0.0,WATCH,,,2026-06-19 14:29:32,web_full,,1
6963bcb8ce1e9f0001cb21e2,2026年天津市各区初中语数外物化生地史政期末电子真题试卷电子版,medium,商品已下架/冻结,1485,0.0,WATCH,,桃李先生资料库的店,2026-06-19 14:30:10,web_full,,1
6963bcb8ce1e9f0001cb21c4,2026年天津市各区初中语数外物化生地史政期末电子真题试卷电子版,medium,商品已下架/冻结,1485,0.0,WATCH,,,2026-06-19 14:30:10,web_full,,1
6963bcb8ce1e9f0001cb21e5,2026年天津市各区初中语数外物化生地史政期末电子真题试卷电子版,medium,商品已下架/冻结,1485,0.0,WATCH,,桃李先生资料库的店,2026-06-19 14:30:11,web_full,,1
6963bcb8ce1e9f0001cb2203,2026年天津市各区初中语数外物化生地史政期末电子真题试卷电子版,medium,商品已下架/冻结,1485,0.0,WATCH,,,2026-06-19 14:30:11,web_full,,1
6963bcb8ce1e9f0001cb221b,2026年天津市各区初中语数外物化生地史政期末电子真题试卷电子版,medium,商品已下架/冻结,1485,0.0,WATCH,65bb02155848410001055146,桃李先生资料库的店,2026-06-19 14:30:11,web_full,,1
687e4d7722713e0001ac633f,活页夹纸质版网友红领巾刷题复盘跟练本言语-数量-资料-判断-国省,medium,商品已下架/冻结,1485,0.0,WATCH,,,2026-06-19 14:30:11,web_full,,1
687e4d7722713e0001ac632a,活页夹纸质版网友红领巾刷题复盘跟练本言语-数量-资料-判断-国省,medium,商品已下架/冻结,1485,0.0,WATCH,,,2026-06-19 14:30:11,web_full,,1
6963bcb8ce1e9f0001cb21d6,2026年天津市各区初中语数外物化生地史政期末电子真题试卷电子版,medium,商品已下架/冻结,1485,0.0,WATCH,,,2026-06-19 14:30:11,web_full,,1
687e4d7722713e0001ac6324,活页夹纸质版网友红领巾刷题复盘跟练本言语-数量-资料-判断-国省,medium,商品已下架/冻结,1485,0.0,WATCH,,,2026-06-19 14:30:12,web_full,,1
6963bcb8ce1e9f0001cb2221,2026年天津市各区初中语数外物化生地史政期末电子真题试卷电子版,medium,商品已下架/冻结,1483,0.0,WATCH,,,2026-06-19 14:30:22,web_full,,1
640e9b7a5039f700018e9662,正方体磁性教具盒装20颗2厘米磁性立方体学生小学通用,medium,商品已下架/冻结,1482,0.0,WATCH,6333e0d4b74d0a00017c799c,小萱萱同学的店,2026-06-19 14:32:11,web_full,,1
641ea0635ba21f0001f5c44b,正方体磁性教具盒装20颗2厘米磁性立方体学生小学通用,medium,商品已下架/冻结,1482,0.0,WATCH,6333e0d4b74d0a00017c799c,小萱萱同学的店,2026-06-19 14:32:11,web_full,,1
6963bcb8ce1e9f0001cb21d9,2026年天津市各区初中语数外物化生地史政期末电子真题试卷电子版,medium,商品已下架/冻结,1477,0.0,WATCH,65bb02155848410001055146,桃李先生资料库的店,2026-06-19 14:32:36,web_full,,1
6963bcb8ce1e9f0001cb21c7,2026年天津市各区初中语数外物化生地史政期末电子真题试卷电子版,medium,商品已下架/冻结,1477,0.0,WATCH,,,2026-06-19 14:32:36,web_full,,1
6963bcb8ce1e9f0001cb21dc,2026年天津市各区初中语数外物化生地史政期末电子真题试卷电子版,medium,商品已下架/冻结,1477,0.0,WATCH,,,2026-06-19 14:32:36,web_full,,1
6963bcb8ce1e9f0001cb2218,2026年天津市各区初中语数外物化生地史政期末电子真题试卷电子版,medium,商品已下架/冻结,1475,0.0,WATCH,,,2026-06-19 14:32:49,web_full,,1
6963bcb8ce1e9f0001cb222a,2026年天津市各区初中语数外物化生地史政期末电子真题试卷电子版,medium,商品已下架/冻结,1473,0.0,WATCH,,,2026-06-19 14:33:05,web_full,,1
6963bcb8ce1e9f0001cb21fd,2026年天津市各区初中语数外物化生地史政期末电子真题试卷电子版,medium,商品已下架/冻结,1473,0.0,WATCH,65bb02155848410001055146,桃李先生资料库的店,2026-06-19 14:33:05,web_full,,1
67a39322d61c3f001552d5df,2026新小学教材教辅1-6年级语文数学英语人教版解读小学教辅,medium,商品已下架/冻结,1470,0.0,WATCH,,,2026-06-19 14:33:20,web_full,,1
67a3932120e47e00158d3531,2026新小学教材教辅1-6年级语文数学英语人教版解读小学教辅,medium,商品已下架/冻结,1469,0.0,WATCH,6372dc1c83f0d000019e3f11,佳佳学霸图书店的店,2026-06-19 14:33:30,web_full,,1
66b06f3f07479700012d3459,【区分性别2册】给男孩女孩的身体书青春期教育性教育早恋叛逆书,medium,商品已下架/冻结,1466,0.0,WATCH,,,2026-06-19 14:35:06,web_full,,1
6948e11db1e6660001447210,12生肖：月老&赵元帅&文昌帝君&钟馗文创装饰手机贴,medium,商品已下架/冻结,1461,0.0,WATCH,,,2026-06-19 14:35:30,web_full,,1
687e12b3f9d7c80001667514,爸爸的声音最好的胎教：故事好玩、音乐好听、百科好看、儿歌好美,medium,商品已下架/冻结,1453,0.0,WATCH,65ea8883148a6f0001285faf,荔枝图书的店,2026-06-19 14:37:17,web_full,,1
6677c36da9c8b7000168207b,塔木德原著中文版正版智慧全书原版大全集犹太人的书赚钱思维励志,medium,商品已下架/冻结,1442,0.0,WATCH,658d4098e27ff70001993ee4,X鑫谷图书的店,2026-06-19 14:38:03,web_full,,1
6752a131d79d330001338f5a,正版内证观察笔记书籍增订本真图本解剖学纲目修炼运转奥秘,medium,商品已下架/冻结,1439,0.0,WATCH,64ed9b8aeffd830001b56532,西雪婷的店,2026-06-19 14:39:59,web_full,,1
667d0bc1c17ae400013d4a45,【口袋书】应急图解旅游日语口语入门手指口袋书韩语自学日本韩国,medium,商品已下架/冻结,1438,0.0,WATCH,,,2026-06-19 14:40:02,web_full,,1
6525190bba573e00017b5e70,胎教故事爸爸读/妈妈读 全音频 孕期 早教睡前故事胎教音乐准爸爸,medium,商品已下架/冻结,1432,0.0,WATCH,,,2026-06-19 14:40:30,web_full,,1
66683291b5120500016740b4,底层逻辑 认知觉醒正版新书 逻辑思维框架看透本质励志管理书籍,medium,商品已下架/冻结,1431,0.0,WATCH,,,2026-06-19 14:40:34,web_full,,1
66683293548d1c0001ddc069,底层逻辑 认知觉醒正版新书 逻辑思维框架看透本质励志管理书籍,medium,商品已下架/冻结,1431,0.0,WATCH,,,2026-06-19 14:40:34,web_full,,1
6696111667418300012fced9,脊梁 中国院士的百年人生40位中国院士33个学科领域,medium,商品已下架/冻结,1430,0.0,NEW,,,2026-06-19 14:40:36,web_full,,1
69679508adb6840001f619cb,2026杭州市各区初中语数外科学社会月考期中期末真题试卷含答案,medium,商品已下架/冻结,1430,0.0,WATCH,65bb02155848410001055146,桃李先生资料库的店,2026-06-19 15:36:50,web_full,,1
6a242536a4f48f0001fc58fb,【AI豆仓】高级会员权益 - 拼豆效率神器,medium,商品已下架/冻结,1429,0.0,NEW,,,2026-06-19 14:40:38,web_full,,1
69f4980854fc750001a18307,四级翻译资料汇总（高频句型/词汇+模版+翻译预测+真题汇总）,medium,商品已下架/冻结,1427,0.0,WATCH,68417c720c8b460015a295e0,小珂学姐的店,2026-06-19 15:35:18,web_full,大学英语专业考试,1
69f4980854fc750001a1830d,四级翻译资料汇总（高频句型/词汇+模版+翻译预测+真题汇总）,medium,商品已下架/冻结,1426,0.0,WATCH,68417c720c8b460015a295e0,小珂学姐的店,2026-06-19 15:35:28,web_full,大学英语专业考试,1
69685f6744a6c900013d8e62,See，Touch，Feel低幼感官启蒙认知 英文原版触摸书·YXBB,medium,商品已下架/冻结,1425,0.0,WATCH,657a68f3514ce90001427337,美珵书坊的店,2026-06-19 15:35:34,web_full,,1
64e3ff0272601900015d071d,土土推荐·幼儿艺术启蒙烧脑创意是时候开始创造了,medium,商品已下架/冻结,1424,0.0,WATCH,,,2026-06-19 15:35:49,web_full,,1
69679508adb6840001f619d1,2026杭州市各区初中语数外科学社会月考期中期末真题试卷含答案,medium,商品已下架/冻结,1422,0.0,WATCH,65bb02155848410001055146,桃李先生资料库的店,2026-06-19 15:36:05,web_full,,1
6562c6c352ae0b0001bcb5c3,数学其实就是图学——你也能逆袭数学（让世界有光）,medium,商品已下架/冻结,1422,0.0,WATCH,,伍博士教育的店,2026-06-19 15:36:07,web_full,,1
6718db46a7061200015e5520,See，Touch，Feel低幼感官启蒙认知 英文原版触摸书·YXBB,medium,商品已下架/冻结,1422,0.0,WATCH,,,2026-06-19 15:36:09,web_full,,1
669f7f42e3d2d900018fbce0,老板财务企业管控视频课+配套实体书！领券下单 粉丝回馈直降100,medium,商品已下架/冻结,1420,0.0,WATCH,,,2026-06-19 15:36:26,web_full,,1
69f4980854fc750001a18313,四级翻译资料汇总（高频句型/词汇+模版+翻译预测+真题汇总）,medium,商品已下架/冻结,1418,0.0,WATCH,68417c720c8b460015a295e0,小珂学姐的店,2026-06-19 15:36:50,web_full,大学英语专业考试,1
69679508adb6840001f619d4,2026杭州市各区初中语数外科学社会月考期中期末真题试卷含答案,medium,商品已下架/冻结,1418,0.0,WATCH,65bb02155848410001055146,桃李先生资料库的店,2026-06-19 15:36:51,web_full,,1
69679508adb6840001f619ad,2026杭州市各区初中语数外科学社会月考期中期末真题试卷含答案,medium,商品已下架/冻结,1417,0.0,WATCH,65bb02155848410001055146,桃李先生资料库的店,2026-06-19 15:36:59,web_full,,1
69679508adb6840001f619c2,2026杭州市各区初中语数外科学社会月考期中期末真题试卷含答案,medium,商品已下架/冻结,1416,0.0,WATCH,,,2026-06-19 15:37:08,web_full,,1
69679508adb6840001f619f5,2026杭州市各区初中语数外科学社会月考期中期末真题试卷含答案,medium,商品已下架/冻结,1416,0.0,WATCH,,,2026-06-19 15:38:11,web_full,,1
6a0c75a04d102c000129d49f,自动发货|办公公文设计字体包|支持Windows|mac|国产系统|发网盘,medium,商品已下架/冻结,1411,0.0,WATCH,6338587bb74d0a00017c95bb,4S工程师的店,2026-06-19 15:39:01,web_full,,1
6a242536a4f48f0001fc58fe,【AI豆仓】高级会员权益 - 拼豆效率神器,medium,商品已下架/冻结,1408,0.0,WATCH,6983e2901e1c83001559d6f0,AI豆仓的店,2026-06-19 15:39:21,web_full,,1
64745b78ad5cef0001070011,唤醒孩子赋能训练营7天,medium,商品已下架/冻结,1408,0.0,WATCH,646f246859544100014e79a2,米哈里老师的店,2026-06-19 15:39:26,web_full,,1
69fcc48ba823a600016105e1,【古法草本】大小基数贴试用装｜ 月半月半  氵显气重,medium,商品已下架/冻结,226000,0.0,WATCH,,,2026-06-18 14:48:17,web_full,,0
685cac7e3970ba00011666b4,随机花材普快基地直发售后无忧,medium,商品已下架/冻结,202000,0.0,WATCH,6852f4b50d9f880015a5ebf2,长花原野的店,2026-06-18 14:48:24,web_full,,0
66a90d2cdf61610001571faa,幸运系列大桔大利柑橘苹果草莓自然干净清新好闻香氛喷雾,medium,商品已下架/冻结,133000,0.0,WATCH,,,2026-06-18 14:56:56,web_full,,0
66a90d2cdf61610001571fa7,幸运系列大桔大利柑橘苹果草莓自然干净清新好闻香氛喷雾,medium,商品已下架/冻结,133000,0.0,WATCH,,,2026-06-18 14:56:57,web_full,,0
67177cbe0345b60001d02421,10天背完3000英语单词 正版 学生英语单词分类速记超图解,medium,商品已下架/冻结,106000,0.0,WATCH,671657b2463e7a0015f43061,文澜书院的店,2026-06-18 15:00:29,web_full,,0
68623cb747fd8b000169102c,六只兔子·内衣女小胸聚拢显大无痕收副乳无钢圈舒适防下垂文胸罩女,medium,商品已下架/冻结,93000,0.0,WATCH,629f32aff233e70001565d41,六只兔子旗舰店,2026-06-18 15:01:32,web_full,,0
685ba1ec835e2500013e066b,龙叔·踩数字玩法·保底奇萌ssr sr（随机发）·未成年禁止下单,medium,商品已下架/冻结,85000,0.0,WATCH,,,2026-06-18 15:05:51,web_full,,0
65aa1a243fe1550001e238e7,貂貂果园正宗烟台王林苹果 维纳斯苹果 高山红苹果 爱香妃 明月,medium,商品已下架/冻结,79000,0.0,WATCH,,,2026-06-18 15:09:04,web_full,,0
6895b92e99631f0001252885,文件收纳袋 (不包含娃)未成年人禁止下单,medium,商品已下架/冻结,65000,0.0,WATCH,66a9c81f0c476100152d648f,清仓潮玩（收娃&接寄拍）的店,2026-06-18 15:11:59,web_full,,0
687dfc92e53c1000152e4388,泰香了！泰式芍药盛开晨曦香氛喷雾女持久留香清新空气芳香剂正品,medium,商品已下架/冻结,61000,0.0,WATCH,,,2026-06-18 15:12:28,web_full,,0
68831eb80e13d50001afe007,泰香了！泰式芍药盛开晨曦香氛喷雾女持久留香清新空气芳香剂正品,medium,商品已下架/冻结,61000,0.0,NEW,,,2026-06-18 15:12:28,web_full,,0
687dfc92e53c1000152e438c,泰香了！泰式芍药盛开晨曦香氛喷雾女持久留香清新空气芳香剂正品,medium,商品已下架/冻结,61000,0.0,NEW,,,2026-06-18 15:12:28,web_full,,0
69ef855e6eeaf70001398a68,泰香了！泰式芍药盛开晨曦香氛喷雾女持久留香清新空气芳香剂正品,medium,商品已下架/冻结,61000,0.0,NEW,,,2026-06-18 15:12:28,web_full,,0
687dfc92e53c1000152e4390,泰香了！泰式芍药盛开晨曦香氛喷雾女持久留香清新空气芳香剂正品,medium,商品已下架/冻结,61000,0.0,WATCH,,,2026-06-18 15:12:31,web_full,,0
69e70cf852316e00010e967e,儿童节涂鸦贴纸矢量素材,medium,商品已下架/冻结,39000,0.0,WATCH,6450c1d8275ad10001a2fd76,慢慢设计的店,2026-06-18 13:34:40,web_full,,0
69fadae9e0e86e0001cdf88a,儿童会所PPT案例合集,medium,商品已下架/冻结,39000,0.0,WATCH,6450c1d8275ad10001a2fd76,慢慢设计的店,2026-06-18 13:34:40,web_full,,0
69f020583a4daf0001f4487d,哥特式风格PNG素材,medium,商品已下架/冻结,39000,0.0,WATCH,6450c1d8275ad10001a2fd76,慢慢设计的店,2026-06-18 13:34:40,web_full,,0
69e5ff18454551000166e6c0,磨砂玻璃图标矢量素材,medium,商品已下架/冻结,39000,0.0,WATCH,6450c1d8275ad10001a2fd76,慢慢设计的店,2026-06-18 13:34:40,web_full,,0
69edba6c3a4daf0001bc5796,手绘卡通小狗矢量素材,medium,商品已下架/冻结,39000,0.0,WATCH,6450c1d8275ad10001a2fd76,慢慢设计的店,2026-06-18 13:34:40,web_full,,0
69f00eb2156029000150815b,复古魔法深蓝PNG素材,medium,商品已下架/冻结,39000,0.0,WATCH,6450c1d8275ad10001a2fd76,慢慢设计的店,2026-06-18 13:34:41,web_full,,0
69f1a6f2fda9a40001aa1cbe,蜜桃风野餐PNG素材,medium,商品已下架/冻结,39000,0.0,WATCH,6450c1d8275ad10001a2fd76,慢慢设计的店,2026-06-18 13:34:41,web_full,,0
69de2a10933b03000115d4af,红色丝带矢量素材,medium,商品已下架/冻结,39000,0.0,WATCH,6450c1d8275ad10001a2fd76,慢慢设计的店,2026-06-18 13:34:41,web_full,,0
69faf745273c7d0001ce802a,马卡龙拼贴PNG素材,medium,商品已下架/冻结,39000,0.0,WATCH,6450c1d8275ad10001a2fd76,慢慢设计的店,2026-06-18 13:34:41,web_full,,0
69eb55fb3aa96f0001272211,虚拟资料3505电子版,medium,商品已下架/冻结,39000,0.0,WATCH,6450c1d8275ad10001a2fd76,慢慢设计的店,2026-06-18 13:34:41,web_full,,0
69d4fb7010b42d00015870ae,春日小清新PSD海报,medium,商品已下架/冻结,39000,0.0,WATCH,6450c1d8275ad10001a2fd76,慢慢设计的店,2026-06-18 13:34:41,web_full,,0
69d76d69888f92000181e543,快递驿站SU模型合集,medium,商品已下架/冻结,39000,0.0,WATCH,6450c1d8275ad10001a2fd76,慢慢设计的店,2026-06-18 13:34:41,web_full,,0
69d8ca5f157a8a0001a4857e,地面拼花CAD平面图,medium,商品已下架/冻结,39000,0.0,WATCH,6450c1d8275ad10001a2fd76,慢慢设计的店,2026-06-18 13:34:41,web_full,,0
69edbba743360b0001618d8d,PPT可编辑图标素材,medium,商品已下架/冻结,39000,0.0,WATCH,6450c1d8275ad10001a2fd76,慢慢设计的店,2026-06-18 13:34:41,web_full,,0
69f05b3ae4ac61000121a603,沉浸式展厅SU模型2026,medium,商品已下架/冻结,39000,0.0,WATCH,6450c1d8275ad10001a2fd76,慢慢设计的店,2026-06-18 13:34:42,web_full,,0
69dccf7d49c41d0001259432,手绘卡通猫咪PNG素材,medium,商品已下架/冻结,39000,0.0,WATCH,6450c1d8275ad10001a2fd76,慢慢设计的店,2026-06-18 13:34:42,web_full,,0
69f98555f888bb0001141df0,儿童游乐树屋SU模型,medium,商品已下架/冻结,39000,0.0,WATCH,6450c1d8275ad10001a2fd76,慢慢设计的店,2026-06-18 13:34:42,web_full,,0
69e5ce2fa1dd780001de3ebc,儿童房空间意向JPG素材,medium,商品已下架/冻结,39000,0.0,WATCH,6450c1d8275ad10001a2fd76,慢慢设计的店,2026-06-18 13:34:42,web_full,,0
69dd99e3747e970001d63b6f,元明时代陶瓷器纹饰AI素材,medium,商品已下架/冻结,39000,0.0,WATCH,6450c1d8275ad10001a2fd76,慢慢设计的店,2026-06-18 13:34:42,web_full,,0
69e70d8da9f814000133b964,桌游棋牌插图素材,medium,商品已下架/冻结,39000,0.0,WATCH,6450c1d8275ad10001a2fd76,慢慢设计的店,2026-06-18 13:34:42,web_full,,0
69f8a23330d08600015f8317,复古文艺风PNG素材,medium,商品已下架/冻结,39000,0.0,WATCH,6450c1d8275ad10001a2fd76,慢慢设计的店,2026-06-18 13:34:42,web_full,,0
69f893b5213e270001b16830,养老项目PPT案例集,medium,商品已下架/冻结,39000,0.0,WATCH,6450c1d8275ad10001a2fd76,慢慢设计的店,2026-06-18 13:34:42,web_full,,0
69eee511c4fc820001beb696,现代作品集最全PPT图标,medium,商品已下架/冻结,39000,0.0,WATCH,6450c1d8275ad10001a2fd76,慢慢设计的店,2026-06-18 13:34:42,web_full,,0
69e608bea9f8140001e6ee9f,2026新年艺术字PNG素材,medium,商品已下架/冻结,39000,0.0,WATCH,6450c1d8275ad10001a2fd76,慢慢设计的店,2026-06-18 13:34:42,web_full,,0
69f17c55a54aee00012afb05,神兽瑞兽笔刷61款,medium,商品已下架/冻结,39000,0.0,WATCH,6450c1d8275ad10001a2fd76,慢慢设计的店,2026-06-18 13:34:43,web_full,,0
69ef7e28bd8c35000154d410,手绘插画云彩PSD素材,medium,商品已下架/冻结,39000,0.0,WATCH,6450c1d8275ad10001a2fd76,慢慢设计的店,2026-06-18 13:34:43,web_full,,0
69d50118076df80001f06e16,家居琴房SU模型合集,medium,商品已下架/冻结,39000,0.0,WATCH,6450c1d8275ad10001a2fd76,慢慢设计的店,2026-06-18 13:34:43,web_full,,0
69eb513321e0870001fde01c,虚拟资料3504电子版,medium,商品已下架/冻结,39000,0.0,WATCH,6450c1d8275ad10001a2fd76,慢慢设计的店,2026-06-18 13:34:43,web_full,,0
69f0469067d4b200016a9270,水晶苹果PNG免扣素材,medium,商品已下架/冻结,39000,0.0,WATCH,6450c1d8275ad10001a2fd76,慢慢设计的店,2026-06-18 13:34:43,web_full,,0
69f9722cc61d3a000104fa4f,商务风PPT工作总结,medium,商品已下架/冻结,39000,0.0,WATCH,6450c1d8275ad10001a2fd76,慢慢设计的店,2026-06-18 13:34:44,web_full,,0
69e5bdd7db4c8300012b129e,卡通马插画矢量标志,medium,商品已下架/冻结,39000,0.0,WATCH,6450c1d8275ad10001a2fd76,慢慢设计的店,2026-06-18 13:34:44,web_full,,0
69f0043467d4b2000162e443,网红售卖亭SU模型,medium,商品已下架/冻结,39000,0.0,WATCH,6450c1d8275ad10001a2fd76,慢慢设计的店,2026-06-18 13:34:44,web_full,,0
698445d5f0c4840001434845,3DMAX车缝线生成器,medium,商品已下架/冻结,39000,0.0,WATCH,6450c1d8275ad10001a2fd76,慢慢设计的店,2026-06-18 13:35:00,web_full,,0
69dcca7549c41d000124f2e9,方形动漫横幅PSD样机,medium,商品已下架/冻结,39000,0.0,WATCH,6450c1d8275ad10001a2fd76,慢慢设计的店,2026-06-18 13:35:03,web_full,,0
69ca9dad450d060001781be8,虚拟产品3428电子版,medium,商品已下架/冻结,39000,0.0,WATCH,6450c1d8275ad10001a2fd76,慢慢设计的店,2026-06-18 13:35:03,web_full,,0
69f899290511b500019f9c57,国潮风山脉矢量素材,medium,商品已下架/冻结,39000,0.0,WATCH,6450c1d8275ad10001a2fd76,慢慢设计的店,2026-06-18 13:35:04,web_full,,0
69d3bae8c94bfd000131fd14,中式美食笔刷74款,medium,商品已下架/冻结,39000,0.0,WATCH,6450c1d8275ad10001a2fd76,慢慢设计的店,2026-06-18 13:35:04,web_full,,0
69e35396ddd1650001aee51c,服饰布料花纹笔刷36款,medium,商品已下架/冻结,39000,0.0,WATCH,6450c1d8275ad10001a2fd76,慢慢设计的店,2026-06-18 13:35:04,web_full,,0
69eb5bec67d4b20001f2a949,虚拟资料3506电子版,medium,商品已下架/冻结,39000,0.0,WATCH,6450c1d8275ad10001a2fd76,慢慢设计的店,2026-06-18 13:35:04,web_full,,0
69eabdc73aa96f0001137dbc,虚拟产品3501电子版,medium,商品已下架/冻结,39000,0.0,WATCH,6450c1d8275ad10001a2fd76,慢慢设计的店,2026-06-18 13:35:04,web_full,,0
69f1d21181bc0100019499ed,徽派马头墙SU模型,medium,商品已下架/冻结,39000,0.0,WATCH,6450c1d8275ad10001a2fd76,慢慢设计的店,2026-06-18 13:35:05,web_full,,0
69fd6044c61d3a00016621fd,蓝莓甜品PNG免扣素材,medium,商品已下架/冻结,39000,0.0,WATCH,6450c1d8275ad10001a2fd76,慢慢设计的店,2026-06-18 13:39:23,web_full,,0
69fe889ef888bb00018b0158,黑板餐牌画架SU模型,medium,商品已下架/冻结,39000,0.0,WATCH,6450c1d8275ad10001a2fd76,慢慢设计的店,2026-06-18 13:39:24,web_full,,0
69fe95fd43360b0001605c80,庭院洗手台SU模型,medium,商品已下架/冻结,39000,0.0,WATCH,6450c1d8275ad10001a2fd76,慢慢设计的店,2026-06-18 13:39:24,web_full,,0
69feacb0e0e86e0001269947,禅意锈板SU模型合集,medium,商品已下架/冻结,39000,0.0,WATCH,6450c1d8275ad10001a2fd76,慢慢设计的店,2026-06-18 13:39:24,web_full,,0
6a0036397b710e0001b67959,书吧咖啡厅SU模型,medium,商品已下架/冻结,39000,0.0,WATCH,6450c1d8275ad10001a2fd76,慢慢设计的店,2026-06-18 13:39:24,web_full,,0
6a01c81ea0130600018b67e9,卷轴元素矢量素材,medium,商品已下架/冻结,39000,0.0,WATCH,6450c1d8275ad10001a2fd76,慢慢设计的店,2026-06-18 13:39:25,web_full,,0
6a01c9a4d500200001695ebf,卡通云朵矢量素材,medium,商品已下架/冻结,39000,0.0,WATCH,6450c1d8275ad10001a2fd76,慢慢设计的店,2026-06-18 13:39:25,web_full,,0
6a02d0d353abe9000137e441,爱丽丝梦幻背景PS笔刷,medium,商品已下架/冻结,39000,0.0,WATCH,6450c1d8275ad10001a2fd76,慢慢设计的店,2026-06-18 13:39:26,web_full,,0
6a02d1b8d5002000017f947d,棉花插画矢量素材,medium,商品已下架/冻结,39000,0.0,WATCH,6450c1d8275ad10001a2fd76,慢慢设计的店,2026-06-18 13:39:26,web_full,,0
6a02d30758e1b100018f4b46,亲子农庄精选SU模型,medium,商品已下架/冻结,39000,0.0,WATCH,6450c1d8275ad10001a2fd76,慢慢设计的店,2026-06-18 13:39:26,web_full,,0
6a02e1e4dd034c00016e5dc5,庭院花园CAD详图合集,medium,商品已下架/冻结,39000,0.0,WATCH,6450c1d8275ad10001a2fd76,慢慢设计的店,2026-06-18 13:39:26,web_full,,0
6a03168f304f46000167343a,天际线灯SU模型合集,medium,商品已下架/冻结,39000,0.0,WATCH,6450c1d8275ad10001a2fd76,慢慢设计的店,2026-06-18 13:39:26,web_full,,0
6a03e10364eb41000168b796,Q版海贼王PNG免扣素材,medium,商品已下架/冻结,39000,0.0,WATCH,6450c1d8275ad10001a2fd76,慢慢设计的店,2026-06-18 13:39:27,web_full,,0
6a0579c9d500200001befa1c,单身公寓PPT设计文本,medium,商品已下架/冻结,39000,0.0,WATCH,6450c1d8275ad10001a2fd76,慢慢设计的店,2026-06-18 13:39:27,web_full,,0
69fbe538f888bb00014deb0e,卡通京剧人物矢量素材,medium,商品已下架/冻结,39000,0.0,WATCH,6450c1d8275ad10001a2fd76,慢慢设计的店,2026-06-18 13:39:35,web_full,,0
692fe00e137a3b000183e308,高考中考成人礼送爸爸送妈妈送女友送闺蜜送老公生日创意巨型红包,medium,商品已下架/冻结,36000,0.0,WATCH,6913fbbc7a5cde0015070736,佑岚fafa的店,2026-06-18 15:22:57,web_full,,0
693044d735b4b00001c9b288,高考中考成人礼送爸爸送妈妈送女友送闺蜜送老公生日创意巨型红包,medium,商品已下架/冻结,36000,0.0,WATCH,6913fbbc7a5cde0015070736,佑岚fafa的店,2026-06-18 15:22:58,web_full,,0
69a909331166fe0001422aee,（新旧封面随机发货）思维导图儿童心理学与宝宝训练捉迷藏,medium,商品已下架/冻结,35000,0.0,WATCH,,X新起点育儿书院的店,2026-06-18 15:23:08,web_full,,0
651006887d86b000015a1986,（新旧封面随机发货）思维导图儿童心理学与宝宝训练捉迷藏,medium,商品已下架/冻结,35000,0.0,WATCH,64b5fcff18fb450001919132,X新起点育儿书院的店,2026-06-18 15:23:08,web_full,,0
6a00305e64eb41000112690e,高考中考成人礼送爸爸送妈妈送女友送闺蜜送老公生日创意巨型红包,medium,商品已下架/冻结,35000,0.0,WATCH,,,2026-06-18 15:23:09,web_full,,0
692fe00e137a3b000183e305,高考中考成人礼送爸爸送妈妈送女友送闺蜜送老公生日创意巨型红包,medium,商品已下架/冻结,35000,0.0,WATCH,,佑岚fafa的店,2026-06-18 15:23:09,web_full,,0
68568fff0f1443000129023e,中古风吸盘挂钩浴室免打孔强力承重挂衣钩粘钩无痕毛巾家用挂架,medium,商品已下架/冻结,35000,0.0,WATCH,683fe6cbbff2f4001506ac63,妙荷百货的店,2026-06-18 15:23:10,web_full,,0
692fe00e137a3b000183e2f3,高考中考成人礼送爸爸送妈妈送女友送闺蜜送老公生日创意巨型红包,medium,商品已下架/冻结,35000,0.0,WATCH,6913fbbc7a5cde0015070736,佑岚fafa的店,2026-06-18 15:23:10,web_full,,0
68568f5202b98c0015686063,中古风吸盘挂钩浴室免打孔强力承重挂衣钩粘钩无痕毛巾家用挂架,medium,商品已下架/冻结,35000,0.0,WATCH,,,2026-06-18 15:23:10,web_full,,0
68568f52e6b464001576613f,中古风吸盘挂钩浴室免打孔强力承重挂衣钩粘钩无痕毛巾家用挂架,medium,商品已下架/冻结,35000,0.0,WATCH,,妙荷百货的店,2026-06-18 15:23:11,web_full,,0
692fe00e137a3b000183e302,高考中考成人礼送爸爸送妈妈送女友送闺蜜送老公生日创意巨型红包,medium,商品已下架/冻结,35000,0.0,WATCH,6913fbbc7a5cde0015070736,佑岚fafa的店,2026-06-18 15:23:13,web_full,,0
692fe00e137a3b000183e2ff,高考中考成人礼送爸爸送妈妈送女友送闺蜜送老公生日创意巨型红包,medium,商品已下架/冻结,35000,0.0,WATCH,,,2026-06-18 15:23:13,web_full,,0
69f6aa818c2c230001cc7840,高考中考成人礼送爸爸送妈妈送女友送闺蜜送老公生日创意巨型红包,medium,商品已下架/冻结,35000,0.0,WATCH,,,2026-06-18 15:23:13,web_full,,0
63be64d096fb3c00011930fa,语文337晨读 语文小学必背知识点打卡计划 高效记忆 通用版,medium,商品已下架/冻结,32000,0.0,WATCH,,,2026-06-18 15:25:04,web_full,,0
647017dcd171fa0001f27052,语文337晨读 语文小学必背知识点打卡计划 高效记忆 通用版,medium,商品已下架/冻结,32000,0.0,WATCH,,小萱萱同学的店,2026-06-18 15:25:04,web_full,,0
6683995f48e1ae0001ea387d,语文337晨读 语文小学必背知识点打卡计划 高效记忆 通用版,medium,商品已下架/冻结,32000,0.0,WATCH,,,2026-06-18 15:25:06,web_full,,0
69363e4f691100000186f639,【踩数字】40欧12 保底lsr奇萌sr/ssr卡牌,medium,商品已下架/冻结,32000,0.0,WATCH,,,2026-06-18 15:25:07,web_full,,0
6768d6a1ada6590001248be6,语文337晨读 语文小学必背知识点打卡计划 高效记忆 通用版,medium,商品已下架/冻结,32000,0.0,WATCH,6333e0d4b74d0a00017c799c,小萱萱同学的店,2026-06-18 15:25:07,web_full,,0
63be64cf96fb3c00011930c8,语文337晨读 语文小学必背知识点打卡计划 高效记忆 通用版,medium,商品已下架/冻结,32000,0.0,WATCH,6333e0d4b74d0a00017c799c,小萱萱同学的店,2026-06-18 15:25:07,web_full,,0
63be64d096fb3c0001193149,语文337晨读 语文小学必背知识点打卡计划 高效记忆 通用版,medium,商品已下架/冻结,32000,0.0,WATCH,,,2026-06-18 15:25:08,web_full,,0
6445760d27bd410001fa6ff7,拼音拼读训练幼小衔接小学一年级声母韵母拼读训练手册,medium,商品已下架/冻结,31000,0.0,WATCH,,瑭瑭妈妈的店,2026-06-18 15:26:24,web_full,,0
6538c8d1efb1210001a8ef7a,斗半匠·拼音拼读训练幼小衔接小学一年级声母韵母拼读训练手册,medium,商品已下架/冻结,31000,0.0,WATCH,64107973d485a10001741e9e,瑭瑭妈妈的店,2026-06-18 15:26:30,web_full,,0
69a1298cd8116e0001827e04,拼音拼读训练幼小衔接小学一年级声母韵母拼读训练手册,medium,商品已下架/冻结,31000,0.0,WATCH,,,2026-06-18 15:26:30,web_full,,0
6538c8d1efb1210001a8ef80,拼音拼读训练幼小衔接小学一年级声母韵母拼读训练手册,medium,商品已下架/冻结,31000,0.0,WATCH,,,2026-06-18 15:26:31,web_full,,0
6688d84e22910a0001c35189,斗半匠·拼音拼读训练幼小衔接小学一年级声母韵母拼读训练手册,medium,商品已下架/冻结,31000,0.0,WATCH,64107973d485a10001741e9e,瑭瑭妈妈的店,2026-06-18 15:26:33,web_full,,0
6661b7b60f78be0001bd0362,电容笔手写笔平替笔适用苹果ipad华为小米vivooppo联想平板电容笔,medium,商品已下架/冻结,30000,0.0,WATCH,,,2026-06-18 15:26:39,web_full,,0
6661b7b60f78be0001bd0359,电容笔手写笔平替笔适用苹果ipad华为小米vivooppo联想平板电容笔,medium,商品已下架/冻结,30000,0.0,WATCH,,,2026-06-18 15:26:43,web_full,,0
6661b7b60f78be0001bd0356,电容笔手写笔平替笔适用苹果ipad华为小米vivooppo联想平板电容笔,medium,商品已下架/冻结,30000,0.0,WATCH,,,2026-06-18 15:26:45,web_full,,0
66ab2780706a3a00014fb150,华研外语 · 备战2026年6月华研真题8合1考前指南含12月cet4四级历年专项训练,medium,商品已下架/冻结,28000,0.0,WATCH,66a35611c40e0e0015c8d743,沐辰图书的店,2026-06-18 15:28:04,web_full,,0
675044fb53c11d0001aa3641,同步小学课本拓展萌小闲带你探秘语文｜数学｜英语,medium,商品已下架/冻结,28000,0.0,WATCH,658bef15076cd80001878ba5,小吟心书坊的店,2026-06-18 15:28:17,web_full,,0
696e46b6b706d70001107b48,同步小学课本拓展萌小闲带你探秘语文｜数学｜英语,medium,商品已下架/冻结,28000,0.0,WATCH,658bef15076cd80001878ba5,小吟心书坊的店,2026-06-18 15:28:21,web_full,,0
667cb9d9fe26d3000190a741,早教书0-3岁婴幼儿家庭早教游戏全书正版幼儿启蒙早教书家庭早教,medium,商品已下架/冻结,27000,0.0,WATCH,660b718daeebf8000164e6b9,锦尚冠程原味图书的店,2026-06-18 15:28:25,web_full,,0
65d19e7320ec6200010a805b,2025新版念儿歌300首有声书念儿歌做早教有声书早教书儿童点读书,medium,商品已下架/冻结,27000,0.0,WATCH,,Echo.慧语拾光的店,2026-06-18 15:28:25,web_full,,0
66b97aa66bf36b000187291b,华研外语·备战2026年6月华研真题8合1考前指南含12月cet4四级历年专项训练,medium,商品已下架/冻结,27000,0.0,WATCH,66a35611c40e0e0015c8d743,沐辰图书的店,2026-06-18 15:28:33,web_full,,0
677e875c627fd9000199c36b,备战2026年6月华研真题8合1考前指南含12月cet4四级历年专项训练,medium,商品已下架/冻结,27000,0.0,WATCH,,,2026-06-18 15:29:52,web_full,,0
69d4a19cc8c73300016cfcd5,甘特图信息图表可视化数据市场营销规划汇报PPT模板D736,medium,商品已下架/冻结,25000,0.0,WATCH,64facdde6b0df000011e31db,大蓝莓设计素材的店,2026-06-18 13:38:42,web_full,,0
69da3e236fc3520001d4309c,明媚春日叠加JPG素材F272,medium,商品已下架/冻结,25000,0.0,WATCH,64facdde6b0df000011e31db,大蓝莓设计素材的店,2026-06-18 13:38:42,web_full,,0
69db653a6fc3520001efb34e,动态极简动画排版设计机构宣传展示AE格式源文件模板Q525,medium,商品已下架/冻结,25000,0.0,WATCH,64facdde6b0df000011e31db,大蓝莓设计素材的店,2026-06-18 13:38:42,web_full,,0
69d3ac35450d0600019bc31e,动态活力四射的动画社交媒体海报展示AE格式源文件模板Q510,medium,商品已下架/冻结,25000,0.0,WATCH,64facdde6b0df000011e31db,大蓝莓设计素材的店,2026-06-18 13:38:42,web_full,,0
69e8e6d9ae65c90001d2db1a,动态3D移动应用推广用于产品样机展示AE源文件模板Q540,medium,商品已下架/冻结,25000,0.0,WATCH,64facdde6b0df000011e31db,大蓝莓设计素材的店,2026-06-18 13:38:42,web_full,,0
69f846366bdc380001eee10b,动态现代智能手机模型用于应用展示AE源文件模板Q565,medium,商品已下架/冻结,25000,0.0,WATCH,64facdde6b0df000011e31db,大蓝莓设计素材的店,2026-06-18 13:38:43,web_full,,0
69fb3727213e270001f1299e,动态火焰与烟雾漩涡Logo展示转场AE格式源文件模板Q576,medium,商品已下架/冻结,25000,0.0,WATCH,64facdde6b0df000011e31db,大蓝莓设计素材的店,2026-06-18 13:38:43,web_full,,0
69da358e8c821300013930b7,信息图表统计可视化数据市场营销规划汇报PPT模板D747,medium,商品已下架/冻结,25000,0.0,WATCH,64facdde6b0df000011e31db,大蓝莓设计素材的店,2026-06-18 13:38:43,web_full,,0
69f83e01f888bb0001f834f6,3个动态循环文字动画标题效果展示AE源文件模板Q564,medium,商品已下架/冻结,25000,0.0,WATCH,64facdde6b0df000011e31db,大蓝莓设计素材的店,2026-06-18 13:38:43,web_full,,0
69d3cccbafbcbb0001097fdb,动态几何动态图形宣传片展示AE格式源文件模板Q511,medium,商品已下架/冻结,25000,0.0,WATCH,64facdde6b0df000011e31db,大蓝莓设计素材的店,2026-06-18 13:38:43,web_full,,0
69d3c23f52686e0001d543db,12页漏斗3D形状信息图表可视化数据规划汇报PPT模板D735,medium,商品已下架/冻结,25000,0.0,WATCH,64facdde6b0df000011e31db,大蓝莓设计素材的店,2026-06-18 13:38:43,web_full,,0
69d516231fd3700001637261,36页时间轴信息图表可视化数据市场营销规划汇报PPT模板D740,medium,商品已下架/冻结,25000,0.0,WATCH,64facdde6b0df000011e31db,大蓝莓设计素材的店,2026-06-18 13:38:43,web_full,,0
69de58786ba40800013248f0,蓝色玻璃元素动态3D移动应用推广样机展示AE源文件模板Q530,medium,商品已下架/冻结,25000,0.0,WATCH,64facdde6b0df000011e31db,大蓝莓设计素材的店,2026-06-18 13:38:43,web_full,,0
69e632e87f596c00019cad2d,动态3D移动应用宣传视频动画抽象几何图形AE源文件模板Q538,medium,商品已下架/冻结,25000,0.0,WATCH,64facdde6b0df000011e31db,大蓝莓设计素材的店,2026-06-18 13:38:44,web_full,,0
69d4aa67ca15480001076b26,甘特图信息图表可视化数据市场营销规划汇报PPT模板D737,medium,商品已下架/冻结,25000,0.0,WATCH,64facdde6b0df000011e31db,大蓝莓设计素材的店,2026-06-18 13:38:44,web_full,,0
69e9b328933b030001f5fd99,动态现代3D移动应用展示用于产品推广AE源文件模板Q541,medium,商品已下架/冻结,25000,0.0,WATCH,64facdde6b0df000011e31db,大蓝莓设计素材的店,2026-06-18 13:38:44,web_full,,0
69d67b0d61bf4900014bfc25,动态漏光相机移动转场展示AE格式源文件模板Q516,medium,商品已下架/冻结,25000,0.0,WATCH,64facdde6b0df000011e31db,大蓝莓设计素材的店,2026-06-18 13:38:44,web_full,,0
69d8dabbab6f940001f5899a,花纹玻璃效果样机PSD素材F271,medium,商品已下架/冻结,25000,0.0,WATCH,64facdde6b0df000011e31db,大蓝莓设计素材的店,2026-06-18 13:38:44,web_full,,0
69dfb242db4c83000182d59b,动态3D移动应用推广用于产品样机展示AE源文件模板Q533,medium,商品已下架/冻结,25000,0.0,WATCH,64facdde6b0df000011e31db,大蓝莓设计素材的店,2026-06-18 13:38:45,web_full,,0
69f859536eeaf7000155d04c,动态抽象光漩涡Logo展示片头AE源文件模板Q566,medium,商品已下架/冻结,25000,0.0,WATCH,64facdde6b0df000011e31db,大蓝莓设计素材的店,2026-06-18 13:38:45,web_full,,0
69de151fcaa21f0001de37e5,白粉蓝清新现代KPI仪表盘可视化数据市场营销规划汇报PPT模板D758,medium,商品已下架/冻结,25000,0.0,WATCH,64facdde6b0df000011e31db,大蓝莓设计素材的店,2026-06-18 13:38:45,web_full,,0
69ee1728eee1ab00015a86eb,动态现代移动应用推广样机作品集AE源文件模板Q550,medium,商品已下架/冻结,25000,0.0,WATCH,64facdde6b0df000011e31db,大蓝莓设计素材的店,2026-06-18 13:38:45,web_full,,0
69d288c6c94bfd00010ffd9f,30页深浅色鱼骨图仪表盘可视化数据市场营销规划汇报PPT模板D733,medium,商品已下架/冻结,25000,0.0,WATCH,64facdde6b0df000011e31db,大蓝莓设计素材的店,2026-06-18 13:38:45,web_full,,0
69d5039c953e4400017b8551,15页条形图信息图表可视化数据市场营销规划汇报PPT模板D739,medium,商品已下架/冻结,25000,0.0,WATCH,64facdde6b0df000011e31db,大蓝莓设计素材的店,2026-06-18 13:38:45,web_full,,0
69f5a384e0e86e000154e975,10个动态滑动轮播幻灯片开场动画过渡特效转场AE源文件模板Q555,medium,商品已下架/冻结,25000,0.0,WATCH,64facdde6b0df000011e31db,大蓝莓设计素材的店,2026-06-18 13:38:46,web_full,,0
69db818f6932b7000167385b,动态几何图形运动字幕开场动画展示AE格式源文件模板Q527,medium,商品已下架/冻结,25000,0.0,WATCH,64facdde6b0df000011e31db,大蓝莓设计素材的店,2026-06-18 13:38:46,web_full,,0
69dcbae349c41d000122f04e,25页维恩图信息图表统计可视化数据市场营销规划汇报PPT模板D756,medium,商品已下架/冻结,25000,0.0,WATCH,64facdde6b0df000011e31db,大蓝莓设计素材的店,2026-06-18 13:38:46,web_full,,0
69f0974efaf00200012895fc,10个动态现代流体抽象渐变背景AE格式源文件模板Q551,medium,商品已下架/冻结,25000,0.0,WATCH,64facdde6b0df000011e31db,大蓝莓设计素材的店,2026-06-18 13:38:46,web_full,,0
69f745c1789441000101371c,动态3D移动应用推广用于产品样机展示AE源文件模板Q560,medium,商品已下架/冻结,25000,0.0,WATCH,64facdde6b0df000011e31db,大蓝莓设计素材的店,2026-06-18 13:38:46,web_full,,0
69eb3a2b41333c00017219f2,动态简约3D笔记本电脑设备模型搭配现代几何动画AE模板Q546,medium,商品已下架/冻结,25000,0.0,WATCH,64facdde6b0df000011e31db,大蓝莓设计素材的店,2026-06-18 13:38:46,web_full,,0
69f73c076bdc380001d9d06a,4个动画动态新粗野主义Y2K复古酷炫贴纸包AE源文件模板Q559,medium,商品已下架/冻结,25000,0.0,WATCH,64facdde6b0df000011e31db,大蓝莓设计素材的店,2026-06-18 13:38:46,web_full,,0
69f8600da97845000185007a,动态抽象蓝色流体粒子漩涡开场动画展示AE源文件模板Q567,medium,商品已下架/冻结,25000,0.0,WATCH,64facdde6b0df000011e31db,大蓝莓设计素材的店,2026-06-18 13:38:47,web_full,,0
69d668f8613bea0001b58111,信息图表统计可视化数据市场营销规划汇报PPT模板D742,medium,商品已下架/冻结,25000,0.0,WATCH,64facdde6b0df000011e31db,大蓝莓设计素材的店,2026-06-18 13:38:47,web_full,,0
69db76a2c586eb00017d34f6,时尚现代片头的动态文字动画展示AE格式源文件模板Q526,medium,商品已下架/冻结,25000,0.0,WATCH,64facdde6b0df000011e31db,大蓝莓设计素材的店,2026-06-18 13:38:47,web_full,,0
69fae18e98ac430001cde8b8,4个动态垂直轮播幻灯片展示AE源文件模板Q575,medium,商品已下架/冻结,25000,0.0,WATCH,64facdde6b0df000011e31db,大蓝莓设计素材的店,2026-06-18 13:38:48,web_full,,0
69d6372410b42d000188efd6,5个动态运动文字动画海报展示AE格式源文件模板Q515,medium,商品已下架/冻结,25000,0.0,WATCH,64facdde6b0df000011e31db,大蓝莓设计素材的店,2026-06-18 13:38:48,web_full,,0
69f9a22d0283e20001edd31f,动态滑动轮播幻灯片开场动画过渡特效转场AE格式源文件模板Q571,medium,商品已下架/冻结,25000,0.0,WATCH,64facdde6b0df000011e31db,大蓝莓设计素材的店,2026-06-18 13:38:48,web_full,,0
69f8a5c464eb410001be6b14,动态照片滑动轮播幻灯片未来感霓虹灯效过渡展示AE源文件模板Q569,medium,商品已下架/冻结,25000,0.0,WATCH,64facdde6b0df000011e31db,大蓝莓设计素材的店,2026-06-18 13:38:48,web_full,,0
69d37ff398fb930001b01bfc,流程图信息图表演示文稿幻灯片可视化数据规划汇报PPT模板D734,medium,商品已下架/冻结,25000,0.0,WATCH,64facdde6b0df000011e31db,大蓝莓设计素材的店,2026-06-18 13:38:48,web_full,,0
69ddf1a3caa21f0001d825ab,多彩SWOT分析信息图数据市场营销规划汇报PPT模板Q757,medium,商品已下架/冻结,25000,0.0,WATCH,64facdde6b0df000011e31db,大蓝莓设计素材的店,2026-06-18 13:38:48,web_full,,0
69eb28ec1560290001d954b6,动态移动应用展示的3D产品演示样机展示AE源文件模板Q545,medium,商品已下架/冻结,25000,0.0,WATCH,64facdde6b0df000011e31db,大蓝莓设计素材的店,2026-06-18 13:38:49,web_full,,0
69d7a2e1da5d200001002665,动画动效动态多彩促销海报AE格式源文件模板Q518,medium,商品已下架/冻结,25000,0.0,WATCH,64facdde6b0df000011e31db,大蓝莓设计素材的店,2026-06-18 13:38:49,web_full,,0
69fd6967294caa0001e3bc3b,10个动态动画海报标题设计展示AE源文件模板Q586,medium,商品已下架/冻结,25000,0.0,WATCH,64facdde6b0df000011e31db,大蓝莓设计素材的店,2026-06-18 13:39:30,web_full,,0
69ff0f55d50020000127a888,动态轮播幻灯片多屏网格内容展示AE源文件模板Q589,medium,商品已下架/冻结,25000,0.0,WATCH,64facdde6b0df000011e31db,大蓝莓设计素材的店,2026-06-18 13:39:30,web_full,,0
6a0194a1213e270001f7a790,5个动态极简3D多图轮播几何网格布局开场动画AE源文件模板Q595,medium,商品已下架/冻结,25000,0.0,WATCH,64facdde6b0df000011e31db,大蓝莓设计素材的店,2026-06-18 13:39:30,web_full,,0
6a01c1203eb97c000131e063,动态极简动画排版布局宣传展示AE源文件模板Q596,medium,商品已下架/冻结,25000,0.0,WATCH,64facdde6b0df000011e31db,大蓝莓设计素材的店,2026-06-18 13:39:30,web_full,,0
6a02ae4cf3ef830001405709,动态抽象霓虹流体标志LOGO开场动画展示AE源文件模板Q598,medium,商品已下架/冻结,25000,0.0,WATCH,64facdde6b0df000011e31db,大蓝莓设计素材的店,2026-06-18 13:39:30,web_full,,0
6a032ff458e1b1000198f3b2,动态复古电影片头结尾老电影风格AE源文件模板Q604,medium,商品已下架/冻结,25000,0.0,WATCH,64facdde6b0df000011e31db,大蓝莓设计素材的店,2026-06-18 13:39:30,web_full,,0
6a0338c85a83230001b10dd7,动态开场动画下雪松树房子雪人AE源文件模板Q605,medium,商品已下架/冻结,25000,0.0,WATCH,64facdde6b0df000011e31db,大蓝莓设计素材的店,2026-06-18 13:39:30,web_full,,0
6a034a3ff3ef83000151ba8a,动态扁平化风格运动滑雪滑冰高尔夫拳击动画AE源文件模板Q606,medium,商品已下架/冻结,25000,0.0,WATCH,64facdde6b0df000011e31db,大蓝莓设计素材的店,2026-06-18 13:39:30,web_full,,0
6a043280378844000167cf33,粉色粗体条形图表可视化数据市场营销规划汇报PPT模板D760,medium,商品已下架/冻结,25000,0.0,WATCH,64facdde6b0df000011e31db,大蓝莓设计素材的店,2026-06-18 13:39:31,web_full,,0
69fed13198ac4300012a7633,动态轮播幻灯片多屏网格内容展示AE源文件模板Q588,medium,商品已下架/冻结,25000,0.0,WATCH,64facdde6b0df000011e31db,大蓝莓设计素材的店,2026-06-18 13:39:31,web_full,,0
6a01dc9a5a8323000191e381,动态玻璃多屏动画演示幻灯片宣传展示AE源文件模板Q597,medium,商品已下架/冻结,25000,0.0,WATCH,64facdde6b0df000011e31db,大蓝莓设计素材的店,2026-06-18 13:39:31,web_full,,0
6a02e4bf64eb410001562bab,动态节日旋转粒子LOGO标志展示AE源文件模板Q600,medium,商品已下架/冻结,25000,0.0,WATCH,64facdde6b0df000011e31db,大蓝莓设计素材的店,2026-06-18 13:39:31,web_full,,0
6a043ddf30d0860001ec3948,22页数据表信息图表可视化数据市场营销规划汇报PPT模板Q761,medium,商品已下架/冻结,25000,0.0,WATCH,64facdde6b0df000011e31db,大蓝莓设计素材的店,2026-06-18 13:39:31,web_full,,0
6a058abb3eb97c00018cad50,4个动态趣味卡通文字动画标题包AE源文件模板Q612,medium,商品已下架/冻结,25000,0.0,WATCH,64facdde6b0df000011e31db,大蓝莓设计素材的店,2026-06-18 13:39:31,web_full,,0
69fc501543360b0001327777,4个动态滑动3D轮播幻灯片开场动画过渡特效AE源文件模板Q580,medium,商品已下架/冻结,25000,0.0,WATCH,64facdde6b0df000011e31db,大蓝莓设计素材的店,2026-06-18 13:39:36,web_full,,0
69fc7f22a5715f0001149f03,动态流体液体形态转换展示特效AE源文件模板Q582,medium,商品已下架/冻结,25000,0.0,WATCH,64facdde6b0df000011e31db,大蓝莓设计素材的店,2026-06-18 13:39:36,web_full,,0
69fc9fc36eeaf70001bfa1b6,动态抽象Logo开场动画文字和几何过渡效果展示AE源文件模板Q583,medium,商品已下架/冻结,25000,0.0,WATCH,64facdde6b0df000011e31db,大蓝莓设计素材的店,2026-06-18 13:39:36,web_full,,0
69ff23cc479521000179435e,动态轮播幻灯片多屏网格内容展示AE源文件模板Q590,medium,商品已下架/冻结,25000,0.0,WATCH,64facdde6b0df000011e31db,大蓝莓设计素材的店,2026-06-18 13:39:36,web_full,,0
6a0068c9273c7d0001d5c43e,10个动态产品轮播促销特效过渡转场AE格式源文件模板Q592,medium,商品已下架/冻结,25000,0.0,WATCH,64facdde6b0df000011e31db,大蓝莓设计素材的店,2026-06-18 13:39:37,web_full,,0
6a0094fc8e60b70001e12d16,11个动态抽象流体波状渐变背景展示AE源文件模板Q593,medium,商品已下架/冻结,25000,0.0,WATCH,64facdde6b0df000011e31db,大蓝莓设计素材的店,2026-06-18 13:39:40,web_full,,0
69fc3583273c7d0001ecf8db,动态抽象Logo开场动画文字和几何过渡效果展示AE源文件模板Q577,medium,商品已下架/冻结,25000,0.0,WATCH,64facdde6b0df000011e31db,大蓝莓设计素材的店,2026-06-18 13:39:41,web_full,,0
69fc3e426bdc380001507c55,10个动态动画文本包彩色几何效果展示AE源文件模板Q579,medium,商品已下架/冻结,25000,0.0,WATCH,64facdde6b0df000011e31db,大蓝莓设计素材的店,2026-06-18 13:39:41,web_full,,0
69fc585b0283e20001337284,动态多彩漩涡线条Logo展示特效AE源文件模板Q581,medium,商品已下架/冻结,25000,0.0,WATCH,64facdde6b0df000011e31db,大蓝莓设计素材的店,2026-06-18 13:39:41,web_full,,0
656a7cdd1d547d0001b5eed4,TED演讲精读【正版新版2026完整版】纸质书籍英语口语,medium,商品已下架/冻结,24000,0.0,WATCH,6566d88b4a0cd60001ab5ada,TED精选阅读的店,2026-06-18 15:31:40,web_full,,0
65a94d8e4b2fd9000155d980,牛津图解词典OPD纯英版中英版,medium,商品已下架/冻结,24000,0.0,WATCH,653769a959c59b00019746f5,A佳佳笔记的店,2026-06-18 15:31:43,web_full,,0
66d0248c40e2bf000141e914,韩式简约白麝香无花果干净香清新好闻衣物香氛喷雾香伴手礼ins风,medium,商品已下架/冻结,24000,0.0,WATCH,,,2026-06-18 15:31:51,web_full,,0
6599833c847b9c00013815d1,牛津图解词典OPD纯英版中英版,medium,商品已下架/冻结,24000,0.0,WATCH,,,2026-06-18 15:31:54,web_full,,0
6a02fc667b710e0001fb6a8b,小学英语晨读打卡美文 口语练习作文阅读书籍跟读 小学生1-6年级,medium,商品已下架/冻结,23000,0.0,WATCH,,,2026-06-18 15:33:28,web_full,,0
6a02fc667b710e0001fb6a82,小学英语晨读打卡美文 口语练习作文阅读书籍跟读 小学生1-6年级,medium,商品已下架/冻结,23000,0.0,WATCH,,,2026-06-18 15:33:28,web_full,,0
67ee3cf1e8f2430001daaa04,点读版-每日晨读133篇英语小短文，磨耳朵必备，支持开放点读笔,medium,商品已下架/冻结,23000,0.0,WATCH,629865960ba859000139a7c1,Kara爱学习的店,2026-06-18 15:33:31,web_full,,0
6a02fc667b710e0001fb6a85,小学英语晨读打卡美文 口语练习作文阅读书籍跟读 小学生1-6年级,medium,商品已下架/冻结,23000,0.0,WATCH,,,2026-06-18 15:33:32,web_full,,0
665424950c7db700019470c4,小学到初中六七八年级语文必背课文古诗软毛笔临摹字帖楷书长卷,medium,商品已下架/冻结,22000,0.0,WATCH,,,2026-06-18 15:33:38,web_full,,0
683d4eecb68cf8000183fbce,小学到初中六七八年级语文必背课文古诗软毛笔临摹字帖楷书长卷,medium,商品已下架/冻结,22000,0.0,WATCH,,,2026-06-18 15:33:48,web_full,,0
683d4eecb68cf8000183fbb6,小学到初中六七八年级语文必背课文古诗软毛笔临摹字帖楷书长卷,medium,商品已下架/冻结,22000,0.0,WATCH,,,2026-06-18 15:33:52,web_full,,0
683d4eecb68cf8000183fbfb,小学到初中六七八年级语文必背课文古诗软毛笔临摹字帖楷书长卷,medium,商品已下架/冻结,22000,0.0,WATCH,,,2026-06-18 15:34:00,web_full,,0
6654248d75a3270001058af9,小学到初中六七八年级语文必背课文古诗软毛笔临摹字帖楷书长卷,medium,商品已下架/冻结,22000,0.0,WATCH,,,2026-06-18 15:34:03,web_full,,0
6654248bd7177900013dd5f4,小学到初中六七八年级语文必背课文古诗软毛笔临摹字帖楷书长卷,medium,商品已下架/冻结,22000,0.0,WATCH,6333e0d4b74d0a00017c799c,小萱萱同学的店,2026-06-18 15:34:04,web_full,,0
683d4eecb68cf8000183fbfe,小学到初中六七八年级语文必背课文古诗软毛笔临摹字帖楷书长卷,medium,商品已下架/冻结,22000,0.0,WATCH,,,2026-06-18 15:34:05,web_full,,0
683d4eecb68cf8000183fbc5,小学到初中六七八年级语文必背课文古诗软毛笔临摹字帖楷书长卷,medium,商品已下架/冻结,22000,0.0,WATCH,6333e0d4b74d0a00017c799c,小萱萱同学的店,2026-06-18 15:35:22,web_full,,0
6654249d842cc10001166bb9,小学到初中六七八年级语文必背课文古诗软毛笔临摹字帖楷书长卷,medium,商品已下架/冻结,22000,0.0,WATCH,6333e0d4b74d0a00017c799c,小萱萱同学的店,2026-06-18 15:35:22,web_full,,0
665424890101900001898327,小学到初中六七八年级语文必背课文古诗软毛笔临摹字帖楷书长卷,medium,商品已下架/冻结,22000,0.0,WATCH,6333e0d4b74d0a00017c799c,小萱萱同学的店,2026-06-18 15:35:22,web_full,,0
64c78120db65fe0001bb7da6,【官方正版】张琦：全渠道获客增长-天地人网（视频课）,medium,商品已下架/冻结,21000,0.0,WATCH,612859566a83a500019bd2ab,获客教育的店,2026-06-18 14:30:30,web_full,,0
649d501b377a5500010b32ae,书行·[行书速成字帖]行书0基础入门笔画偏旁控笔常用3000字硬笔练习纸,medium,商品已下架/冻结,20000,0.0,WATCH,648143f739b63800019bb3be,书颜世家的店,2026-06-18 15:35:58,web_full,,0
68299a4bcde7df0001e49f04,书行·[行书速成字帖]行书0基础入门笔画偏旁控笔常用3000字硬笔练习纸,medium,商品已下架/冻结,20000,0.0,WATCH,648143f739b63800019bb3be,书颜世家的店,2026-06-18 15:37:16,web_full,,0
69e84a85bd8c35000197ff84,仿真水彩ps笔刷淡彩水痕渐变晕染水墨上色淡墨湿画质感笔刷素材,medium,商品已下架/冻结,19000,0.0,WATCH,67c51e0e59cc350015bfb7b8,喜柿素材的店,2026-06-18 13:38:10,web_full,,0
69f97f7554fc7500010a087b,社区小区养老院宣传栏标识标语墙社区文化墙背景墙草图大师SU模型,medium,商品已下架/冻结,19000,0.0,WATCH,67c51e0e59cc350015bfb7b8,喜柿素材的店,2026-06-18 13:38:11,web_full,,0
69eecdee3aa96f000178f05e,荣誉证书模板荣誉证书封面底纹书芯奖状内页获奖证书psd分层模板,medium,商品已下架/冻结,19000,0.0,WATCH,67c51e0e59cc350015bfb7b8,喜柿素材的店,2026-06-18 13:38:11,web_full,,0
69f1d1f7e0e86e000100c191,Procreate厚涂散点光效涂抹笔刷套装Procreate笔刷iPad笔刷,medium,商品已下架/冻结,19000,0.0,WATCH,67c51e0e59cc350015bfb7b8,喜柿素材的店,2026-06-18 13:38:11,web_full,,0
69d4a34e52686e0001f1d991,闪耀亮片procreate笔刷闪粉氛围可爱星星闪片装饰iPad插画素材,medium,商品已下架/冻结,19000,0.0,WATCH,67c51e0e59cc350015bfb7b8,喜柿素材的店,2026-06-18 13:38:12,web_full,,0
69dda6a58c82130001919a14,幼儿园小班中班大班认识小动物PPT模板动物介绍知识课件,medium,商品已下架/冻结,19000,0.0,WATCH,67c51e0e59cc350015bfb7b8,喜柿素材的店,2026-06-18 13:38:12,web_full,,0
69e59eac26065b00013cc1ea,透明冰块procreate笔刷ps笔刷夏日冰爽冰晶碎冰设计后期iPad素材,medium,商品已下架/冻结,19000,0.0,WATCH,67c51e0e59cc350015bfb7b8,喜柿素材的店,2026-06-18 13:38:12,web_full,,0
69e8497a156029000189592a,高端黑红大气邀请函海报展板KV背景PSDAI模版设计素材,medium,商品已下架/冻结,19000,0.0,WATCH,67c51e0e59cc350015bfb7b8,喜柿素材的店,2026-06-18 13:38:12,web_full,,0
69eec21ed4c1110001563cf5,蓝色男生28岁成人礼生日快乐派对布置挂布条幅背景设计模板,medium,商品已下架/冻结,19000,0.0,WATCH,67c51e0e59cc350015bfb7b8,喜柿素材的店,2026-06-18 13:38:12,web_full,,0
69f57393a9784500013ff790,现代校园宣传墙文化墙 展示墙形象墙景墙文化背景墙宣传栏 SU模型,medium,商品已下架/冻结,19000,0.0,WATCH,67c51e0e59cc350015bfb7b8,喜柿素材的店,2026-06-18 13:38:12,web_full,,0
69f5714ea9784500013fbf36,红色新中式婚礼席位卡订婚宴座位表结婚迎宾牌设计模板,medium,商品已下架/冻结,19000,0.0,WATCH,67c51e0e59cc350015bfb7b8,喜柿素材的店,2026-06-18 13:38:13,web_full,,0
69dc987f747e970001bdf39e,procreate笔刷植物森林场景树叶杂草树木叶子ipad画画绘画笔刷,medium,商品已下架/冻结,19000,0.0,WATCH,67c51e0e59cc350015bfb7b8,喜柿素材的店,2026-06-18 13:38:13,web_full,,0
69ec4a319dea2d0001a32a65,CSP LEFU光效笔刷集 sut笔刷4支+1个圆形工具,medium,商品已下架/冻结,19000,0.0,WATCH,67c51e0e59cc350015bfb7b8,喜柿素材的店,2026-06-18 13:38:13,web_full,,0
69eec2767b1f3800018b3c92,猪脚饭外卖图片隆江猪肘饭套餐饭烧腊饭烧鸭饭美团菜品图照片素材,medium,商品已下架/冻结,19000,0.0,WATCH,67c51e0e59cc350015bfb7b8,喜柿素材的店,2026-06-18 13:38:13,web_full,,0
69d4a3de4ee72d0001451050,【procreate】笔刷水彩笔刷   仿手绘古风花卉笔刷,medium,商品已下架/冻结,19000,0.0,WATCH,67c51e0e59cc350015bfb7b8,喜柿素材的店,2026-06-18 13:38:13,web_full,,0
69eed391c4fc820001bc1609,扑克牌ps笔刷procreate笔刷爱心卡牌黑桃方块花纹背景装饰素材,medium,商品已下架/冻结,19000,0.0,WATCH,67c51e0e59cc350015bfb7b8,喜柿素材的店,2026-06-18 13:38:14,web_full,,0
69e5a60283700100011620dc,2026年新款电器家电家具家装CAD动态图库设计方案平面图素材模块,medium,商品已下架/冻结,19000,0.0,WATCH,67c51e0e59cc350015bfb7b8,喜柿素材的店,2026-06-18 13:38:14,web_full,,0
69dc98dd6ba4080001ff6a52,春秋金色艺术绘画抽象丙烯颜料油画肌理纹理底纹背景高清图片素材,medium,商品已下架/冻结,19000,0.0,WATCH,67c51e0e59cc350015bfb7b8,喜柿素材的店,2026-06-18 13:38:14,web_full,,0
69dc99406fc3520001117c29,复古水彩花卉花环花边拼贴英文字母婚礼邀请函PNG免扣图片PS素材,medium,商品已下架/冻结,19000,0.0,WATCH,67c51e0e59cc350015bfb7b8,喜柿素材的店,2026-06-18 13:38:14,web_full,,0
69e59ffc57d5bd00017fd3c8,sp赛博朋克贴花科幻科机械贴blender数字纹理贴图alpha通道c4d,medium,商品已下架/冻结,19000,0.0,WATCH,67c51e0e59cc350015bfb7b8,喜柿素材的店,2026-06-18 13:38:15,web_full,,0
69dc9a806ba4080001ffb3a8,端午节竹子新中式国风美陈背景板DP打卡点创意AI设计素材,medium,商品已下架/冻结,19000,0.0,WATCH,67c51e0e59cc350015bfb7b8,喜柿素材的店,2026-06-18 13:38:15,web_full,,0
69e59deb21dc630001f26064,端午节龙舟粽子手举牌拍照框道具物料贴纸kt板插画ai矢量设计素材,medium,商品已下架/冻结,19000,0.0,WATCH,67c51e0e59cc350015bfb7b8,喜柿素材的店,2026-06-18 13:38:15,web_full,,0
69f1d26064eb4100012596b3,procreate笔刷ps笔刷水纹光波涟漪水面海面湖光月色手绘插画素材,medium,商品已下架/冻结,19000,0.0,WATCH,67c51e0e59cc350015bfb7b8,喜柿素材的店,2026-06-18 13:38:15,web_full,,0
69dc99b198fb930001103844,2026春节新年马年几何抽象艺术插画海报包装图案AI矢量设计素材图,medium,商品已下架/冻结,19000,0.0,WATCH,67c51e0e59cc350015bfb7b8,喜柿素材的店,2026-06-18 13:38:15,web_full,,0
69f570b0c61d3a0001ad05bb,民宿平面布局方案CAD施工图纸 酒店客栈乡村改造装修设计工装图库,medium,商品已下架/冻结,19000,0.0,WATCH,67c51e0e59cc350015bfb7b8,喜柿素材的店,2026-06-18 13:38:15,web_full,,0
69e84a433a4daf00012d52fd,漫画起稿PS笔刷勾线手绘草图木炭肌理噪点勾边铅笔速写笔刷素材,medium,商品已下架/冻结,19000,0.0,WATCH,67c51e0e59cc350015bfb7b8,喜柿素材的店,2026-06-18 13:38:15,web_full,,0
69f982e0213e270001c2f2a2,食品包装袋自立自封袋密封八边封包装袋设计贴图PSD模板素材样机,medium,商品已下架/冻结,19000,0.0,WATCH,67c51e0e59cc350015bfb7b8,喜柿素材的店,2026-06-18 13:38:16,web_full,,0
69f9833b213e270001c2fda0,欧式纹样ps笔刷procreate笔刷西式复古服装花纹背景图样底纹素材,medium,商品已下架/冻结,19000,0.0,WATCH,67c51e0e59cc350015bfb7b8,喜柿素材的店,2026-06-18 13:38:16,web_full,,0
69e84b63c4fc820001148126,prae视频素材唯美春季绿色树叶竹叶飘落散开动画alpha带透明通道,medium,商品已下架/冻结,19000,0.0,WATCH,67c51e0e59cc350015bfb7b8,喜柿素材的店,2026-06-18 13:38:16,web_full,,0
69eed311d4c111000158f856,幼儿园小学图书阅读主题墙环创素材主题环创电子模板可打印,medium,商品已下架/冻结,19000,0.0,WATCH,67c51e0e59cc350015bfb7b8,喜柿素材的店,2026-06-18 13:38:28,web_full,,0
69e84acad4c1110001b1868d,procreate笔刷漫画起稿勾线勾边书写墨水速写绘画手绘ps笔刷素材,medium,商品已下架/冻结,19000,0.0,WATCH,67c51e0e59cc350015bfb7b8,喜柿素材的店,2026-06-18 13:38:29,web_full,,0
69f1d15103d8930001e37f6a,别墅花园庭院公园设计方案CAD图库平面图植物园林景观施工图素材,medium,商品已下架/冻结,19000,0.0,WATCH,67c51e0e59cc350015bfb7b8,喜柿素材的店,2026-06-18 13:38:29,web_full,,0
69fd60f7f888bb0001732820,700套剪映模板草稿旅行卡点企业宣传团建抖音视频转场素材滤镜,medium,商品已下架/冻结,19000,0.0,WATCH,67c51e0e59cc350015bfb7b8,喜柿素材的店,2026-06-18 13:39:28,web_full,,0
69fd6346a5715f0001247b69,可视化数据大屏设计PS模板蓝色科技数字孪生设计素材UI界面,medium,商品已下架/冻结,19000,0.0,WATCH,67c51e0e59cc350015bfb7b8,喜柿素材的店,2026-06-18 13:39:28,web_full,,0
6a002180721fd30001f83182,word版员工入职体检报告模板体检表医疗健康职业三甲可编辑电子版,medium,商品已下架/冻结,19000,0.0,WATCH,67c51e0e59cc350015bfb7b8,喜柿素材的店,2026-06-18 13:39:28,web_full,,0
6a0021cad5002000013c4a7d,ps笔刷procreate笔刷蕾丝花边镂空纺织边框边角花纹式样装饰素材,medium,商品已下架/冻结,19000,0.0,WATCH,67c51e0e59cc350015bfb7b8,喜柿素材的店,2026-06-18 13:39:28,web_full,,0
6a0300c037884400014b936b,su模型布艺刺绣皮影戏剧非遗文化展厅博物馆中式传统民俗展览馆,medium,商品已下架/冻结,19000,0.0,WATCH,67c51e0e59cc350015bfb7b8,喜柿素材的店,2026-06-18 13:39:29,web_full,,0
6a03012b3eb97c00014f45f3,电子版A4方格纸本模板Word格式,medium,商品已下架/冻结,19000,0.0,WATCH,67c51e0e59cc350015bfb7b8,喜柿素材的店,2026-06-18 13:39:29,web_full,,0
6a03019d273c7d000114bf1d,procreate笔刷格子纹理ps笔刷格纹服装服饰面料布料可爱网格背景,medium,商品已下架/冻结,19000,0.0,WATCH,67c51e0e59cc350015bfb7b8,喜柿素材的店,2026-06-18 13:39:29,web_full,,0
6a0301d837884400014baa2f,小学生个人作文作品集合册子作文合集模板WORD版可编辑修改打印,medium,商品已下架/冻结,19000,0.0,WATCH,67c51e0e59cc350015bfb7b8,喜柿素材的店,2026-06-18 13:39:29,web_full,,0
6a03022e0283e20001ac24df,星星纹样ps笔刷procreate笔刷可爱闪光星光手帐装饰背景涂鸦素材,medium,商品已下架/冻结,19000,0.0,WATCH,67c51e0e59cc350015bfb7b8,喜柿素材的店,2026-06-18 13:39:29,web_full,,0
6a030276f3ef8300014c04ed,活动中心SU模型 老年青少年社区建筑大学生服务运动场馆草图大师,medium,商品已下架/冻结,19000,0.0,WATCH,67c51e0e59cc350015bfb7b8,喜柿素材的店,2026-06-18 13:39:29,web_full,,0
6a030364273c7d000114e8e8,clip格式CSP模型 CSP苗条女性3D模型 CSP人物3D模型,medium,商品已下架/冻结,19000,0.0,WATCH,67c51e0e59cc350015bfb7b8,喜柿素材的店,2026-06-18 13:39:29,web_full,,0
6a045259f3ef8300016c57e3,国潮敦煌唐风祥云飞天大漠古典中国古风动态舞台LED背景视频模板,medium,商品已下架/冻结,19000,0.0,WATCH,67c51e0e59cc350015bfb7b8,喜柿素材的店,2026-06-18 13:39:29,web_full,,0
6a04587e22eb6500019f837d,PPT交互动态多图片轮播模板,medium,商品已下架/冻结,19000,0.0,WATCH,67c51e0e59cc350015bfb7b8,喜柿素材的店,2026-06-18 13:39:29,web_full,,0
69fc048615602900010fec41,言情霸道总裁土味儿情侣婚纱照迎宾KV架海报设计模板,medium,商品已下架/冻结,19000,0.0,WATCH,67c51e0e59cc350015bfb7b8,喜柿素材的店,2026-06-18 13:39:36,web_full,,0
6a0452d4d500200001a5e110,红色系大气主题ppt背景25页,medium,商品已下架/冻结,19000,0.0,WATCH,67c51e0e59cc350015bfb7b8,喜柿素材的店,2026-06-18 13:39:37,web_full,,0
69fc03a66bdc38000147330e,毕业季美陈拍照框拱门设计布置模板,medium,商品已下架/冻结,19000,0.0,WATCH,67c51e0e59cc350015bfb7b8,喜柿素材的店,2026-06-18 13:39:40,web_full,,0
69fc064d213e27000100ca15,红色中式婚礼背景山水明月千里江山祥云模板,medium,商品已下架/冻结,19000,0.0,WATCH,67c51e0e59cc350015bfb7b8,喜柿素材的店,2026-06-18 13:39:40,web_full,,0
67e7ce770f9d600001203d08,102篇亲子情景英语短文 支持小达人小蝌蚪等点读笔点读（不含笔）,medium,商品已下架/冻结,19000,0.0,WATCH,629865960ba859000139a7c1,Kara爱学习的店,2026-06-18 15:37:29,web_full,,0
64a4518c3b99b20001fd2832,怀孕一天一页 怀孕每周吃什么  孕期指南 孕妇大全,medium,商品已下架/冻结,19000,0.0,WATCH,,,2026-06-18 15:37:38,web_full,,0
69f96c048c2c23000108deed,【现摘】毛桃新鲜水果桃子毛桃包邮产地直发当季毛桃,medium,商品已下架/冻结,19000,0.0,WATCH,690af207c2678f0015c6016a,旺旺桃桃的店,2026-06-18 15:39:16,web_full,,0
67da827827596b00158c5984,有间·三联生活周刊 考古中国特刊 漫游四大博物馆 环球寻味记特刊,medium,商品已下架/冻结,18000,0.0,WATCH,67d7cee410c8cd0015d7fdb1,有间书店的店,2026-06-18 15:39:31,web_full,,0
69e3ba15a8edd1000186849d,端午粽子肉粽鲜肉大粽五花肉蛋黄粽子手工新鲜粽子嘉兴即食早餐,medium,商品已下架/冻结,18000,0.0,WATCH,,,2026-06-18 15:39:33,web_full,,0
6a103b94bd63a3000125eac8,倾曼雅·夏季薄款慵懒波点休闲女微喇遛弯裤高腰显瘦休闲喇叭拖地裤子,medium,商品已下架/冻结,18000,0.0,WATCH,64a95edcaad9af00013cf63e,小鹅学姐穿搭的店,2026-06-18 15:40:02,web_full,,0
6a103b94bd63a3000125eace,夏季薄款慵懒波点休闲女微喇遛弯裤高腰显瘦休闲喇叭拖地裤子,medium,商品已下架/冻结,18000,0.0,WATCH,,小鹅学姐穿搭的店,2026-06-18 15:41:12,web_full,,0
69be82735e5f0500019e2c44,夏季薄款慵懒波点休闲女微喇遛弯裤高腰显瘦休闲喇叭拖地裤子,medium,商品已下架/冻结,18000,0.0,WATCH,,,2026-06-18 15:41:13,web_full,,0
6a1942fd94d5830001a4e0af,老品种水蜜桃毛桃正宗桃子新鲜当季孕妇水果现摘鲜桃脆桃蜜桃,medium,商品已下架/冻结,18000,0.0,WATCH,,,2026-06-18 15:41:16,web_full,,0
65fb9af4921c16000114dc9f,【中小学必备】2026新款世界&中国3D立体凹凸地图,medium,商品已下架/冻结,17000,0.0,NEW,,,2026-06-18 15:41:20,web_full,,0
659768838c2f570001a298dd,【中小学必备】2026新款世界&中国3D立体凹凸地图,medium,商品已下架/冻结,17000,0.0,WATCH,,深柳学堂的店,2026-06-18 15:41:23,web_full,,0
63de099f291493000138ba55,新版一二三四五六年级上册下册语文重点知识集锦课本归纳汇总复习,medium,商品已下架/冻结,17000,0.0,WATCH,,佳佳学霸图书店的店,2026-06-18 15:41:25,web_full,,0
65fb9af4921c16000114dc99,【中小学必备】2026新款世界&中国3D立体凹凸地图,medium,商品已下架/冻结,17000,0.0,WATCH,,深柳学堂的店,2026-06-18 15:41:31,web_full,,0
67339cc46a6c180001c13547,新版一二三四五六年级上册下册语文重点知识集锦课本归纳汇总复习,medium,商品已下架/冻结,17000,0.0,WATCH,6372dc1c83f0d000019e3f11,佳佳学霸图书店的店,2026-06-18 15:41:32,web_full,,0
672cfa721819350001080063,新版一二三四五六年级上册下册语文重点知识集锦课本归纳汇总复习,medium,商品已下架/冻结,17000,0.0,WATCH,,,2026-06-18 15:41:36,web_full,,0
67339cc46a6c180001c13505,新版一二三四五六年级上册下册语文重点知识集锦课本归纳汇总复习,medium,商品已下架/冻结,17000,0.0,WATCH,,,2026-06-18 15:41:38,web_full,,0
65139c0a67a5a0000105129a,新版一二三四五六年级上册下册语文重点知识集锦课本归纳汇总复习,medium,商品已下架/冻结,17000,0.0,WATCH,,,2026-06-18 15:41:42,web_full,,0
67339cc56a6c180001c13595,新版一二三四五六年级上册下册语文重点知识集锦课本归纳汇总复习,medium,商品已下架/冻结,17000,0.0,WATCH,,佳佳学霸图书店的店,2026-06-18 15:41:43,web_full,,0
6759f05dccfbf9000137817a,新版一二三四五六年级上册下册语文重点知识集锦课本归纳汇总复习,medium,商品已下架/冻结,17000,0.0,WATCH,,,2026-06-18 15:41:43,web_full,,0
6759f05eccfbf900013781c5,新版一二三四五六年级上册下册语文重点知识集锦课本归纳汇总复习,medium,商品已下架/冻结,17000,0.0,WATCH,,,2026-06-18 15:41:43,web_full,,0
6759f05eccfbf900013781a4,新版一二三四五六年级上册下册语文重点知识集锦课本归纳汇总复习,medium,商品已下架/冻结,17000,0.0,WATCH,,,2026-06-18 15:41:43,web_full,,0
6759f05eccfbf900013781d1,新版一二三四五六年级上册下册语文重点知识集锦课本归纳汇总复习,medium,商品已下架/冻结,17000,0.0,WATCH,,,2026-06-18 15:41:43,web_full,,0
67339cc56a6c180001c13589,新版一二三四五六年级上册下册语文重点知识集锦课本归纳汇总复习,medium,商品已下架/冻结,17000,0.0,WATCH,,,2026-06-18 15:41:43,web_full,,0
6759f05eccfbf900013781b9,新版一二三四五六年级上册下册语文重点知识集锦课本归纳汇总复习,medium,商品已下架/冻结,17000,0.0,WATCH,,,2026-06-18 15:41:43,web_full,,0
6759f05dccfbf90001378174,新版一二三四五六年级上册下册语文重点知识集锦课本归纳汇总复习,medium,商品已下架/冻结,17000,0.0,WATCH,,,2026-06-18 15:41:43,web_full,,0
6759f05eccfbf900013781a7,新版一二三四五六年级上册下册语文重点知识集锦课本归纳汇总复习,medium,商品已下架/冻结,17000,0.0,WATCH,,,2026-06-18 15:41:43,web_full,,0
6759f05eccfbf900013781b6,新版一二三四五六年级上册下册语文重点知识集锦课本归纳汇总复习,medium,商品已下架/冻结,17000,0.0,WATCH,,,2026-06-18 15:41:43,web_full,,0
67339cc46a6c180001c1352f,新版一二三四五六年级上册下册语文重点知识集锦课本归纳汇总复习,medium,商品已下架/冻结,17000,0.0,WATCH,,,2026-06-18 15:41:43,web_full,,0
67339cc46a6c180001c13559,新版一二三四五六年级上册下册语文重点知识集锦课本归纳汇总复习,medium,商品已下架/冻结,17000,0.0,WATCH,,,2026-06-18 15:41:43,web_full,,0
6759f05eccfbf900013781ce,新版一二三四五六年级上册下册语文重点知识集锦课本归纳汇总复习,medium,商品已下架/冻结,17000,0.0,WATCH,,,2026-06-18 15:41:43,web_full,,0
65139c0a67a5a000010512a0,新版一二三四五六年级上册下册语文重点知识集锦课本归纳汇总复习,medium,商品已下架/冻结,17000,0.0,WATCH,,,2026-06-18 15:41:44,web_full,,0
6759f05eccfbf90001378183,新版一二三四五六年级上册下册语文重点知识集锦课本归纳汇总复习,medium,商品已下架/冻结,17000,0.0,WATCH,,,2026-06-18 15:41:44,web_full,,0
6759f05eccfbf90001378186,新版一二三四五六年级上册下册语文重点知识集锦课本归纳汇总复习,medium,商品已下架/冻结,17000,0.0,WATCH,,,2026-06-18 15:41:44,web_full,,0
6759f05eccfbf90001378198,新版一二三四五六年级上册下册语文重点知识集锦课本归纳汇总复习,medium,商品已下架/冻结,17000,0.0,WATCH,,,2026-06-18 15:41:44,web_full,,0
67339cc56a6c180001c13592,新版一二三四五六年级上册下册语文重点知识集锦课本归纳汇总复习,medium,商品已下架/冻结,17000,0.0,WATCH,,,2026-06-18 15:41:44,web_full,,0
6759f05eccfbf900013781b3,新版一二三四五六年级上册下册语文重点知识集锦课本归纳汇总复习,medium,商品已下架/冻结,17000,0.0,WATCH,,,2026-06-18 15:41:44,web_full,,0
67339cc56a6c180001c1359e,新版一二三四五六年级上册下册语文重点知识集锦课本归纳汇总复习,medium,商品已下架/冻结,17000,0.0,WATCH,,,2026-06-18 15:41:44,web_full,,0
6759f05eccfbf90001378195,新版一二三四五六年级上册下册语文重点知识集锦课本归纳汇总复习,medium,商品已下架/冻结,17000,0.0,WATCH,,,2026-06-18 15:41:44,web_full,,0
67339cc46a6c180001c1351a,新版一二三四五六年级上册下册语文重点知识集锦课本归纳汇总复习,medium,商品已下架/冻结,17000,0.0,WATCH,6372dc1c83f0d000019e3f11,佳佳学霸图书店的店,2026-06-18 15:41:45,web_full,,0
67339cc46a6c180001c1355c,新版一二三四五六年级上册下册语文重点知识集锦课本归纳汇总复习,medium,商品已下架/冻结,17000,0.0,WATCH,,,2026-06-18 15:41:45,web_full,,0
67339cc46a6c180001c134fc,新版一二三四五六年级上册下册语文重点知识集锦课本归纳汇总复习,medium,商品已下架/冻结,17000,0.0,WATCH,,,2026-06-18 15:41:45,web_full,,0
67339cc46a6c180001c1354d,新版一二三四五六年级上册下册语文重点知识集锦课本归纳汇总复习,medium,商品已下架/冻结,17000,0.0,WATCH,,,2026-06-18 15:41:45,web_full,,0
6759f05eccfbf900013781aa,新版一二三四五六年级上册下册语文重点知识集锦课本归纳汇总复习,medium,商品已下架/冻结,17000,0.0,WATCH,,,2026-06-18 15:41:47,web_full,,0
67339cc46a6c180001c13562,新版一二三四五六年级上册下册语文重点知识集锦课本归纳汇总复习,medium,商品已下架/冻结,17000,0.0,WATCH,,,2026-06-18 15:41:48,web_full,,0
63de099c291493000138b567,新版一二三四五六年级上册下册语文重点知识集锦课本归纳汇总复习,medium,商品已下架/冻结,17000,0.0,WATCH,,佳佳学霸图书店的店,2026-06-18 15:41:48,web_full,,0
6759f05eccfbf900013781b0,新版一二三四五六年级上册下册语文重点知识集锦课本归纳汇总复习,medium,商品已下架/冻结,17000,0.0,WATCH,,,2026-06-18 15:41:49,web_full,,0
65fb9af4921c16000114dc9c,【中小学必备】2026新款世界&中国3D立体凹凸地图,medium,商品已下架/冻结,17000,0.0,WATCH,,,2026-06-18 15:41:50,web_full,,0
63de099e291493000138b8b3,新版一二三四五六年级上册下册语文重点知识集锦课本归纳汇总复习,medium,商品已下架/冻结,17000,0.0,WATCH,6372dc1c83f0d000019e3f11,佳佳学霸图书店的店,2026-06-18 15:41:51,web_full,,0
67339cc56a6c180001c135aa,新版一二三四五六年级上册下册语文重点知识集锦课本归纳汇总复习,medium,商品已下架/冻结,17000,0.0,WATCH,6372dc1c83f0d000019e3f11,佳佳学霸图书店的店,2026-06-18 15:42:55,web_full,,0
65139c0a67a5a000010512a6,新版一二三四五六年级上册下册语文重点知识集锦课本归纳汇总复习,medium,商品已下架/冻结,17000,0.0,WATCH,6372dc1c83f0d000019e3f11,佳佳学霸图书店的店,2026-06-18 15:42:56,web_full,,0
6759f05eccfbf900013781c8,新版一二三四五六年级上册下册语文重点知识集锦课本归纳汇总复习,medium,商品已下架/冻结,17000,0.0,WATCH,,佳佳学霸图书店的店,2026-06-18 15:42:58,web_full,,0
65139c0a67a5a000010512be,新版一二三四五六年级上册下册语文重点知识集锦课本归纳汇总复习,medium,商品已下架/冻结,17000,0.0,WATCH,6372dc1c83f0d000019e3f11,佳佳学霸图书店的店,2026-06-18 15:42:59,web_full,,0
67339cc46a6c180001c1354a,新版一二三四五六年级上册下册语文重点知识集锦课本归纳汇总复习,medium,商品已下架/冻结,17000,0.0,WATCH,,,2026-06-18 15:43:04,web_full,,0
63de099d291493000138b66f,新版一二三四五六年级上册下册语文重点知识集锦课本归纳汇总复习,medium,商品已下架/冻结,17000,0.0,WATCH,,,2026-06-18 15:43:04,web_full,,0
67339cc56a6c180001c13583,新版一二三四五六年级上册下册语文重点知识集锦课本归纳汇总复习,medium,商品已下架/冻结,17000,0.0,WATCH,6372dc1c83f0d000019e3f11,佳佳学霸图书店的店,2026-06-18 15:43:04,web_full,,0
67339cc56a6c180001c13577,新版一二三四五六年级上册下册语文重点知识集锦课本归纳汇总复习,medium,商品已下架/冻结,17000,0.0,WATCH,,,2026-06-18 15:43:04,web_full,,0
65976884a9949900018a5d04,【中小学必备】2026新款世界&中国3D立体凹凸地图,medium,商品已下架/冻结,17000,0.0,WATCH,,,2026-06-18 15:43:04,web_full,,0
672cf9586a6c180001925d56,新版一二三四五六年级上册下册语文重点知识集锦课本归纳汇总复习,medium,商品已下架/冻结,17000,0.0,WATCH,,,2026-06-18 15:43:07,web_full,,0
65139c0a67a5a000010512b8,新版一二三四五六年级上册下册语文重点知识集锦课本归纳汇总复习,medium,商品已下架/冻结,17000,0.0,WATCH,6372dc1c83f0d000019e3f11,佳佳学霸图书店的店,2026-06-18 15:43:07,web_full,,0
63de099c291493000138b461,新版一二三四五六年级上册下册语文重点知识集锦课本归纳汇总复习,medium,商品已下架/冻结,17000,0.0,WATCH,6372dc1c83f0d000019e3f11,佳佳学霸图书店的店,2026-06-18 15:43:08,web_full,,0
63de09a0291493000138baf4,新版一二三四五六年级上册下册语文重点知识集锦课本归纳汇总复习,medium,商品已下架/冻结,17000,0.0,WATCH,6372dc1c83f0d000019e3f11,佳佳学霸图书店的店,2026-06-18 15:43:08,web_full,,0
65976884b3e0310001bb606f,【中小学必备】2026新款世界&中国3D立体凹凸地图,medium,商品已下架/冻结,17000,0.0,WATCH,65968b6469a8470001e504c8,深柳学堂的店,2026-06-18 15:43:09,web_full,,0
63de099b291493000138b12a,新版一二三四五六年级上册下册语文重点知识集锦课本归纳汇总复习,medium,商品已下架/冻结,17000,0.0,WATCH,6372dc1c83f0d000019e3f11,佳佳学霸图书店的店,2026-06-18 15:43:09,web_full,,0
687dfd02f71ffd00156efa14,太香了！浪漫邂逅女香持久清新香氛喷雾正品空气芳香剂,medium,商品已下架/冻结,16000,0.0,NEW,,,2026-06-18 15:43:15,web_full,,0
687dfd02f71ffd00156efa0c,太香了！浪漫邂逅女香持久清新香氛喷雾正品空气芳香剂,medium,商品已下架/冻结,16000,0.0,WATCH,,,2026-06-18 15:43:17,web_full,,0
64630a9683e9510001914dd8,宝宝辅食跟我做0-3岁宝宝辅食书辅食营养餐做法 婴儿辅食宝宝脾胃,medium,商品已下架/冻结,16000,0.0,WATCH,,,2026-06-18 15:44:47,web_full,,0
66fbfffb75e23c000135dce5,宝宝辅食跟我做0-3岁宝宝辅食书辅食营养餐做法 婴儿辅食宝宝脾胃,medium,商品已下架/冻结,16000,0.0,WATCH,,,2026-06-18 15:44:51,web_full,,0
687dfd02f71ffd00156efa10,太香了！浪漫邂逅女香持久清新香氛喷雾正品空气芳香剂,medium,商品已下架/冻结,16000,0.0,WATCH,,,2026-06-18 15:44:56,web_full,,0
681716c8afdaa60001b5f112,人像摄影证件照帮拍套餐 搭配服务（刘海问题服饰搭配服务）,medium,商品已下架/冻结,15000,0.0,WATCH,665afef700444d0001e08bf2,静静修图师的店,2026-06-18 15:45:13,web_full,,0
6612b7bab19930000147dfcd,【限时特惠】男士蔚蓝大吉岭茶衣物香氛喷雾持久留香,medium,商品已下架/冻结,15000,0.0,NEW,,,2026-06-18 15:45:18,web_full,,0
665b4d00fc13120001f2b0f8,人像摄影证件照帮拍套餐 搭配服务（刘海问题服饰搭配服务）,medium,商品已下架/冻结,15000,0.0,WATCH,,静静修图师的店,2026-06-18 15:45:19,web_full,,0
66e1b3c21e3d5f0001a84045,人像摄影证件照帮拍套餐 搭配服务（刘海问题服饰搭配服务）,medium,商品已下架/冻结,15000,0.0,WATCH,,,2026-06-18 15:45:27,web_full,,0
665bc79a09a55b0001889df8,人像摄影证件照帮拍套餐 搭配服务（刘海问题服饰搭配服务）,medium,商品已下架/冻结,15000,0.0,WATCH,,,2026-06-18 15:45:31,web_full,,0
665b4d00fc13120001f2b0fe,人像摄影证件照帮拍套餐 搭配服务（刘海问题服饰搭配服务）,medium,商品已下架/冻结,15000,0.0,WATCH,,,2026-06-18 15:46:47,web_full,,0
68b0046862c1ee00015eaef3,中英版情侣卡牌趣味桌游情侣礼物情侣游戏生日礼物送闺蜜明星同款,medium,商品已下架/冻结,15000,0.0,WATCH,,莓辣的店,2026-06-18 15:46:48,web_full,,0
665b4d00fc13120001f2b0f5,人像摄影证件照帮拍套餐 搭配服务（刘海问题服饰搭配服务）,medium,商品已下架/冻结,15000,0.0,WATCH,,,2026-06-18 15:46:50,web_full,,0
665b4d00fc13120001f2b0f2,人像摄影证件照帮拍套餐 搭配服务（刘海问题服饰搭配服务）,medium,商品已下架/冻结,15000,0.0,WATCH,,,2026-06-18 15:47:15,web_full,,0
665b4d00fc13120001f2b0fb,人像摄影证件照帮拍套餐 搭配服务（刘海问题服饰搭配服务）,medium,商品已下架/冻结,15000,0.0,WATCH,,,2026-06-18 15:47:17,web_full,,0
68b0046862c1ee00015eaef6,中英版情侣卡牌趣味桌游情侣礼物情侣游戏生日礼物送闺蜜明星同款,medium,商品已下架/冻结,15000,0.0,WATCH,,,2026-06-18 15:47:19,web_full,,0
68b0046862c1ee00015eaeed,莓辣·中英版情侣卡牌趣味桌游情侣礼物情侣游戏生日礼物送闺蜜明星同款,medium,商品已下架/冻结,15000,0.0,WATCH,6728981fd48b0b001510490f,莓辣的店,2026-06-18 15:47:20,web_full,,0
659228374207d300018b3b0f,官方正版抖音同款好好接话书说话技巧书籍高情商聊天术口才书,medium,商品已下架/冻结,15000,0.0,WATCH,658d4098e27ff70001993ee4,X鑫谷图书的店,2026-06-18 15:47:20,web_full,,0
659228374207d300018b3b0c,官方正版抖音同款好好接话书说话技巧书籍高情商聊天术口才书,medium,商品已下架/冻结,15000,0.0,WATCH,658d4098e27ff70001993ee4,X鑫谷图书的店,2026-06-18 15:47:21,web_full,,0
654f90e644a0ce0001291b79,最新100个申论必看热点·电子版自动发货·持续更新中,medium,商品已下架/冻结,14000,0.0,WATCH,654e16176b64ee0001a6527c,手把手学申论的店,2026-06-18 13:47:44,web_full,,0
68ce94e69b776a001515aeb8,手抄經书，芯經 洒金抄经静心祈福小楷书法成人初学者描红字帖,medium,商品已下架/冻结,14000,0.0,WATCH,663c3c34a275880001880ae3,依依在修行的店,2026-06-18 15:47:29,web_full,,0
64e310a2d99ce10001aa00bc,中国纺织出版社·TED精读计划【官方正版】皮质活页TED演讲稿赠送双语音频视频口语,medium,商品已下架/冻结,14000,0.0,WATCH,64df1f2e79390000013ac1b3,创意小兔的店,2026-06-18 15:47:30,web_full,,0
64e588244b3297000176e22d,青春期男孩女孩成长手册初中儿子孩子性教育父母育儿书籍早恋叛逆,medium,商品已下架/冻结,14000,0.0,WATCH,,,2026-06-18 15:47:31,web_full,,0
69d85993287cd50015255cbb,【父亲节礼物独立包装】2026新款超大生日创意红包袋新年礼物,medium,商品已下架/冻结,14000,0.0,NEW,,,2026-06-18 15:47:39,web_full,,0
69d85993287cd50015255cb5,【父亲节礼物独立包装】2026新款超大生日创意红包袋新年礼物,medium,商品已下架/冻结,14000,0.0,NEW,,,2026-06-18 15:47:41,web_full,,0
692d39072cf0ca00012b0fcd,手抄經书，芯經 洒金抄经静心祈福小楷书法成人初学者描红字帖,medium,商品已下架/冻结,14000,0.0,WATCH,,,2026-06-18 15:47:43,web_full,,0
693ae1e3a454e8000158be4a,手抄經书，芯經 洒金抄经静心祈福小楷书法成人初学者描红字帖,medium,商品已下架/冻结,14000,0.0,WATCH,,依依在修行的店,2026-06-18 15:47:43,web_full,,0
6932ea8014f9d8000155fdc4,手抄經书，芯經 洒金抄经静心祈福小楷书法成人初学者描红字帖,medium,商品已下架/冻结,14000,0.0,WATCH,,,2026-06-18 15:47:43,web_full,,0
69325d9783efdb000147564d,手抄經书，芯經 洒金抄经静心祈福小楷书法成人初学者描红字帖,medium,商品已下架/冻结,14000,0.0,WATCH,,,2026-06-18 15:47:48,web_full,,0
68ad86dc0c1e9b0001520462,TED精读计划【官方正版】皮质活页TED演讲稿赠送双语音频视频口语,medium,商品已下架/冻结,14000,0.0,WATCH,,,2026-06-18 15:47:52,web_full,,0
68ce94e69b776a001515aec4,手抄經书，芯經 洒金抄经静心祈福小楷书法成人初学者描红字帖,medium,商品已下架/冻结,14000,0.0,WATCH,663c3c34a275880001880ae3,依依在修行的店,2026-06-18 15:47:54,web_full,,0
69d85993287cd50015255ca7,【中高考礼物独立包装】2026新款超大生日创意卡通红包袋新年,medium,商品已下架/冻结,14000,0.0,WATCH,68ac7169549bc40015f0dcbe,美美桑那🐽的店,2026-06-18 15:47:56,web_full,,0
69d85993287cd50015255cb3,【父亲节礼物独立包装】2026新款超大生日创意红包袋新年礼物,medium,商品已下架/冻结,14000,0.0,NEW,,,2026-06-18 15:48:57,web_full,,0
659372aa1105ca0001b92360,【立减20元】TED正版书籍 2025新款 TED演讲精读  英语提升必备,medium,商品已下架/冻结,14000,0.0,WATCH,644b2bf3ade08100014e9101,TED每日精读的店,2026-06-18 15:48:58,web_full,,0
65910f1460d1170001a57e90,TED精读计划【官方正版】皮质活页TED演讲稿赠送双语音频视频口语,medium,商品已下架/冻结,14000,0.0,WATCH,,创意小兔的店,2026-06-18 15:49:00,web_full,,0
66729665c19f1f0001b67567,青春期男孩女孩成长手册初中儿子孩子性教育父母育儿书籍早恋叛逆,medium,商品已下架/冻结,14000,0.0,WATCH,,,2026-06-18 15:49:08,web_full,,0
65618251d28d5d00018d12ca,听觉训练卡片语言句子故事理解益智幼儿园专注力提升亲子互动玩具,medium,商品已下架/冻结,14000,0.0,WATCH,,,2026-06-18 15:49:09,web_full,,0
664e05302e17240001a94f96,TED精读计划【官方正版】皮质活页TED演讲稿赠送双语音频视频口语,medium,商品已下架/冻结,14000,0.0,WATCH,,,2026-06-18 15:49:10,web_full,,0
692d39072cf0ca00012b0fd0,手抄經书，芯經 洒金抄经静心祈福小楷书法成人初学者描红字帖,medium,商品已下架/冻结,14000,0.0,WATCH,,,2026-06-18 15:49:10,web_full,,0
68ce94e69b776a001515aeba,手抄經书，芯經 洒金抄经静心祈福小楷书法成人初学者描红字帖,medium,商品已下架/冻结,14000,0.0,WATCH,,,2026-06-18 15:49:10,web_full,,0
6574655c0f74c600018e546f,听觉训练卡片语言句子故事理解益智幼儿园专注力提升亲子互动玩具,medium,商品已下架/冻结,14000,0.0,WATCH,,,2026-06-18 15:49:11,web_full,,0
633426851d16dd000111dced,小学1-6年级同步练字帖人教版点阵描红新版每日30字字帖,medium,商品已下架/冻结,14000,0.0,WATCH,,,2026-06-18 15:49:11,web_full,,0
65618251781bd80001dcefe4,听觉训练卡片语言句子故事理解益智幼儿园专注力提升亲子互动玩具,medium,商品已下架/冻结,14000,0.0,WATCH,63f9b96b4593870001116a3e,育梦益智好物的店,2026-06-18 15:49:13,web_full,,0
6334268554fe3200018302a7,小学1-6年级同步练字帖人教版点阵描红新版每日30字字帖,medium,商品已下架/冻结,14000,0.0,WATCH,6333e0d4b74d0a00017c799c,小萱萱同学的店,2026-06-18 15:49:13,web_full,,0
68ad86dc0c1e9b0001520468,TED精读计划【官方正版】皮质活页TED演讲稿赠送双语音频视频口语,medium,商品已下架/冻结,14000,0.0,WATCH,,创意小兔的店,2026-06-18 15:49:15,web_full,,0
68ce94e69b776a001515aebc,手抄經书，芯經 洒金抄经静心祈福小楷书法成人初学者描红字帖,medium,商品已下架/冻结,14000,0.0,WATCH,,,2026-06-18 15:49:20,web_full,,0
66729665c19f1f0001b67564,青春期男孩女孩成长手册初中儿子孩子性教育父母育儿书籍早恋叛逆,medium,商品已下架/冻结,14000,0.0,WATCH,,,2026-06-18 15:49:24,web_full,,0
64e58824040ca60001a5e90e,青春期男孩女孩成长手册初中儿子孩子性教育父母育儿书籍早恋叛逆,medium,商品已下架/冻结,14000,0.0,WATCH,,,2026-06-18 15:49:24,web_full,,0
69678fa53db79c000196c080,手抄經书，芯經 洒金抄经静心祈福小楷书法成人初学者描红字帖,medium,商品已下架/冻结,14000,0.0,WATCH,663c3c34a275880001880ae3,依依在修行的店,2026-06-18 15:49:28,web_full,,0
65007b8a21e2da00012cd0a0,小学1-6年级同步练字帖人教版点阵描红新版每日30字字帖,medium,商品已下架/冻结,14000,0.0,WATCH,6333e0d4b74d0a00017c799c,小萱萱同学的店,2026-06-18 15:49:28,web_full,,0
65fa945cd5d7430001c01c2b,备考26年6月大学英语四级考试指南华研外语英语四级真题八书合一,medium,商品已下架/冻结,13000,0.0,WATCH,65f011a07916650001e1d019,七星图书的店,2026-06-18 15:51:07,web_full,,0
69d85993287cd50015255ca1,【父亲节礼物独立包装】2026新款超大生日创意红包袋新年礼物,medium,商品已下架/冻结,13000,0.0,WATCH,,,2026-06-18 15:51:52,web_full,,0
69d85993287cd50015255c8d,【父亲节礼物独立包装】2026新款超大生日创意红包袋新年礼物,medium,商品已下架/冻结,13000,0.0,WATCH,,,2026-06-18 15:51:53,web_full,,0
661389d89422cf0001fea96c,备考26年6月大学英语四级考试指南华研外语英语四级真题八书合一,medium,商品已下架/冻结,13000,0.0,WATCH,,,2026-06-18 16:00:27,web_full,,0
69d85993287cd50015255c91,【中高考礼物独立包装】2026新款超大生日创意卡通红包袋新年,medium,商品已下架/冻结,13000,0.0,WATCH,,,2026-06-18 16:00:30,web_full,,0
668d591cd44b010001bfa7a9,备考26年6月大学英语四级考试指南华研外语英语四级真题八书合一,medium,商品已下架/冻结,13000,0.0,WATCH,65f011a07916650001e1d019,七星图书的店,2026-06-18 16:00:32,web_full,,0
68d74ff8c67e4700011b8e0d,五代蓝牙耳机无线高音质入耳式主动降噪运动跑步专用超长续航待机,medium,商品已下架/冻结,13000,0.0,WATCH,6601146ff0b53500013b9490,BOMY的店,2026-06-18 16:00:36,web_full,,0
678611d203b5e400014fbdc7,蓝牙无线键盘鼠标套装迷你ipad平板办公静音无声手机电脑笔记本,medium,商品已下架/冻结,12000,0.0,WATCH,,,2026-06-18 16:00:40,web_full,,0
678611d203b5e400014fbdcd,蓝牙无线键盘鼠标套装迷你ipad平板办公静音无声手机电脑笔记本,medium,商品已下架/冻结,12000,0.0,WATCH,,,2026-06-18 16:00:40,web_full,,0
64e5ff00e9e74f00019ca2d6,黄气球绘本 无字书 豆瓣9.7,medium,商品已下架/冻结,12000,0.0,WATCH,64bf78ec58540000010e69c8,狼外婆童书的店,2026-06-18 16:00:42,web_full,,0
654bd1ad54f29a0001e76dac,50天日常生活英语情景口语速成配套视频音频,medium,商品已下架/冻结,12000,0.0,WATCH,,,2026-06-18 16:00:44,web_full,,0
66038acceb34030001361af8,【小白入门】一口气漫画易经道德经正版原著学八字周易入门玄学,medium,商品已下架/冻结,12000,0.0,WATCH,65ea8883148a6f0001285faf,荔枝图书的店,2026-06-18 16:00:45,web_full,,0
6a1e9f3d0b81e1000115c1ab,蓝牙无线键盘鼠标套装迷你ipad平板办公静音无声手机电脑笔记本,medium,商品已下架/冻结,12000,0.0,WATCH,,,2026-06-18 16:02:00,web_full,,0
678611d203b5e400014fbdca,蓝牙无线键盘鼠标套装迷你ipad平板办公静音无声手机电脑笔记本,medium,商品已下架/冻结,12000,0.0,WATCH,,,2026-06-18 16:02:05,web_full,,0
6548dac154f0420001c41557,【正版】儿童全脑开发2~6岁幼儿左右脑连线书数学思维逻辑训练书,medium,商品已下架/冻结,12000,0.0,WATCH,,顾舟图书的店,2026-06-18 16:02:07,web_full,,0
65d30c4af24ebe0001545780,【26年新版】小学一二三年级语文默写纸拼音生字词语一二类字默写,medium,商品已下架/冻结,12000,0.0,WATCH,652ccdc20c40210001b1318c,莘莘图书的店,2026-06-18 16:02:07,web_full,,0
654bd5c78e317a000182acd6,50天日常生活英语情景口语速成配套视频音频,medium,商品已下架/冻结,12000,0.0,WATCH,,,2026-06-18 16:02:08,web_full,,0
654bd1ad54f29a0001e76daf,50天日常生活英语情景口语速成配套视频音频,medium,商品已下架/冻结,12000,0.0,WATCH,,,2026-06-18 16:02:08,web_full,,0
6548dac1c071690001a38b35,【正版】儿童全脑开发2~6岁幼儿左右脑连线书数学思维逻辑训练书,medium,商品已下架/冻结,12000,0.0,WATCH,,,2026-06-18 16:02:10,web_full,,0
6446b4678c785000010adca1,快乐读书吧1-6年级上下册小学语文教材推荐课外阅读书,medium,商品已下架/冻结,12000,0.0,WATCH,,瑭瑭妈妈的店,2026-06-18 16:02:10,web_full,,0
6713be35deb6c2000172c3d4,黄气球绘本 无字书 豆瓣9.7,medium,商品已下架/冻结,12000,0.0,WATCH,64bf78ec58540000010e69c8,狼外婆童书的店,2026-06-18 16:03:23,web_full,,0
66038acc88cee30001bd63e6,【小白入门】一口气漫画易经道德经正版原著学八字周易入门玄学,medium,商品已下架/冻结,12000,0.0,WATCH,65ea8883148a6f0001285faf,荔枝图书的店,2026-06-18 16:03:23,web_full,,0
692e91fe47579d000186d4c5,【26年新版】小学一二三年级语文默写纸拼音生字词语一二类字默写,medium,商品已下架/冻结,12000,0.0,WATCH,,,2026-06-18 16:03:26,web_full,,0
690610443f37a9000193b2ce,【26年新版】小学一二三年级语文默写纸拼音生字词语一二类字默写,medium,商品已下架/冻结,12000,0.0,WATCH,652ccdc20c40210001b1318c,莘莘图书的店,2026-06-18 16:03:26,web_full,,0
690610443f37a9000193b2cb,【26年新版】小学一二三年级语文默写纸拼音生字词语一二类字默写,medium,商品已下架/冻结,12000,0.0,WATCH,,,2026-06-18 16:03:26,web_full,,0
69d85993287cd50015255c8f,【中高考礼物独立包装】2026新款超大生日创意卡通红包袋新年,medium,商品已下架/冻结,12000,0.0,WATCH,68ac7169549bc40015f0dcbe,美美桑那🐽的店,2026-06-18 16:03:26,web_full,,0
692e91fe47579d000186d4d0,【26年新版】小学一二三年级语文默写纸拼音生字词语一二类字默写,medium,商品已下架/冻结,12000,0.0,WATCH,,,2026-06-18 16:03:26,web_full,,0
69b4fb3bab6d1e0001c52663,笔记同款 笔记同款 1翻译,medium,商品已下架/冻结,12000,0.0,WATCH,690b1c9970532b00157acf7c,绛绛绛绛绛的店,2026-06-18 16:03:26,web_full,,0
69b4fb3bab6d1e0001c52666,笔记同款 笔记同款 1翻译,medium,商品已下架/冻结,12000,0.0,WATCH,690b1c9970532b00157acf7c,绛绛绛绛绛的店,2026-06-18 16:03:27,web_full,,0
69b4fb3bab6d1e0001c5265a,笔记同款 笔记同款 1翻译,medium,商品已下架/冻结,12000,0.0,WATCH,690b1c9970532b00157acf7c,绛绛绛绛绛的店,2026-06-18 16:03:27,web_full,,0
69b4fb3bab6d1e0001c5265d,笔记同款 笔记同款 1翻译,medium,商品已下架/冻结,12000,0.0,WATCH,690b1c9970532b00157acf7c,绛绛绛绛绛的店,2026-06-18 16:03:27,web_full,,0
696207572abfb100014008b8,北京草桥大兴快轨专线单程,medium,商品已下架/冻结,12000,0.0,WATCH,6960bd35fb82100015eaa764,草桥到大兴专线的店,2026-06-18 16:03:27,web_full,,0
6811e0c6aca44900010aac06,88页仪表板UX线框图sketch，xd格式(包含两个完整的流程图),medium,商品已下架/冻结,11000,0.0,WATCH,66ef843f72275e0015543a1f,每天说设计的店,2026-06-18 13:34:46,web_full,,0
69f75b236eeaf700013fccec,APP作品集UI/UX展示模板figma格式,medium,商品已下架/冻结,11000,0.0,WATCH,66ef843f72275e0015543a1f,每天说设计的店,2026-06-18 13:34:46,web_full,,0
680497251374670001c7ff56,"25个三个样式AI人工智能图标集svg,figma格式",medium,商品已下架/冻结,11000,0.0,WATCH,66ef843f72275e0015543a1f,每天说设计的店,2026-06-18 13:34:51,web_full,,0
6871d4c2f7fa4e0001c79cbd,【前1万单18.8】好快！10天背完3000英语单词 英语单词速记,medium,商品已下架/冻结,11000,0.0,WATCH,644b2bf3ade08100014e9101,TED每日精读的店,2026-06-18 16:03:29,web_full,,0
67e7da33e0db0d0015e8440e,【正版】每个人的花期不同 不必焦虑有人比你提前拥有 摆脱同辈焦,medium,商品已下架/冻结,11000,0.0,WATCH,671eeab933325a0015a4610c,秋之高图书的店,2026-06-18 16:03:30,web_full,,0
680f376dafdaa600018fadf1,MacBook苹果笔记本电脑专用蓝牙无线鼠标pro静音air平板ipad充电,medium,商品已下架/冻结,11000,0.0,WATCH,,,2026-06-18 16:03:31,web_full,,0
6a196109b6178b0001ab3cdd,花犀·MacBook苹果笔记本电脑专用蓝牙无线鼠标pro静音air平板ipad充电,medium,商品已下架/冻结,11000,0.0,WATCH,6781dc419ce1c5001503eded,志满数码的店,2026-06-18 16:05:02,web_full,,0
69ff02df0283e200017087f6,MacBook苹果笔记本电脑专用蓝牙无线鼠标pro静音air平板ipad充电,medium,商品已下架/冻结,11000,0.0,NEW,,,2026-06-18 16:06:35,web_full,,0
69ff02df0283e200017087f3,MacBook苹果笔记本电脑专用蓝牙无线鼠标pro静音air平板ipad充电,medium,商品已下架/冻结,11000,0.0,WATCH,,,2026-06-18 16:06:44,web_full,,0
69d85993287cd50015255c9d,【中高考礼物独立包装】2026新款超大生日创意卡通红包袋新年,medium,商品已下架/冻结,11000,0.0,WATCH,68ac7169549bc40015f0dcbe,美美桑那🐽的店,2026-06-18 16:08:09,web_full,,0
69fc03dc3599c0000103122a,小学期末复习专项练习053【电子版】,medium,商品已下架/冻结,11000,0.0,WATCH,65a0183660b4ac0001024550,小羊同学！的店,2026-06-18 16:08:09,web_full,,0
6a07162604b18d0001267590,小学期末复习专项练习053【电子版】,medium,商品已下架/冻结,11000,0.0,WATCH,65a0183660b4ac0001024550,小羊同学！的店,2026-06-18 16:08:09,web_full,,0
6a07162604b18d0001267587,小学期末复习专项练习053【电子版】,medium,商品已下架/冻结,11000,0.0,WATCH,65a0183660b4ac0001024550,小羊同学！的店,2026-06-18 16:08:09,web_full,,0
6a07162604b18d0001267596,小学期末复习专项练习053【电子版】,medium,商品已下架/冻结,11000,0.0,WATCH,65a0183660b4ac0001024550,小羊同学！的店,2026-06-18 16:08:09,web_full,,0
69fc03dc3599c00001031221,小学期末复习专项练习053【电子版】,medium,商品已下架/冻结,11000,0.0,WATCH,65a0183660b4ac0001024550,小羊同学！的店,2026-06-18 16:08:09,web_full,,0
6921b5b228a012000131ad61,小学期末复习专项练习053【电子版】,medium,商品已下架/冻结,11000,0.0,WATCH,65a0183660b4ac0001024550,小羊同学！的店,2026-06-18 16:08:09,web_full,,0
69fc03dc3599c00001031218,小学期末复习专项练习053【电子版】,medium,商品已下架/冻结,11000,0.0,WATCH,65a0183660b4ac0001024550,小羊同学！的店,2026-06-18 16:08:09,web_full,,0
67d98053085499000149042f,小学期末复习专项练习053【电子版】,medium,商品已下架/冻结,11000,0.0,WATCH,65a0183660b4ac0001024550,小羊同学！的店,2026-06-18 16:08:09,web_full,,0
691c70d5603b4e0001bd681b,小学期末复习专项练习053【电子版】,medium,商品已下架/冻结,11000,0.0,WATCH,65a0183660b4ac0001024550,小羊同学！的店,2026-06-18 16:08:09,web_full,,0
6631dcd5104a390001e394f3,小学期末复习专项练习053【电子版】,medium,商品已下架/冻结,11000,0.0,WATCH,65a0183660b4ac0001024550,小羊同学！的店,2026-06-18 16:08:09,web_full,,0
6631dcd5104a390001e394f0,小学期末复习专项练习053【电子版】,medium,商品已下架/冻结,11000,0.0,WATCH,65a0183660b4ac0001024550,小羊同学！的店,2026-06-18 16:08:09,web_full,,0
6a0d9bfc9f495c0001bf3d69,小学期末复习专项练习053【电子版】,medium,商品已下架/冻结,11000,0.0,WATCH,65a0183660b4ac0001024550,小羊同学！的店,2026-06-18 16:08:09,web_full,,0
69fc03dc3599c00001031203,小学期末复习专项练习053【电子版】,medium,商品已下架/冻结,11000,0.0,WATCH,65a0183660b4ac0001024550,小羊同学！的店,2026-06-18 16:08:09,web_full,,0
6a07162604b18d0001267584,小学期末复习专项练习053【电子版】,medium,商品已下架/冻结,11000,0.0,WATCH,65a0183660b4ac0001024550,小羊同学！的店,2026-06-18 16:08:09,web_full,,0
6a07162604b18d000126758d,小学期末复习专项练习053【电子版】,medium,商品已下架/冻结,11000,0.0,WATCH,65a0183660b4ac0001024550,小羊同学！的店,2026-06-18 16:08:09,web_full,,0
6921b5b228a012000131ad4f,小学期末复习专项练习053【电子版】,medium,商品已下架/冻结,11000,0.0,WATCH,65a0183660b4ac0001024550,小羊同学！的店,2026-06-18 16:08:10,web_full,,0
69fc03dc3599c0000103121b,小学期末复习专项练习053【电子版】,medium,商品已下架/冻结,11000,0.0,WATCH,65a0183660b4ac0001024550,小羊同学！的店,2026-06-18 16:08:10,web_full,,0
6a009ead5a8323000172a376,正宗老树老品种桃子本地毛桃新鲜水果脆甜多汁农家自种产地直发,medium,商品已下架/冻结,11000,0.0,WATCH,69d0cd9725a22b00150b08de,木林森de果园的店,2026-06-18 16:08:11,web_full,,0
69fc03dc3599c00001031215,小学期末复习专项练习053【电子版】,medium,商品已下架/冻结,10000,0.0,WATCH,65a0183660b4ac0001024550,小羊同学！的店,2026-06-18 13:47:53,web_full,,0
692c61f13dc536000173d7e2,小学期末复习专项练习053【电子版】,medium,商品已下架/冻结,10000,0.0,WATCH,65a0183660b4ac0001024550,小羊同学！的店,2026-06-18 13:57:30,web_full,,0
681622b615a1180015f9a6b4,【新版三合一】磁吸十格阵数字分解10/20以内加减凑十法启蒙教具,medium,商品已下架/冻结,10000,0.0,WATCH,660d0f94f0b53500014280f4,启迪图书智慧书屋的店,2026-06-18 16:08:14,web_full,,0
67f5ad1704afe30001b17a37,酒三多书店图书盲盒 99包邮  请理性下单,medium,商品已下架/冻结,10000,0.0,WATCH,652505c47fa15200013b8d2d,a酒三多书店的店,2026-06-18 16:08:15,web_full,,0
654488092ab0f30001f8365f,【全2册】1小时读懂青春期男生女生版儿童性教育成长指导图解书籍,medium,商品已下架/冻结,10000,0.0,WATCH,,,2026-06-18 16:09:33,web_full,,0
659a96eb4207d30001050f47,星火英语 · 正版英语四级真题试卷2026年6月大学4级考试通关全套模拟真题资料,medium,商品已下架/冻结,10000,0.0,WATCH,64f858dadace090001ca50cf,鑫辰图书的店,2026-06-18 16:09:35,web_full,,0
659a96eb4207d30001050f4a,星火英语·正版英语四级真题试卷2026年6月大学4级考试通关全套模拟真题资料,medium,商品已下架/冻结,10000,0.0,WATCH,64f858dadace090001ca50cf,鑫辰图书的店,2026-06-18 16:09:40,web_full,,0
6544880a6ca40d0001ca8e40,【全2册】1小时读懂青春期男生女生版儿童性教育成长指导图解书籍,medium,商品已下架/冻结,10000,0.0,WATCH,64ae5062b20aa10001e6296a,小豌豆童书的店,2026-06-18 16:09:42,web_full,,0
6544880a0d7bb100015d8105,【全2册】1小时读懂青春期男生女生版儿童性教育成长指导图解书籍,medium,商品已下架/冻结,10000,0.0,WATCH,,,2026-06-18 16:09:44,web_full,,0
6686ee877221e10001afa20c,正版英语四级真题试卷2026年6月大学4级考试通关全套模拟真题资料,medium,商品已下架/冻结,10000,0.0,WATCH,,,2026-06-18 16:09:45,web_full,,0
661682424971320001c34658,上海迪士尼天天租车 大童推车 MASTER硕士 0～15岁,medium,商品已下架/冻结,10000,0.0,WATCH,,,2026-06-18 16:11:25,web_full,,0
69fc03dc3599c00001031224,小学期末复习专项练习053【电子版】,medium,商品已下架/冻结,10000,0.0,WATCH,65a0183660b4ac0001024550,小羊同学！的店,2026-06-18 16:11:32,web_full,,0
692c61f13dc536000173d7dc,小学期末复习专项练习053【电子版】,medium,商品已下架/冻结,10000,0.0,WATCH,65a0183660b4ac0001024550,小羊同学！的店,2026-06-18 16:11:32,web_full,,0
6631dcd5104a390001e394fc,小学期末复习专项练习053【电子版】,medium,商品已下架/冻结,10000,0.0,WATCH,65a0183660b4ac0001024550,小羊同学！的店,2026-06-18 16:11:32,web_full,,0
69fc03dc3599c0000103120c,小学期末复习专项练习053【电子版】,medium,商品已下架/冻结,10000,0.0,WATCH,65a0183660b4ac0001024550,小羊同学！的店,2026-06-18 16:11:32,web_full,,0
69fc03dc3599c0000103120f,小学期末复习专项练习053【电子版】,medium,商品已下架/冻结,10000,0.0,WATCH,65a0183660b4ac0001024550,小羊同学！的店,2026-06-18 16:11:32,web_full,,0
6a265f5614e0a0000165fb1c,uu游戏周边盲盒uu币a1,medium,商品已下架/冻结,9364,0.0,NEW,,,2026-06-18 16:14:33,web_full,,0
69782e13eb0d9a0001ce9de6,26教综三色笔记＋默写本＋记忆口诀＋思维导图＋必背人物汇总,medium,商品已下架/冻结,9293,0.0,WATCH,,,2026-06-18 16:14:36,web_full,,0
69782e13eb0d9a0001ce9de0,26教综三色笔记＋默写本＋记忆口诀＋思维导图＋必背人物汇总,medium,商品已下架/冻结,9272,0.0,WATCH,68f85473bbfb32001500f4c3,元宝锦鲤仙女的店,2026-06-18 16:14:36,web_full,,0
69782e13eb0d9a0001ce9dec,26教综三色笔记＋默写本＋记忆口诀＋思维导图＋必背人物汇总,medium,商品已下架/冻结,9222,0.0,WATCH,68f85473bbfb32001500f4c3,元宝锦鲤仙女的店,2026-06-18 16:14:39,web_full,,0
68dce997b56f160001bea9ec,中文献免费学习文献/中英文sci文献课程免费使用文献下载,medium,商品已下架/冻结,9195,0.0,WATCH,68ac62e97fe7590015562c13,小杰文献下载的店,2026-06-18 14:30:17,web_full,,0
68dce997b56f160001bea9f8,中文献免费学习文献/中英文sci文献课程免费使用文献下载,medium,商品已下架/冻结,9191,0.0,WATCH,68ac62e97fe7590015562c13,小杰文献下载的店,2026-06-18 13:55:51,web_full,,0
6a265f5614e0a0000165fb19,uu游戏周边盲盒uu币a1,medium,商品已下架/冻结,9055,0.0,NEW,,,2026-06-18 16:14:46,web_full,,0
6942653048f0e30001e36d7c,26教综三色笔记＋默写本＋记忆口诀＋思维导图＋必背人物汇总,medium,商品已下架/冻结,9026,0.0,WATCH,68f85473bbfb32001500f4c3,元宝锦鲤仙女的店,2026-06-18 16:14:48,web_full,,0
667d2769ef14b90001e062f9,2025新版人民日报伴你阅读小学一到六年级人民日报教你写好文章,medium,商品已下架/冻结,8986,0.0,WATCH,,,2026-06-18 16:16:00,web_full,,0
667d2769ef14b90001e06302,2025新版人民日报伴你阅读小学一到六年级人民日报教你写好文章,medium,商品已下架/冻结,8986,0.0,WATCH,,,2026-06-18 16:16:00,web_full,,0
69685c35be1ced0015d32fb6,【限时特价】新年红包生日仪式感创意红包惊喜礼物压岁包利是包,medium,商品已下架/冻结,8833,0.0,WATCH,,,2026-06-18 16:16:05,web_full,,0
695b987ae2833800019724e5,【踩数字x1车】40欧12．没中有保底！,medium,商品已下架/冻结,8816,0.0,WATCH,,,2026-06-18 16:16:06,web_full,,0
65d2171c6dd2870001ee96a7,备考2026年6月华研英语四六级考试英语真题资料大学四级英语考试,medium,商品已下架/冻结,8758,0.0,WATCH,64f858dadace090001ca50cf,鑫辰图书的店,2026-06-18 16:16:07,web_full,,0
6962045ae30b940015e255c9,打工人摸鱼市集企划高端手绘插画风ppt模板高级感设计素材模版 · 一个目录不含内容,medium,商品已下架/冻结,8732,0.0,WATCH,68eb2506b969df001503dc19,胡图图资料的店,2026-06-18 13:34:44,web_full,,0
6685f72148e1ae0001fab5a2,正品英语四级六级全真试题英语试卷备战2026年6月四级六级真题卷,medium,商品已下架/冻结,8691,0.0,WATCH,,,2026-06-18 16:16:10,web_full,,0
6685f72148e1ae0001fab5a5,星火英语·正品英语四级六级全真试题英语试卷备战2026年6月四级六级真题卷,medium,商品已下架/冻结,8691,0.0,WATCH,64f858dadace090001ca50cf,鑫辰图书的店,2026-06-18 16:16:10,web_full,,0
67a756fbf4d6570001175c20,初中古诗文全解读 7-9年级全国通用同步教材 高效记忆 中考教辅,medium,商品已下架/冻结,8459,0.0,WATCH,,,2026-06-18 16:17:28,web_full,,0
6874dd016fea660001dd4e00,初中古诗文全解读 7-9年级全国通用同步教材 高效记忆 中考教辅,medium,商品已下架/冻结,8434,0.0,WATCH,,,2026-06-18 16:17:30,web_full,,0
65697ca214f2c80001e1e666,《初中英语解题方法速通(全9册)》【送U盘和单词册】,medium,商品已下架/冻结,8371,0.0,WATCH,65694baf9665fd00016df7d0,爪老师英语书院的店,2026-06-18 16:17:32,web_full,,0
694923598162320015eda5f9,各行业商业计划书ppt模板可行性研究分析报告投融资项目企划方案 · 【店长推荐】全套资料打包,medium,商品已下架/冻结,8119,0.0,WATCH,68eb26832e2fd900159d2769,王老师备课小站的店,2026-06-18 13:34:44,web_full,,0
67c96d0e52503c0001239a1e,正版包邮 焦虑症的自救 从神经系统角度出发治愈焦虑症 焦虑症的,medium,商品已下架/冻结,8082,0.0,WATCH,,,2026-06-18 16:18:53,web_full,,0
690c7f16c34eef00153593ea,同款好物 同款好物 翻译,medium,商品已下架/冻结,8074,0.0,WATCH,690b1c9970532b00157acf7c,绛绛绛绛绛的店,2026-06-18 16:18:53,web_full,,0
681727f97ccb230001b31d0f,正版包邮 焦虑症的自救 从神经系统角度出发治愈焦虑症 焦虑症的,medium,商品已下架/冻结,8028,0.0,WATCH,65d2c216cce985000165e64d,小张有间童书屋的店,2026-06-18 16:18:55,web_full,,0
690c7f16c34eef00153593ee,同款好物 同款好物 翻译,medium,商品已下架/冻结,8023,0.0,WATCH,690b1c9970532b00157acf7c,绛绛绛绛绛的店,2026-06-18 16:18:55,web_full,,0
672db571ec68d70001322643,正版包邮 焦虑症的自救 从神经系统角度出发治愈焦虑症 焦虑症的,medium,商品已下架/冻结,7937,0.0,WATCH,65d2c216cce985000165e64d,小张有间童书屋的店,2026-06-18 16:19:03,web_full,,0
67c07a1929b9f70001d401ea,正版包邮 焦虑症的自救 从神经系统角度出发治愈焦虑症 焦虑症的,medium,商品已下架/冻结,7937,0.0,WATCH,65d2c216cce985000165e64d,小张有间童书屋的店,2026-06-18 16:19:03,web_full,,0
6958b94a4e15d600011a5f12,大兴机场到草桥轻轨地铁单程票,medium,商品已下架/冻结,7919,0.0,WATCH,69451434c1962a0015f12527,草桥大兴往返票的店,2026-06-18 16:19:04,web_full,,0
6a106a93ae46040001834c12,大哥的店直播间价格链接-文件袋,medium,商品已下架/冻结,7918,0.0,WATCH,,,2026-06-18 16:19:04,web_full,,0
69c498ce99f8fe000150d06d,考研政治89｜27考研政治全年规划带学！,medium,商品已下架/冻结,7783,0.0,WATCH,66cef18014bb61001536667c,怂怂学姐的店,2026-06-18 16:20:22,web_full,,0
69c3d04046fe2a00013fd653,考研政治89｜27考研政治全年规划带学！,medium,商品已下架/冻结,7767,0.0,WATCH,66cef18014bb61001536667c,怂怂学姐的店,2026-06-18 16:20:23,web_full,,0
68567245c34eef00159d5ab6,【音频伴读】拼音拼读训练幼小衔接小学一年级声母韵母拼音启蒙书,medium,商品已下架/冻结,7605,0.0,WATCH,660d0f94f0b53500014280f4,启迪图书智慧书屋的店,2026-06-18 16:20:32,web_full,,0
685675af0f14430001276282,【音频伴读】拼音拼读训练幼小衔接小学一年级声母韵母拼音启蒙书,medium,商品已下架/冻结,7605,0.0,WATCH,660d0f94f0b53500014280f4,启迪图书智慧书屋的店,2026-06-18 16:20:32,web_full,,0
66fb9cf42c57110001b8af98,马利学院级艺术家级水彩颜料美术生24色0.5ml1ml水彩分装美甲水彩,medium,商品已下架/冻结,7401,0.0,WATCH,,,2026-06-18 16:21:51,web_full,,0
6764c9dac6c20a0001a026b1,Marie's·马利学院级艺术家级水彩颜料美术生24色0.5ml1ml水彩分装美甲水彩,medium,商品已下架/冻结,7401,0.0,WATCH,61d69f8ac16c8f0001edcad9,插画良品的店,2026-06-18 16:21:51,web_full,,0
